﻿Modern Apprenticeships  ,"By the end of September 2004, the number of civil servants undertaking Modern Apprenticeships will be 28 per cent of all staff aged under 25 not qualified to level 2  "
Adult Basic Skills  ,"Within the Skills for Life programme for improving adult literacy, language and numeracy skills, public sector staff were identified as a priority. 10,000 public sector workers will be helped by 2004  "
Leadership and Management  ,The Civil Service Management Board has asked a group of Permanent Secretaries and others from inside and outside the Civil Service to develop an action plan for developing successful leadership. Existing work to improve leadership and management skills across Government includes coaching and mentoring programmes and formal training courses  
Union Learning Representatives  ,"The Public and Commercial Services Union is introducing a project with the Department for Work and Pensions to develop a network of 1,000 Union Learning Representatives to help give its 85,000 members better access to learning opportunities  "
Foundation Degrees   ,"The Home Office, in partnership with Portsmouth University, is offering a Foundation Degree in Policing Studies for Police Officers in Constabularies across England. The Department for Education and Skills is supporting work to develop a Foundation Degree for the Civil Service  "
