﻿Skills for Business Network  ,"Proposals to establish Sector Skills Councils are well advanced in major areas of the public service, including health, justice, lifelong learning, and social care  "
Project Management  ,"Recognising the growing importance of effective project and programme management for public sector staff, the DfES is working with the Association of Project Management to develop a nationally recognised project management qualification  "
Skills for the Health Service  ,"The NHSU aims to offer NHS staff, who do not possess a higher education qualification, the opportunity to study through the NHSU towards a Foundation Degree. Working with Workforce Development Confederations and the LSC, it is also providing literacy, numeracy and English language support for increasing numbers of staff  "
Skills for the  Police Service   ,"There is a national strategy to promote learning in the Police Service. This sets priorities for training in the light of the National Skills Foresight Training Programme, and responds to the skills gaps and shortages identified by the Police Skills and Standards Organisation  "
Skills for the  Armed Forces   ,"The Ministry of Defence (MOD) sponsors armed forces personnel for Modern Apprenticeships and qualifications including National Vocational Qualifications and Foundation, Honours and Post-Graduate Degrees. The MOD has introduced mandatory basic skills screening for all new entrants. They will also be introducing an Enhanced Learning Credit scheme, enabling service personnel to get funding for further or higher education  "
