﻿"Table 3: Main focus of product markets at business level, by percentage of businesses in an industry, 2001  "
,Local  ,Regional  ,National  ,International  ,TOTAL  
"Food, drink and tobacco  ",13  ,19  ,54  ,13  ,100  
"Electrical, electronic and instrument engineering  ",6  ,14  ,45  ,35  ,100  
"Building, civil engineering  ",36  ,42  ,21  ,1  ,100  
Retailing – specialised stores  ,58  ,19  ,19  ,4  ,100  
Hotels  ,19  ,11  ,53  ,16  ,100  
Restaurants and catering  ,72  ,17  ,8  ,2  ,100  
Transport services  ,36  ,16  ,35  ,13  ,100  
Financial services  ,28  ,19  ,36  ,18  ,100  
Computer services  ,7  ,10  ,52  ,30  ,100  
Architecture and engineering related business services  ,10  ,32  ,44  ,13  ,100  
"Total  Source: Geoff Mason (2003), Surveys, National Institute of Economic and Social Research (mimeo).  ",39  ,Enterprise product strategies and employer demand for skills:  21  ,29  ,evidence from Employers Skill  10  ,100  
