﻿Qualifications  ,Funding arrangements to reward all providers equally for basic and key skills learning  ,August 2004  ,LSC  
,Publish Foundation Degree prospectus  ,Autumn 2003  ,"DfES, Higher Education Funding Council for England  "
,Review qualifications by sector and identify which best develop the skills foundation for employability in each sector  ,June 2004  ,"SSDA, Skills for Business Network, QCA  "
,Publish final report of the working group on 14-19 reforms  ,July 2004  ,DfES  
,Reform of vocational qualifications for adults: consultation on the programme of work  ,September 2003  ,"QCA, LSC,  SSDA and UK partners  "
,Implement Modern Apprenticeship quality improvements  ,From July 2003  ,LSC  
Colleges and Training Providers  ,Funding reform:  ,,"DfES, LSC  "
,● Funding by plan pathfinders   ● National roll-out of funding by plan   ● New three year funding agreements concluded    ,August 2004 August 2005  July 2006  ,
,Employer engagement targets for providers agreed  ,Sept 2003  ,LSC  
,Fees:  ,,
,● National fee framework finalised  ,August 2005  ,DfES  
,● Income targets agreed with all providers  ,August 2005  ,LSC  
,400 CoVEs operational   ,March 2006  ,"DfES, LSC   "
