﻿What I want  ,How will I get it?   
I want to decide what training my business needs. I want the Government to help me find it and colleges or training providers to tailor their courses and training packages accordingly  ,"● The Employer Training Pilots give employers greater choice in getting the training they want, with brokerage to help them identify the right programmes for staff with few or no qualifications   ● We will improve quality and effectiveness in further education colleges and other training providers through our Success for All reforms   ● We will reform the LSC funding system to make it easier for colleges and other training providers to tailor courses to employer needs    "
I want to see my profits and productivity improve from the investment I am making in skills  ,"● Sector skills agreements link action on skills and productivity   ● We will make effective diagnostic tools and support services available to make it easier for employers to assess needs and make improvements   ● We will provide clearer information about bottom line benefits based on best practice and using exemplar companies   ● We will publish guidance on how to measure and report on human capital management, including investment in skills   ● We will expand the Investors in People programme    "
My staff can achieve qualifications in a way that suits their needs and the needs of the business  ,"● We will reform qualifications so that they better reflect business needs, and are more flexible   ● Reforms to LSC funding will support these changes in offering more flexible qualifications   ● Employer Training Pilots support training in the workplace    "
"I am getting a joined-up service, in language I can understand, with the different bits of Government working together  ","● The Skills Alliance will bring together Government departments and national agencies, with representatives of employers and unions   ● There will be joint targets and joint monitoring of progress   ● Key regional agencies will work closely together including to deliver business support services    "
