﻿What I want  ,How will I get it?   
"They helped me get back into learning at my own pace, in my own way, without having to go back to school  ","● Adult and community learning is being reformed, with funding to ensure a continuing range of community, leisure and lifelong learning opportunities   ● The work of UK online centres and Ufi/learndirect centres is being brought together to give more choices for ‘returning to learn’   ● Establishment of the Entry to Employment (E2E) programme for 16-18 year olds    "
My education/ training course is giving me the learning/skills I want  ,"● Reforms to curriculum and qualifications in schools, colleges and training providers, Modern Apprenticeships and higher education are providing more vocational options and give stronger focus on employability   ● Wider availability of assessment of existing skills, training to bridge skills gaps, and skills passports   ● Reform of qualifications to support learning in units, with a new credit framework   ● Local and regional agencies will be working together to ensure skills needs are reflected in training programmes   ● More information will be published about the standards of colleges and training providers    "
"I am learning what I need to know, delivered in a way that suits me and my work  ","● More support for e-learning so learners can study at work and at home   ● Wider availability of support to assess existing skills and then train to fill the gaps   ● Skills for Business Network identifying key skills for employment in each sector, and reflecting those in qualifications   ● Employer Training Pilots offer more support for workplace learning   ● We are expanding the network of Union Learning Representatives    "
I have proved to myself that I can do it – and now I am going to do more  ,"● We will establish clear progression routes, from basic literacy and numeracy and first step programmes, through both general and specialist routes at level 2 and level 3, to Foundation Degrees and higher education   ● We will support progression to higher levels of learning, either through the work-based vocational options at levels 4 and 5, or by going into higher education, particularly to study for a Foundation Degree    "
