﻿Delivery Plan  
,Milestone  ,Date  ,Owner  
Employers  ,Consider national approach following evaluation of Employer Training Pilots  ,End 2005  ,"DfES, Treasury  "
,Employer Guide to Good Training released in each local LSC  ,December 2004  ,"DfES, LSC  "
,Leadership and management development programme for SME owner-managers and CEOs launched  ,December 2003  ,"DfES, IiPUK,  SSDA, LSC  "
,Enhanced business support network:  ● First new Business Support products launched  ,June 2003  ,"DTI, DfES  "
,● Remaining Business Support products launched  ,April 2004  ,
,Full Skills for Business Network operational  ,Summer 2004  ,"DfES, SSDA  "
,First sector skills agreements developed  ,End 2004  ,"DfES, DTI,  SSDA, LSC  "
Learners  ,Entitlement to free learning for first full level 2 qualification:  ● Phased introduction begins  ,Sept 2004  ,"DfES, LSC  "
,● National rollout begins  ,Sept 2005  ,
,Pilots of new adult learning grants begin  ,Sept 2003  ,"DfES, LSC  "
,"Action plan agreed for improving information, advice and guidance services for adults  ",December 2003  ,"DfES, LSC, Ufi  "
,Action plan agreed for new approach to funding and planning adult and community learning  ,December 2003  ,"DfES, LSC  "
