﻿Partnerships  ,National Skills Alliance formed  ,July 2003  ,DfES   
,Innovation Review:  ● Initial findings   ● Final report    ,July 2003 Autumn 2003  ,DTI  
,"RDAs, LSC, Small Business Service, Jobcentre Plus put forward proposals for skills partnership structure for each region  ",December 2003  ,"DfES, DTI  "
,"National Employment Panel completes review of link between skills, training and jobs  ",December 2003  ,"DWP, DfES  "
,Strategies for skills in all Government departments  ,April 2004  ,Cabinet Office  
Delivery  ,Skills Alliance reviews key performance targets for shared skills/productivity objectives  ,End 2003  ,"DfES,DTI,DWP  "
,Communication and marketing plan agreed  ,December 2003  ,Strategic Communications Group  
