﻿Fig.  ,1  ,"CO2  emissions per capita worldwide, 2017 (tonnes)  ",12  
Fig.  ,2  ,The ‘Eco-Transformation of Industries Matrix’  ,15  
Fig.  ,3  ,The four categories of environmental friendliness across industries  ,16  
Fig.  ,4  ,"Level of carbon emissions and employment in the UK by industry, 2018  ",21  
Fig.  ,5  ,"Level of environmental activity and employment in the eco-industry (EGSS) in the UK, 2018 (%)  ",23  
Fig.  ,6  ,"Share of employment across categories of eco-transformation in the UK, 2010 and 2018  ",24  
Fig.  ,7  ,"CO2  emissions per capita across regions of the UK, 2017 (tonnes)  ",26  
Fig.  ,8  ,"Employment by region and category of eco-transformation in the UK, 2018 (% of total employment)  ",27  
Fig.  ,9  ,"Employment concentration across categories of eco-transformation in the UK, 2018 (% of total employment)  ",27  
Fig.  ,10  ,"The profile of workers in the four categories of eco-transformation in the UK, 2018  ",31  
