﻿Industry  ,Level of environmental activities  ,Level of carbon emissions  ,Category  
"Agriculture, forestry and fishing  ",0.199  ,0.497  ,Follower  
Mining and quarrying  ,0.003  ,0.872  ,Laggard  
Manufacturing  ,0.032  ,0.281  ,Follower  
"Electricity, gas and water supply  ",1.000  ,0.934  ,Follower  
Construction  ,0.092  ,0.096  ,Follower  
"Wholesale and retail trade, repair of motor vehicles and motorcycles  ",0.000  ,0.078  ,Laggard  
Transportation and storage  ,0.000  ,1.000  ,Laggard  
Accommodation and food service activities  ,0.000  ,0.066  ,Laggard  
Information and communication  ,0.000  ,0.014  ,Neutral  
Financial and insurance activities  ,0.000  ,0.000  ,Neutral  
Real estate activities  ,0.000  ,0.004  ,Neutral  
"Professional, scientific and technical activities  ",0.022  ,0.018  ,Leader  
Administrative and support service activities  ,0.008  ,0.041  ,Neutral  
Public administration and defence;  compulsory social security  ,0.020  ,0.056  ,Leader  
Education  ,0.011  ,0.030  ,Leader  
Human health and social work activities  ,0.001  ,0.049  ,Neutral  
"Arts, entertainment and recreation  ",0.066  ,0.058  ,Leader  
Other service activities  ,0.022  ,0.059  ,Follower  
Median  ,0.009  ,0.058  ,
