﻿Variables  ,Sources  
CO2 emissions by industry  ,OECD (2020)  
Output by industry  ,Eurostat (2020b)  
EGSS output by industry  ,"Eurostat (2020c), ONS (2019b)  "
EGSS employment by industry  ,"Eurostat (2020c), ONS (2019b)  "
Employment by region and industry  ,ONS (2019c; 2020)  
Participation in education and training by age and industry  ,Eurostat (2020e)  
Employment by gender and industry  ,Eurostat (2020a)  
Employment by age and industry  ,Eurostat (2020a)  
CO2  emissions per capita by region  ,ONS (2019b)  
Level of skills by industry  ,ILO (2020)  
