﻿Primary activities:  ,"Desk research, workshops  "
Primary tools:  ,"Horizon Scanning, Driver Mapping, SWOT Analysis  "
Participants:  ,"Subject experts, policy problem holders  "
Number:  ,Say 10 to 12 or more for the Horizon Scanning. Policy problem holders in a workshop  
Timing:  ,"Weeks for Horizon Scanning, short day workshop  "
The approach:  ,"The main steps are  1. Invite team members plus (if appropriate) suitable externals – academics, industry experts, NGOs for example – to do the Horizon Scanning.   2. Establish a file structure for storing and sharing information   3. Gather the individual scans into one document, randomly   4. Gather the team together for a workshop to • review the horizon scans   • identify and map drivers.   • do not identify priority drivers; instead, categorise all drivers in the top two quadrants as either threats or opportunities for the policy area   • for all threats, identify o whether the threat will impact on the policy area in the short, medium or long term [define what timescale you mean]   o the potential outcome and the implication for policy or strategy   o whether the threat is in your control or not   o what action you can take directly or indirectly to mitigate the threat   o who you want to work with or through to deliver that action          "
