﻿Primary activities:  ,"Desk research, interviews, workshops  "
Tools:  ,"Horizon Scanning, 7 Questions, the Issues Paper, Driver Mapping, Roadmapping  "
Participants:  ,"Experts, policy problem holders  "
Number:  ,"No restriction to participation, but best managed by a small research team  "
Timing:  ,Continuing over a number of weeks  
The approach:  ,"The pathway is focused on producing a roadmap that draws together emerging trends to highlight the potential future development of the policy area. The roadmap highlights trends and developments to track over time.  The main steps are:  1. Invite team members plus suitable externals – academics, industry experts, NGOs for example – to join the intelligence gathering team   2. Start 2 strands of activity: Horizon Scanning and 7 Questions interviews. The same people can do both strands – or you can run them discretely.   3. Establish a file structure for storing and sharing information   4. Run both strands for a suitable period of time – say 4 - 6 weeks   5. Gather the individual scans into one document, randomly   6. Prepare an Issues Paper   7. Gather the team together for a workshop to • examine the horizon scans   • review the Issues Paper   • identify emerging issues and themes   • map when the emerging issues and themes are likely to impact on the policy area and how they will impact       "
