﻿,Delphi  Delphi is a consultation process used to gather opinion from a wide group of subject experts about the future and to prioritise the issues of strategic importance  
Aims:  ,➲ To gather opinion from a group of experts   ➲ To refine thinking on the future   ➲ To highlight conflicting views of the future and expectations of the policy   ➲ To highlight the potential trade offs and choices that policy design will need to address    
Approach:  ,Consultation with experts  
Participants:  ,A panel of identified subject experts  
Number:  ,12 to 16  
Timing:  ,Varies but can take several weeks  
Facilitation:  ,Experienced  
Output:  ,A prioritised list of issues for the project to address  
Outcome:  ,Engagement of a group of subject experts who can become advocates for the project  
Good for:  ,➲ Refining the project scope   ➲ Refining the project priorities    
Risk:  ,Medium. May require some negotiation between experts in the final stages  
