﻿Purpose:  ,"To provide Natural England with an evidence base of short-medium change relevant to the natural environment, to identify risks and opportunities and the external context within which we need to deliver our Conservation Strategy 21  "
Tools:  ,Horizon Scanning & Driver Mapping  
Resources:  ,"Ongoing internal programme, using approximately 0.5FTE, led by Futures specialist with input from 3 colleagues at the analysis stage. Insights gathered via a team of 100+ environmental, economic and social science specialists. Insights are captured in a simple metadata table in a word document and stored on a SharePoint page  "
Sponsors:  ,Director of Specialist Services Programme team and Chief Scientist  
Outputs:  ,"Quarterly scans (typically based on 70 to 80 insights) with clusters of change, smaller themes and an annex to map against high-level priorities in our Conservation Strategy 21. Outputs are shared across the Defra futures partnership – Defra, Natural England, Environment Agency, Welsh Government and Food Standards Agency  "
Successes:  ,"Gathering insights from within the organisation with no outside costs, upskilling specialist staff, producing regular outputs which have been used at Director and Board level. Quarterly scans leading to internal commissions for topic scans on specific issues. Widely used example of effective cross team working and a good exchange of futures evidence with the Environment Agency, a key partner  "
Challenges:  ,"Without access to a horizon scanning database the work to capture and record insights is labour intensive. It has taken 6 months to get a regular flow of insights from specialists. In looking ‘beyond the horizon’ our Futures specialist has joined the Association of Professional Futurists, subscribes to the Shaping Tomorrow newsletters and participates in an annual Horizon Scan of Global Conservation Issues run by Cambridge University  "
