﻿,Scenarios  Scenarios are stories that describe alternative ways the external environment might develop in the future. Each scenario explores how different conditions might support or constrain delivery of policy and strategy objectives  
Aims:  ,"➲ To explore alternative ways that a particular policy area might develop in the future   ➲ To consider how key actors – government, businesses, citizens, competitors – might behave under different conditions   ➲ To identify the key requirements of policy under different conditions    "
Approach:  ,A combination of workshop discussion with additional research to support writing the narratives  
Participants:  ,People with an interest in the policy area  
Number:  ,Works best with groups of 12 or more   
Timing:  ,2 to 3 hours  
Facilitation:  ,Experienced  
Output:  ,Scenario narratives  
Outcome:  ,A shared understanding of the dynamics of change and the options and choices facing stakeholders under different market conditions  
Good for:  ,➲ Building shared understanding of the dynamics of change   ➲ Rehearsing future decisions and trade offs   ➲ Gaining insight into opportunities and threats in different futures    
Risk:  ,"Medium. Scenario building allows participants to explore different perspectives. Scenarios do, however, challenge the status quo and may need to be communicated carefully  "
