﻿
Primary activities:  ,Workshop  
Tools:  ,"Driver Mapping, Axes of Uncertainty, Scenarios, Policy Stress-testing (collectively sometimes referred to as Scenario Building)  "
Participants:  ,People with responsibility for the policy or strategy area. Some external experts will add value  
Number:  ,16  
Timing:  ,1.5 days. Can be run as a full day plus half day or as three half days  
The approach:  ,The aim of this pathway is to develop a new set of scenarios that reflect the changing dynamics of the policy area and use them to test policy options.  The main steps are:  1. Brainstorm drivers shaping the policy area in the future  
Steps 1 to 3 take half a day  ,2. Map the drivers to identify predetermined elements and critical uncertainties   3. Focus on the critical uncertainties and identify the main Axes of Uncertainty    
Step 4 takes half a day  Step 5 takes 2 hours  ,"4. Create a scenario matrix and develop four scenarios   5. Use the scenarios to test the policy options for the new policy area   6. Produce a workshop report that documents the process, the scenarios and the outcomes of the Policy Stress-testing exercise. Record, in particular, any suggested modifications to the policy options. Circulate the report to all participants    "
Output:  ,A set of bespoke scenarios and policy options  
