﻿Purpose:  ,To provide Health Education England (HEE) with the evidence it needs to underpin its workforce development strategies and long-term investment decisions  
Tools:  ,Horizon Scanning; Evidence Base Development; Demand Driver Mapping  
Resources:  ,"Ongoing internal programme with approximately 2 FTE, although this varies as staff members have other responsibilities. Some access to analytical staff to support specific work programmes  "
Sponsors:  ,Director of Strategy; Director of Workforce Intelligence  
Outputs:  ,HEE’s Strategic Framework  Internal Horizon Scanning Bulletin (produced bi-monthly shared across HEE’s national and local offices)  Weekly Alert Scanning (currently shared within Strategy Team to identify areas for further investigation)  Evidence Base (ongoing development for reference purposes)  
Successes:  ,Development and adoption of HEE’s Strategic Framework (see above) with excellent national and international feedback.  Production and dissemination of HEE’s internal Horizon Scanning Bulletin with excellent feedback  
Challenges:  ,Difficult to get people to lift their heads from firefighting current issues in order to focus on future opportunities  Finding sufficient robust quantitative research to build into our analysis Turning the vision of the Strategic Framework into practical steps to implementation  Resourcing – staff consistently being pulled off strategic and Horizon Scanning work to deal with operational issues Accessing training on tools and models for Horizon Scanning  
