﻿
Primary activities:  ,Desk research leading to a workshop to determine the vision  
Tools:  ,"Horizon Scanning, Driver Mapping, Visioning  "
Participants:  ,Members of the policy team who are new to futures (experienced team members can participate as well)  
Number:  ,Between 6 and 16  
Timing:  scanning  ,5 hour workshop. 4-6 week lead time if participants also carry out  
The approach:  ,"The heart of this pathway is a one day workshop where participants use Driver Mapping and Visioning. If there is time, participants should carry out Horizon Scanning before the workshop. If there is no time – and if one is available – participants can read a Horizon Scanning paper instead  The main steps are  1. If there is time, invite participants to carry out Horizon Scanning around the policy area. There is an option to use the tool as an individual learning exercise rather than a shared information gathering exercise if time is limited (i.e., participants do not need to share abstracts). If there is no time for Horizon Scanning, give participants an existing Horizon Scanning paper to review prior to the workshop.   2. Run a workshop where participants • brainstorm drivers shaping the policy area in the future   • map the drivers to identify predetermined elements and critical uncertainties   • use the mapping exercise to identify key factors for the vision   • determine the vision   • determine what need to be done to achieve the vision      3. Produce a report that sets out the conclusions of the workshop and records the consolidated vision. Send it to all participants    "
Output:  ,A workshop report which sets out an agreed ambition of the future  
