﻿7 Questions:  ,an interview technique for gathering the strategic insights of a range of internal and external stakeholders  
Actors:  ,"individuals and organisations – government, businesses, citizens, for example – that are active in the policy or strategy area  "
Axes of Uncertainty:  ,used to define the critical uncertainties for the policy or strategy area in the future and to frame the scenarios  
Backcasting:  ,determining the steps that need to be taken to deliver a preferred future  
Brainstorm:  ,"a process used in workshops or conversations to develop a long list of issues, drivers or ideas. Participants add to the list by building on each other’s ideas. The ideas are evaluated after the brainstorm is complete  "
Critical uncertainty:  ,a driver or issue that is important for a given policy or strategy area but which has an uncertain outcome  
Delphi:  ,a consultation process used to gather opinion about the future from a wide group of subject experts and to prioritise strategic issues  
‘Day in the life of’:  ,a ‘day in the life of’ narrative (sometimes shortened to DILO) is a used to illustrate how the conditions in a given scenario might shape the life of a individual stakeholder or a range of different stakeholders. DILOs can be used alongside scenario narratives to add detail and interest or they can form the central narrative itself. GO-Science used DILOS (called ‘personas’) in the Future Identities report (boxes 3.1 and following)  
Driver Mapping:  ,"used to identify the political, economic, societal, technological, legislative and environmental (PESTLE) drivers shaping the future policy environment  "
Driver:  ,a current or emerging trend that is likely to shape (have an impact on) development of the policy or strategy area  
Event:  ,something of significance in the policy or strategy space that suggests the world is moving in a particular direction  
Facilitator(s):  ,"the individual(s) with responsibility for designing, managing and delivering the futures workshop  "
Futures:  ,"an approach or way of thinking about the possible, probable, and preferable futures and the underlying structures that could give rise to particular future characteristics, events, and behaviour  "
Foresight:  ,"a process by which one comes to a fuller understanding of the forces shaping the long-term future which should be taken into account in policy formulation, planning and decision making (from Coates, J.F., 1985. Foresight in federal government policy making. Research Futures Quarterly 1, 29–53.)  "
Groupthink:  ,"the practice of thinking or making decisions as a  group, typically resulting in unchallenged and poor-quality decision-making  "
Horizon Scanning:  ,the process of looking for early warning signs of change in the policy and strategy environment  
Internally consistent:  ,scenario narratives that contain reinforcing messages about the future and do not include events that cannot happen within the scenario logic  
Intuition:  ,"the belief that something is going to be strategically important in the future, even when there is insufficient evidence to prove that it will be  "
Issues Paper:  ,a paper that presents quotes from the interviews to illustrate the strategic issues and choices around the policy and strategy agenda  
Pathway:  ,a combination of tools designed to meet a particular business need  
PESTLE:  ,"a generic term for the drivers shaping the future policy environment. PESTLE is an acronym which stands for Political, Economic, Societal, Technological, Legislative and Environmental drivers. There are a number of common variants which describe the same drivers or a subset of them – PEST, STEP, STEEP, STEEPL – and some (PESTO, PESTOLE, for example, where the O stand for Organisational) which introduce additional drivers.  "
Policy Stress-testing:  ,a method for testing strategic objectives against a set of scenarios to see how well they stand up against a range of external conditions.  Sometimes called ‘Windtunnelling’  
Predetermined element:  ,a driver or issue which has both a high impact on the given policy or strategy area and a certain outcome  
Roadmapping:  ,"shows how a range of inputs – research, trends, policy interventions, for example – will combine over time to shape future development of the policy or strategy area of interest  "
Scan:  ,"(noun) an article, usually part of a Horizon Scanning process, that describes an external event or emerging trend that points towards change in the policy and strategy environment  (verb) to look for articles that describes an external event or emerging trend that points towards change in the policy and strategy environment  "
Scanner:  ,"an individual who scans, usually as part of a structured process  "
Scenarios:  ,stories that describe alternative ways the external environment might develop in the future and how different market conditions might support or constrain the delivery of policy and strategy objectives  
Scenario matrix:  ,a 2x2 matrix that is constructed by juxtaposing two priority axes of uncertainty and that defines the parameters of a set of scenarios   
Stakeholder:  ,any group or individual who has an interest in or an influence on the policy or strategy area  
SWOT Analysis:  ,"identifying the relevant Strengths, Weaknesses, Opportunities and Threats. Strengths and weaknesses are internal factors that need to be taken account of when developing policy or strategy. Opportunities and Threats are external factors that need to be considered  "
Timeline:  ,a method for presenting a series of events leading to a scenario or a vision that orders those events relative to each other and to time  
Trend:  ,"a visible – or emerging – pattern of events that suggest change. In futures thinking, a ‘trend’ becomes a ‘driver’ when it acts on the policy or strategy area of interest  "
Visioning:  ,creating a set of common aims and objectives for a project and describing what the future will be like (the vision) if they are delivered  
