﻿,The Issues Paper  The Issues Paper presents quotes from the 7 Questions interviews to illustrate the strategic issues and choices around the policy area  
Aims:  ,➲ To set out the main ideas and issues surrounding the policy area that were identified in the interview programme   ➲ To identify the emerging themes that need to be tackled   ➲ To highlight conflicting views of the future and expectations of the policy   ➲ To highlight the potential trade offs and choices that policy design will need to address    
Approach:  ,Select key quote from the interviews and organise them by theme  
Participants:  ,The Issues Paper is developed by the project team  
Timing:  ,Varies – can take several weeks  
Facilitation:  ,Advanced beginner  
Output:  ,An Issues Paper (or slides) that capture different perspectives of what success in the future will be like and what needs to be done to achieve it  
Outcome:  ,Qualitative analysis of stakeholder perspectives and of the strategic challenges and choices or policy development  
Good for:  ,➲ Providing a snapshot of current thinking and different perspectives   ➲ Highlighting areas of agreement and disagreement   ➲ Highlighting sensitive issues    
Risk:  ,Medium. Some issues raised in the interview programme may be politically sensitive and may need to be handled carefully  
