﻿,"Roadmapping  Roadmaps show how a range of inputs – research, trends, policy interventions, for example – will combine over time to shape future development of the policy or strategy area of interest  "
Aims:  ,➲ To build a holistic picture of the different elements in a project and how they combine over time   ➲ To deepen understanding of the complex connections and relationships between different elements    
Participants:  ,"As a desk exercise, the issue holder or full project team. As a workshop discussion, key stakeholders and subject experts  "
Number:  ,"In a workshop, can be done with groups of 4 to 6  "
Timing:  ,Flexible. Can be delivered over the life of the project  
Facilitation:  ,Advanced beginner  
Output:  ,A roadmap of relevant issues set out over time and connected to related strands of evidence and driver developments  
Outcome:  ,"More holistic thinking about the policy area and clearer insight into the connections, relationships and causal links between policies and exogenous factors  "
Good for:  ,➲ Creating insight   ➲ Developing a holistic approach to policy   ➲ Preparing for the impact of related – and sometimes unrelated – policies on the policy or strategy areas of interest    
Risk:  ,Medium. The main risk is that the roadmap can become ‘the plan’. The roadmap is as good as the intelligence built into it  
