﻿,"Policy Stress-testing  Policy Stress-testing is a method for testing policy, strategy or project objectives against a set of scenarios to see how well the objectives stand up to a range of external conditions   "
Aims:  ,➲ To explore how different contextual conditions might affect what different stakeholders want from a policy or strategy   ➲ To explore how different contextual conditions might alter the relative importance of elements of a proposed policy or strategy   ➲ To identify which objectives are robust across the full range of scenarios and which will need to be modified if conditions change   ➲ To identify what external events will trigger modifications and what those modifications are likely to be    
Approach:  ,Workshop discussion that builds on the scenarios  
Participants:  ,People with responsibility for the policy or strategy area. Participants don’t need to have developed the scenarios directly  
Number:  ,Up to 16  
Timing:  ,1.5 to 2 hours  
Facilitation:  ,Experienced  
Output:  ,"Feedback on how a new or existing policy, strategy or project might be affected in different scenarios and how it might need to be modified to ensure resilience across a range of future conditions  "
Outcome:  ,"A more resilient policy, strategy or project  "
Good for:  ,"➲ Focussing participants on policy, strategy or project objectives   ➲ Testing the robustness of those objectives   ➲ Identifying events that will trigger the need for policy adjustment    "
Risk:  ,Low. Policy Stress-testing is advisory rather than prescriptive  
