﻿,Visioning  Visioning is used to create a set of common aims and objectives for a project and to describe what the future will be like if they are delivered  
Aims:  ,➲ To focus groups on what a successful outcome looks like   ➲ To agree what the current reality is and what therefore needs to be done to deliver success   ➲ To set out and prioritise the steps required to achieve the vision    
Approach:  ,Workshop/group discussion  
Participants:  ,Anyone with a stake in the issue  
Number:  ,"Ideally needs to be 6 or more. There is no real upward limit, since large groups can divide into breakout groups   "
Timing:  ,2 to 3 hours as a standalone activity  
Facilitation:  ,Advanced beginner  
Output:  ,A shared vision and the steps required to achieve it  
Outcome:  ,"A shared aspiration. Agreement on what needs to be done to achieve it; and, if there are areas of disagreement or uncertainty, these are clearly identified.  "
Good for:  ,➲ Clarifying expectations   ➲ Building a shared sense of purpose   ➲ Highlighting what is important in the short term and what can wait until later   ➲ Identifying the scale of change required for success    
Risk:  ,Low  
