﻿,"SWOT Analysis  SWOT Analysis identifies the relevant Strengths, Weaknesses, Opportunities and Threats. Strengths and weaknesses are internal factors that need to be taken account of when developing policy or strategy. Opportunities and Threats are external factors that need to be considered  "
Aims:  ,➲ To identify what needs to be done to capture and build on opportunities   ➲ To identify what needs to be done to mitigate threats   	➲ To identify internal priorities and challenges    
Approach:  ,"Primarily a workshop/group discussion tool, but can support desk research  "
Participants:  ,Best developed with those involved in developing policy or strategy  
Number:  ,6 or more   
Timing:  ,60 minutes  
Facilitation:  ,Novice  
Output:  ,Analysis of the issues facing the policy or strategy team going forwards  
Outcome:  ,Clear insight into the shifting dynamics in the external environment and what they mean for the policy area  
Good for:  ,➲ Deciding what to prioritise in the policy or strategy area   ➲ Identifying barriers to success   ➲ Identifying emerging opportunities    
Risk:  ,Low  
