﻿Tool  ,Use it to  ,Time required  
Horizon Scanning  is the process of looking for early warning signs of change in the policy and strategy environment  ,• involve a wide group of people in futures thinking   • gather a data bank of ideas about trends and events shaping the future    ,• run it over a number of weeks as a one off exercise   • run it throughout a project to build strategic intelligence about change in the external environment    
7 Questions is an interview technique for gathering the strategic insights of a range of internal and external stakeholders  ,• identify conflicting or challenging views of the future   • extract deep information about underlying concerns in a policy area   • stimulate individuals’ thinking in preparation for a futures workshop    ,• 60 minutes to conduct each interview   • 60 minutes to write up each interview    
The Issues Paper presents quotes from the 7 Questions interviews to illustrate the strategic issues and choices around the policy and strategy agenda  ,• capture different perspectives from the 7 Questions interviews about what success in the future will be like and what needs to be done to achieve it  ,• allow 20 to 30 minutes to process each of the 7 Questions interview per interview  
Delphi is a consultation process used to gather opinion from a wide group of subject experts about the future and to prioritise the issues of strategic importance  ,• gather opinion from a group of experts   • refine thinking on the future   • highlight the potential trade offs and choices that policy design will need to address    ,• varies. Can take several weeks  
