﻿Primary activities:  ,"Desk research, workshops  "
Tools:  ,"Horizon Scanning, Driver Mapping, Axes of Uncertainty, Scenarios, SWOT Analysis, Roadmapping. Depending on the scale of this pathway, 7 Questions can add value to the process  "
Participants:  ,"Experts, policy problem holders, those with responsibility for communicating or managing a specific policy area  "
Number:  ,"As many as required. The pathway can be divided up; different people can participate in different stages. Some may only do Horizon Scanning, some may only develop scenarios or a roadmap  "
Timing:  ,As required. Weeks for Horizon Scanning and for building the roadmap. The scenarios can be built in one workshop or over a period of time  
The approach:  ,"This pathway is highly customizable to need. It can involve as few or as many people as required. It can be used to build detailed understanding of the dynamics of change in a small group of individuals who then communicate it more widely – or it can be used as a large scale learning exercise to build understanding of, and promote discussion about, the dynamics of change  If the primary objective is to build detailed understanding of the dynamics of change in a small group of individuals who then communicate it more widely, run the methodology (set out on the next page) with that team.  If, on the other hand, the primary objective is to manage a large scale learning exercise with a cohort of policy or strategy partners in order to explore and deepen understanding of the dynamics of change, run the methodology with a large group.  "
