﻿,Horizon Scanning  Horizon Scanning is the process of looking for early warning signs of change in the policy and strategy environment  
Aims:  ,➲ To gather information about emerging trends and developments that could have an impact on the policy or strategy area in the future   ➲ To explore how these trends and developments might combine and what impact they might have   ➲ To involve a range of people in futures thinking and increase their knowledge and insight about the changing policy environment    
Approach:  ,Combines desk research and – if required – workshop discussion  
Participants:  ,Anyone you want to involve in futures work. Participants can come from inside or outside the team or organization  
Number:  ,No restriction  
Timing:  ,Best run over several weeks. Can be run throughout the project to build intelligence about the changing external environment  
Facilitation:  ,Novice  
Output:  ,Individual scans gathered into a horizon scanning report. Scans can be presented by theme or set out randomly  
Outcome:  ,Horizon Scanning helps participants read news articles and journals differently and to develop a long term perspective  
Good for:  ,➲ Engaging people in the futures process   ➲ Gathering a range of opinion     
Risk:  ,"Low. The main risk is not including important or insightful stakeholders, resulting in missed content and lowered credibility  "
