﻿Purpose:  HMRC Futures Team  ,"To engage HMRC policy, strategy and operational colleagues; informing them of relevant projected changes in the external environment and embedding this in operational decision making, strategy/policy development and risk mitigation activities  "
Tools:  ,Horizon Scanning  
Resources:  ,The team is a dedicated unit of 5 full time staff  
Sponsors:  ,"The team was initially set-up with the support of ExCom level sponsors. Changes in the external environment is now an ExCom level risk, so it overseen at a senior level through this risk  "
Outputs:  ,"HMRC ‘mega-trends’ is our key product. They are the 23 key trends/drivers with the potential to impact on HMRC now and in the future (i.e. automation, ageing population, changing business structures). Information and projections for each trend is included in ‘mega-trend foresight packs’ which are developed through engagement with internal stakeholders and research  "
Successes:  ,"➲ Creation of an HMRC Horizon Scanning network with stakeholders from across the department   ➲ ExCom level risk co-managed by our team to mitigate against HMRC not recognising/addressing changes in the external environment   ➲ Partnership with HMRC intelligence services to offer tools and techniques for Horizon Scanning to help assure policy/strategy development within HMRC. E.g. with small business and hidden economy   ➲ Series of workshops with internal stakeholders on the future of sectors   (e.g. retail) and what impact this will have on tax collection   ➲ Working with business planners to upskill their knowledge of external trends/drivers. This will ensure they can become ‘intelligent customers’ to policy/strategy colleagues when developing the annual business plan   ➲ Provide Horizon Scanning training, so business areas can develop without our support    "
Challenges:  ,"Engagement with internal stakeholders. The team has been in existence for 2½ years and a real challenge has been engaging policy/strategy/ operational colleagues to ensure they understand the value of Horizon Scanning work. This is especially difficult in a political environment where colleagues are requested to come up with short-term solutions in a quick time period. We have overcome this by presenting and engaging colleagues to demonstrate value over a longer time period and by tailoring our mega-trends to include trends in evidence now (e.g. changing working patterns), which has made it easier to understand. This continues to be a challenge  The other challenge is that HMRC is a huge department, regularly changing staff/organisation. As a small team we can only target a finite numbers of business areas, and it can be a challenge to ensure we are targeting the right areas/processes.  "
