﻿,Axes of Uncertainty  Axes of Uncertainty are used to define the critical uncertainties for the policy area in the future and to frame the scenarios  
Aims:  ,➲ To characterise the nature of the critical uncertainties facing the policy area in the future   ➲ To agree which critical uncertainties are most important   ➲ To create a meaningful and focused scenario matrix    
Approach:  ,Workshop discussion  
Participants:  ,People with an interest in the policy area  
Number:  ,Works best with groups of 12 or more. Can be done with smaller groups  
Timing:  ,90 minutes  
Facilitation:  ,Experienced  
Output:  ,The scenario matrix  
Outcome:  ,A shared model of the future policy space  
Good for:  ,➲ Making the dynamics of change explicit   ➲ Building shared understanding of the dynamics of change    
Risk:  ,Medium-High. The output from this exercise is a scenario matrix that will frame the discussion of the future scenarios. It is important to ensure the matrix is meaningful for the policy area and that it will define scenarios that tackle the relevant issues and stretch thinking  
