﻿,7 Questions  7 Questions is an interview technique for gathering the strategic insights of a range of internal and external stakeholders.  
Aims:  ,➲ To identify strategic issues that need to be addressed in the futures work programme   ➲ To stimulate individuals’ thinking in advance of a futures workshop   	➲ To involve people who cannot take part in futures workshops   	➲ To identify conflicting views of the future    
Approach:  ,"Confidential interviews. Ideally carried out by 2 people, one to lead the interview and one to take detailed notes  "
Participants:  ,Anyone you want to involve in futures work. They can come from inside or outside the team or organization  
Number:  ,No restriction  
Timing:  ,Interviews last approximately 60 minutes The interview programme is best run at the start of a futures process but can continue throughout  
Facilitation:  ,Novice  
Output:  ,Different perspectives of what success in the future will be like and what needs to be done to achieve it  
Outcome:  ,Engagement in the futures process  
Good for:  ,➲ Building enthusiasm for the futures process   ➲ Developing your understanding of the different issues and opinions to be addressed in the project   ➲ Extracting deep information about underlying concerns    
Risk:  ,Low. The main risk is not including important or insightful stakeholders  
