﻿,Backcasting  Backcasting is a method for determining the steps that need to be taken to deliver a preferred future   
Aims:  ,➲ To agree a preferred future    ➲ Identify what needs to change between the present and the preferred future   ➲ Build a timeline that sets out the key changes   ➲ Determine and address the key internal and external factors that might affect the timing or scale of change    
Approach:  ,Workshop discussion that builds on scenarios or on a vision  
Participants:  ,People with responsibility for the policy or strategy area. Participants don’t need to have developed the scenarios or vision directly  
Number:  ,"16 to 24 is optimal, but the process can be adapted to more or fewer participants   "
Timing:  ,4 to 4.5 hours  
Facilitation:  ,Experienced  
Output:  ,A shared view of the future and a the steps required to deliver it  
Outcome:  ,A plan to achieve future success with prioritised steps.  
Good for:  ,➲ Building shared purpose   ➲ Identifying what is in a team’s control and what is not   ➲ Determining who outside the team needs to be involved in making the future happen   ➲ Creating a realistic picture of the scale of the task ahead    
Risk:  ,Medium. It’s important to be honest about what is in the team’s control  
