﻿,PM  ,UC  ,TT  ,GI  
Reduced personal freedoms and choice prevail over increased societal obligations and constraints (social capital/civic participation)  ,,,,
Tolerance of others in society/ value diversity/ reduced fear/ desire for reduced inequality prevails over increased individualism  ,,, (local) (national)  ,
Respect for family structures (increased H/H size/ reduced social and geographical mobility)  ,,,,
Active ageing and respect for older people  ,,,,
Less desire for personal space prevails over communal living and travelling  ,,,,
Respect for Government and key institutions / enfranchised  , , (local) (national)  , (local) (national)  ,
Trust in science and technology  ,,,,
Willingness to give up privacy and take risks  ,,,,
Positives around role of media in society – influential  ,,,,
Throw away culture prevails over concerns about environmental waste  ,,,,
Concern about climate change  ,,,,
