﻿Purpose:  ,To provide a foresight capability to the Health and Safety Executive (HSE) to identify new and emerging issues in order to inform specialists and policy colleagues of potential future workplace health and safety risks  To offer a foresight service to external bodies  
Tools:  ,Horizon Scanning; Driver Mapping; Delphi; Axes of Uncertainty; 7 Questions; Scenarios; Policy Stress-testing; SWOT Analysis  
Resources:  ,A dedicated team of about 5.1 FTE futures and knowledge management staff in the Foresight Centre  
Sponsors:  ,HSE’s Chief Scientific Adviser  
Outputs:  ,"Internal reports, external customer reports, workshops, peer reviewed and other publications, presentations, annual report, website pages and intranet community, targeted and general scanning  "
Successes:  ,Influence HSE research programmes and divisional plans; short reports on selected topics; Horizon Scanning for external government customer; scenario project for European Union customer  
Challenges:  ,Identifying and reaching internal customers; convincing senior colleagues of the importance of findings and informing people of the issues that they are not aware of  
