﻿Purpose:  ,"To provide the Environment Agency with an evidence base of potential risks and opportunities in order to help inform strategy, provoke discussion and shape thinking  "
Tools:  ,Horizon Scanning & Cluster Analysis  
Resources:  ,"Ongoing internal programme, using approximately 3FTE, with input from subject specialists as required  "
Sponsors:  ,Director of Research Assessment & Evaluation  
Outputs:  ,"Quarterly scans (typically based on 80 to 100 insights) with clusters of change, emerging issues and wildcards. These are mapped against evidence action plans. Outputs are shared across the Defra futures partnership – Defra, Natural England, Environment Agency, Welsh Government and Food Standards Agency.  Delphi based reporting, including and annual exercise on issues of importance to incident management, and an ad hoc piece on workforce planning. This is run by the Horizon Scanning team, using 15 to 20 specialists from across the organisation who supply and prioritise issues for consideration at business board level  "
Successes:  ,"The Environment Agency has a bespoke horizon scanning database that can be shared with other organisations. The Horizon Scanning team participates in an annual Horizon Scan of Global Conservation Issues run by Cambridge University, and has had a number of topics featured in the paper. We are an active contributor to cross team working and have a good exchange of futures evidence with Natural England, a key partner.  "
Challenges:  ,Limited resources has meant the Horizon scanning team has been unable to further develop the in house database as they would wish  
