﻿Purpose:  ,"To better inform stakeholders and research leads as to the potential uses of emerging novel technologies, the timeframes over which these might occur, and the advisory stances stakeholders may wish to adopt  "
Tools:  ,Emerging Technology Matrix (ETM)  
Resources:  ,"Part of the Defence & Security Implications of Emerging Technologies (DIET) Programme. Comprises ~1FTE led by a technology manager and Horizon Scanning specialist, with support from 3 dedicated staff and a distributed, informal network across the organisation  "
Sponsors:  ,Chief Scientist  
Outputs:  ,"The current (developmental) incarnation of the Matrix is in a testing phase (as at April 2017). This comprises a comprehensive ‘back-end’ database with extended abstracts detailing the applications of the technologies, their level of maturity, and the degree of ‘certainty’ with which the analysis was made. At the ‘front-end’ is an intuitive graphic user interface that allows users to search or browse the database, setting user defined parameters such as the ‘time to impact’ relevance to particular domains (currently defence related) and stance (lead, follow, watch, counter) preferences. The ETM is being evaluated by a representative testing panel, both on standalone machines and on MODs D-Cloud network with a view to rolling out more broadly.  Input sources are various, including internal alerts (ie through specialist networks), open-source S&T aggregators, meta-analyses of data from eg TTCP, NATO, DARPA etc, and bespoke external contracts with RAND and Shaping Tomorrow. Outputs from the latter are socialised via Dstl’s internal Wiki-based platform. Staff involved in such data mining and harvesting are aware that weak signals and wildcards are significant to this process  "
Successes:  ,Networking across Dstl /MOD and more widely across OGDs to share data.  The uptake of the Horizon Scanning process by the Front Line Commands and their endorsement through further funding for maintenance and further development.  Utilisation of tools developed as part of this process in analysing cross-departmental data sets to produce heat maps etc (as part of the Emerging Technologies Community of Interest function etc).  
Challenges:  ,"Externalisation of the final product (i.e., due to server hosting and software compliance factors).  Sufficient subject matter expert resources to review findings and compile abstracts.  "
