﻿Business need:  ,Building futures intelligence  
Aim:  ,"To develop a deep understanding of the underlying issues that will shape the policy area in the near, mid and long term  To use that understanding to scope the policy development process  "
Primary activities:  findings  ,Desk research and interviews followed by a workshop to discuss the  
Tools:  ,"Horizon Scanning, 7 Questions, Issues Paper  "
Participants:  ,"Internal stakeholders, external stakeholders, subject experts  "
Number:  ,No limit  
Timing:  ,Several weeks  
The approach:  ,"A project managed round of intelligence gathering and analysis The main steps are  1. Invite team members plus suitable externals – academics, industry experts, non-government organisations (NGOs) for example – to join the intelligence gathering team.   2. Start 2 strands of activity: Horizon Scanning and 7 Questions interviews. The same people can do both if you choose.   3. Establish a file structure for storing and sharing information   4. Run both strands for a suitable period of time – say 6 to 8 weeks   5. Gather the individual scans into one document, randomly   6. Prepare an Issues Paper   7. Gather the team together for a workshop to • examine the horizon scans   • review the Issues Paper   • identify emerging issues and themes   • identify the implications for the policy areas      8. Produce a workshop report that summarises all strands of work and highlights the implications for scoping or defining the policy areas    "
Output:  ,"A horizon scanning report, an Issues Paper and a workshop report highlighting the implications for scoping or defining the policy areas  "
