﻿Purpose:  ,"To provide the Forestry Commission with insight into possible short to long term changes affecting externalities to the operating environment,  e.g. markets, skills, business development, climate, technology and the organisation’s internal responses via three to five year business planning. Essentially: What? So what? Now what?  "
Tools:  ,Horizon Scanning (PESTLE)  
Resources:  ,Internal programme on an approximately 6 month cycle to link to business planning. Managed by a Policy Adviser as a part of their Forward Job Plan and primarily involving the Policy and Advice team and engaging Senior Managers and the Forest Services Board  
Sponsors:  ,"Head of Policy and Strategy, Forest Services  "
Outputs:  ,Bi-annual scans with a high level ‘headline’ precis for reference by senior management  
Successes:  ,"A process is being established that engages senior staff across the organisation and links to the aims and objectives of the organisation. The process has intrinsically helped widen people’s understanding of the drivers that will influence the PESTLE context for the Forestry Commission over the coming years and helped people look up from their ‘day jobs’ to consider the bigger picture. Involvement in the HoHS group has helped promote the relevance, scope and value of Horizon Scanning  "
Challenges:  ,"Recent developments e.g. EU Exit have focused people’s energies very much on the short term and away from the longer and wider operating context. Risk of ‘engagement fatigue/ friction’ with and differentiation between other processes having longer time frames, e.g. forestry sector and other elements of the Forestry Commission’s e.g. Forest Research involvement in the Science and Innovation Strategy (SIS) review process  "
