﻿Primary activities:  ,Workshop  
Tools:  ,Policy Stress-testing  
Participants:  ,People with responsibility for the policy or strategy area. Participants will work with scenarios but don’t need to have developed them.  
Number:  ,Between 6 and 16  
Timing:  ,1.5 – 2 hours  
The approach:  ,"The aim of this pathway is to use a set of scenarios to test policy options.  The scenarios may have been developed as part of a project to explore the future of this policy area; or policy makers may want to use a generic set of scenarios as a context for the conversation.  If the latter is the case, the facilitator will need to find a suitable set of existing scenarios and customise them to the needs of the project. Existing scenarios do not need to be specific to the policy area; any (broadly) up to date socio-economic scenarios will work well.  The steps are set out in the Policy Stress-testing tool. The facilitator should:  1. Introduce the scenarios.   2. Review the policy or strategy objectives being tested   3. Test the objectives against all scenarios   4. Focus in particular on how the time requirement of the project determines robustness and resilience of the outcomes and determines the need for objectives to be modified or adapted   5. Review the findings and discuss the implications for policy   6. Prepare a report following the workshop that records the findings from the workshop and circulate it to all participants.    "
Output:  ,A report that records the outcome of the workshop conversations.  
