﻿,No training  ,Any training  ,Longer-training  than-median  ,Training w/ qualification  ,Longer training w/ qualification  
All  ,53%  ,68%  ,67%  ,71%  ,70%  
High-level qualifications  ,68%  ,82%  ,,,
Mid-level qualifications  ,55%  ,74%  ,76%  ,78%  ,78%  
Lower-level qualifications  ,47%  ,56%  ,,65%  ,63%  
"25-44 women, non-graduate  ",39%  ,55%  ,,62%  ,
"45-59 men, non-graduate  ",55%  ,,,85%  ,85%  
"25-44 men, graduate  ",73%  ,,,96%  ,
"25-44 women, graduate  ",52%  ,78%  ,,,
"45-59 men, graduate  ",66%  ,,,97%  ,
