﻿,Any training   ,Longer-than-median training  ,Training w/ qualification  ,Longer training w/ qualification  
All  ,4.3%  ,5.1%  ,1.5%  ,2.2%  
High-level qualifications  ,3.3%  ,3.5%  ,,
Mid-level qualifications  ,5.4%  ,6.4%  ,2.9%  ,3.6%  
Lower-level qualifications  ,5.8%  ,7.0%  ,,
"25-44 men, non-graduate  ",3.6%  ,,,
"25-44 women, non-graduate  ",7.9%  ,10.6%  ,5.0%  ,6.2%  
"45-59 men, non-graduate  ",3.8%  ,5.8%  ,,
"45-59 women, non-graduate  ",4.5%  ,6.4%  ,,
"25-44 men, graduate  ",,5.0%  ,,
"25-44 women, graduate  ",4.3%  ,,,
"45-59 men, graduate  ",3.8%  ,,,
"45-59 women, graduate  ",,,,
