﻿,No training  ,Any training  ,Longer-than-median training  ,Training w/ qualification  ,Longer training w/ qualification  ,Full-time education  
All  ,15%  ,,,18%  ,18%  ,31%  
High-level qualifications  ,17%  ,,,,,29%  
Mid-level qualifications  ,17%  ,,19%  ,,,26%  
Lower-level qualifications  ,15%  ,,,18%  ,,
"22-44 men, non-graduates  ",18%  ,,,,,34%  
"22-44 women, non-graduates  ",18%  ,21%  ,,,,31%  
"45-59 men, non-graduates  ",12%  ,,,18%  ,,
"45-59 women, non-graduates  ",13%  ,,,,,48%  
"22-44 men, graduates  ",19%  ,,,,,37%  
"22-44 women, graduates  ",18%  ,,,,,32%  
