﻿,No training  ,Any training  ,Longer-than-median training  ,Training w/ qualification  ,Longer training w/ qualification  ,Full-time education  
All 25-59  ,5%  ,6%  ,6%  ,6%  ,7%  ,11%  
High-level qualifications  ,6%  ,7%  ,7%  ,8%  ,8%  ,10%  
Mid-level qualifications  ,6%  ,7%  ,8%  ,8%  ,9%  ,
Lower-level qualifications  ,5%  ,6%  ,6%  ,7%  ,,
"25-44 women, non-graduate  ",7%  ,10%  ,,10%  ,12%  ,
"45-59 men, non-graduate  ",2%  ,,,,,18%  
"45-59 women, non-graduate  ",4%  ,,,,,34%  
"25-44 men, graduate  ",7%  ,,,,12%  ,24%  
"25-44 women, graduate  ",7%  ,10%  ,11%  ,,,
"45-59 men, graduate  ",3%  ,,,7%  ,,
