﻿,Unemployment Inactivity  ,,Employment  ,Total outflows  
"Public admin, education & health  ",238k  ,622k  ,621k  ,1.48k  
"Finance, insurance & business  ",203k  ,299k  ,693k  ,1.19k  
Retail  ,152k  ,286k  ,523k  ,961k  
Hotels & restaurants  ,108k  ,231k  ,391k  ,730k  
"Wholesale, transport & comms  ",116k  ,141k  ,456k  ,713k  
Other services & other  ,100k  ,190k  ,383k  ,673k  
Manufacturing  ,105k  ,143k  ,389k  ,637k  
"Energy, agriculture & construction  ",85k  ,126k  ,288k  ,499k  
