﻿,Total  ,England  ,Northern Ireland  ,Wales  
Managers  ,"77,494  ","67,249  ","3,836  ","6,409  "
Professionals  ,"17,819  ","15,562  ",922  ,"1,335  "
Associate professionals  ,"13,052  ","11,478  ",597  ,977  
Administrative / clerical staff  ,"48,948  ","42,544  ","2,573  ","3,831  "
Skilled trades occupations  ,"21,410  ","18,535  ","1,019  ","1,856  "
"Caring, leisure and other services  ","12,802  ","10,831  ",762  ,"1,209  "
Sales and customer services  ,"23,959  ","21,025  ","1,169  ","1,765  "
Machine operatives  ,"13,265  ","11,476  ",733  ,"1,056  "
Elementary staff  ,"26,003  ","22,357  ","1,371  ","2,275  "
