﻿,Overall ,Managers ,Professionals ,Associate Professionals ,Administrative and Clerical  ,Skilled Trades  ,"Caring, Leisure and Other Services ",Sales and Customer Service  ,Machine Operatives ,Elementary Occupations  
Unweighted base  ,"6,408  ","1,034  ",533  ,547  ,1831  ,691  ,657  ,"1,182  ",403  ,775  
,%  ,%  ,%  ,%  ,%  ,%  ,%  ,%  ,%  ,%  
Basic Microsoft Office skills  ,35  ,34  ,17  ,37  ,41  ,33  ,43  ,28  ,40  ,40  
Specialist software or hardware /internal systems  ,26  ,15  ,56  ,24  ,29  ,25  ,17  ,20  ,27  ,22  
Foundation digital skills  ,19  ,15  ,2  ,6  ,9  ,21  ,39  ,26  ,24  ,23  
Advanced Microsoft Office skills  ,18  ,31  ,18  ,23  ,31  ,17  ,9  ,15  ,16  ,5  
Communicating via email  ,10  ,11  ,4  ,2  ,5  ,13  ,20  ,4  ,11  ,24  
Data analysis / analytics / data science skills  ,6  ,8  ,5  ,7  ,7  ,6  ,3  ,10  ,4  ,2  
Skills using new or updated company software or systems  ,5  ,5  ,4  ,2  ,4  ,4  ,3  ,5  ,11  ,6  
Application ('app') programming and development skills  ,5  ,3  ,6  ,4  ,3  ,9  ,4  ,5  ,10  ,2  
Using the internet to find solutions to problems  ,5  ,4  ,3  ,1  ,1  ,3  ,6  ,3  ,2  ,15  
