﻿,Overall ,Managers ,Professionals  ,Associate Professionals  ,Administrative and Clerical ,Skilled Trades  ,"Caring, Leisure and Other Services  ",Sales and Customer Service  ,Machine Operatives  ,Elementary Occupations  
Unweighted base  ,"2,051  ",152  ,495  ,502  ,362  ,476  ,356  ,221  ,177  ,284  
,%  ,%  ,%  ,%  ,%  ,%  ,%  ,%  ,%  ,%  
Basic Microsoft Office application skills  ,36  ,46  ,19  ,28  ,41  ,27  ,56  ,39  ,31  ,52  
Foundation digital skills  ,25  ,11  ,9  ,21  ,11  ,23  ,41  ,28  ,29  ,49  
Specialist software or hardware / internal systems  ,20  ,15  ,25  ,17  ,24  ,24  ,14  ,26  ,29  ,16  
Advanced Microsoft Office skills  ,12  ,15  ,13  ,21  ,26  ,8  ,8  ,8  ,5  ,9  
Application programming and development skills  ,12  ,8  ,24  ,19  ,4  ,10  ,3  ,4  ,24  ,1  
Communicating via email  ,11  ,7  ,6  ,9  ,10  ,6  ,12  ,10  ,10  ,35  
Data analysis / analysis / data science skills  ,7  ,14  ,7  ,14  ,7  ,5  ,2  ,6  ,5  ,4  
Graphic design / design engineering skills  ,6  ,2  ,9  ,15  ,1  ,7  ,1  ,1  ,2  ,*  
