﻿,Total  ,Have SSVs  ,No SSVs  ,Have any skills gaps  ,Do not have any skills gaps  
Unweighted base  ,"16,070  ","1,351  ","14,719  ","3,127  ","12,943  "
Apprenticeships  
Number of apprentices currently at site  ,"496,400  ","122,600  ","373,700  ","204,000  ","292,400  "
,%  ,%  ,%  ,%  ,%  
Currently offer apprenticeships at site  ,9  ,22  ,8  ,17  ,8  
Currently have any staff undertaking formal apprenticeships at site  ,10  ,25  ,10  ,28  ,8  
Plan to offer apprenticeships in the future  ,30  ,59  ,29  ,51  ,27  
Expect number of apprentices at site to increase in the next 2 years  ,30  ,46  ,27  ,32  ,29  
Interest in providing work placements to T-Levels students  
Very Interested/Quite interested  ,36  ,64  ,35  ,54  ,33  
Not very interested/Not at all interested  ,57  ,32  ,58  ,39  ,60  
Traineeships  
Whether anyone had undertaken a traineeship in last 12 months  ,3  ,5  ,2  ,4  ,2  
Awareness of the National Occupation Standards for the organisation's industry or sector  
Have not heard of National Occupational Standards  ,47  ,37  ,48  ,43  ,48  
Any awareness  ,51  ,62  ,50  ,55  ,50  
Aware of National Occupation Standards and have at least some knowledge about them  ,30  ,40  ,29  ,30  ,30  
How National Occupational Standards are used (prompted)  
To develop training plans to meet establishment's skills needs  ,13  ,21  ,13  ,13  ,14  
For staff appraisals or performance management  ,11  ,16  ,11  ,12  ,11  
To develop job descriptions or guide recruitment criteria  ,11  ,16  ,11  ,12  ,11  
For succession planning or competency frameworks  ,10  ,14  ,10  ,9  ,10  
National Occupational Standards are not used by this establishment  ,8  ,10  ,8  ,8  ,8  
Used in any way  ,19  ,26  ,19  ,20  ,19  
Not used  ,78  ,70  ,79  ,78  ,78  
