﻿,Managers ,Professionals ,Associate Professionals ,Administrative and Clerical  ,Skilled Trades  ,"Caring, Leisure and Other Services ",Sales andCustomer Service ,Machine Operatives ,Elementary Occupations  
Unweighted base  ,"2,567  ","1,379  ","1,312  ","3,432  ","2,545  ","1,822  ","3,548  ","1,595  ","3,414  "
,%  ,%  ,%  ,%  ,%  ,%  ,%  ,%  ,%  
They are new to the role  ,55  ,66  ,74  ,67  ,60  ,65  ,69  ,73  ,70  
Their training is currently only partially completed  ,48  ,50  ,70  ,62  ,69  ,60  ,59  ,69  ,60  
Staff lack motivation  ,37  ,32  ,33  ,24  ,30  ,38  ,39  ,38  ,51  
"They have been on training, but their performance has not improved sufficiently  ",28  ,19  ,28  ,23  ,26  ,38  ,36  ,35  ,41  
Unable to recruit staff with the required skills  ,23  ,38  ,42  ,22  ,39  ,36  ,24  ,43  ,30  
Problems retaining staff  ,21  ,23  ,29  ,16  ,22  ,29  ,24  ,33  ,46  
The introduction of new working practices  ,31  ,45  ,31  ,35  ,23  ,33  ,27  ,29  ,23  
They have not received the appropriate training  ,31  ,31  ,30  ,25  ,30  ,23  ,23  ,31  ,29  
The introduction of new technology  ,31  ,32  ,29  ,25  ,25  ,24  ,25  ,27  ,18  
The development of new products and services  ,18  ,28  ,25  ,21  ,18  ,15  ,20  ,27  ,14  
Summary: New to the role / training not complete (transient factors)  ,71  ,79  ,85  ,79  ,83  ,79  ,80  ,83  ,77  
