﻿,2014  ,2016  ,2019  
Wales total  ,"2,007  ","1,997  ","1,704  "
Size  
2 to 4  ,503  ,511  ,449  
5 to 24  ,918  ,942  ,882  
25 to 49  ,315  ,234  ,206  
50 to 99  ,134  ,140  ,99  
100 to 249  ,96  ,121  ,57  
250+  ,41  ,49  ,11  
Sector  
Primary Sector & Utilities  ,133  ,114  ,72  
Manufacturing  ,134  ,142  ,116  
Construction  ,152  ,143  ,96  
Wholesale & Retail  ,431  ,483  ,378  
Hotels & Restaurants  ,207  ,222  ,183  
Transport & Storage  ,51  ,59  ,52  
Information & Communications  ,70  ,43  ,30  
Financial Services  ,50  ,38  ,20  
Business Services  ,230  ,232  ,250  
Public Admin.  ,60  ,51  ,32  
Education  ,116  ,107  ,135  
Health & Social Work  ,239  ,242  ,213  
Arts & Other  ,134  ,121  ,127  
