﻿,2014  ,2016  ,2019  
Wales total  ,"2,007  ","1,997  ","3,378  "
Size  
2 to 4  ,503  ,511  ,"1,011  "
5 to 24  ,918  ,942  ,"1,655  "
25 to 49  ,315  ,234  ,379  
50 to 99  ,134  ,140  ,192  
100 to 249  ,96  ,121  ,107  
250+  ,41  ,49  ,34  
Sector  
Primary Sector & Utilities  ,133  ,114  ,182  
Manufacturing  ,134  ,142  ,244  
Construction  ,152  ,143  ,194  
Wholesale & Retail  ,431  ,483  ,697  
Hotels & Restaurants  ,207  ,222  ,409  
Transport & Storage  ,51  ,59  ,77  
Information & Communications  ,70  ,43  ,80  
Financial Services  ,50  ,38  ,61  
Business Services  ,230  ,232  ,499  
Public Admin.  ,60  ,51  ,57  
Education  ,116  ,107  ,234  
Health & Social Work  ,239  ,242  ,389  
Arts & Other  ,134  ,121  ,255  
