﻿,Overall  ,Primary Sector & Utilities ,Manufacturing ,Construction ,Wholesale & Retail  ,Hotels &Restaurants ,Transport & Storage ,Information &Communications ,Financial Services  ,Business Services  ,Public Admin. ,Education ,Health & Social Work  ,Arts & OtherServices  
Unweighted base  ,"6,529  ",149  ,660  ,339  ,955  ,854  ,199  ,218  ,96  ,"1,231  ",61  ,469  ,962  ,336  
,%  ,%  ,%  ,%  ,%  ,%  ,%  ,%  ,%  ,%  ,%  ,%  ,%  ,%  
Specialist skills or knowledge  ,63  ,75  ,61  ,71  ,57  ,55  ,62  ,72  ,76  ,66  ,47  ,67  ,65  ,61  
Solving complex problems  ,39  ,48  ,33  ,48  ,42  ,34  ,38  ,53  ,29  ,45  ,56  ,29  ,31  ,32  
Knowledge of products & services offered  ,38  ,28  ,43  ,44  ,46  ,41  ,31  ,49  ,51  ,34  ,33  ,29  ,31  ,40  
Knowledge of how organisation works  ,32  ,28  ,24  ,29  ,34  ,37  ,38  ,30  ,23  ,25  ,40  ,35  ,37  ,34  
"Reading/understanding instructions, reports etc.  ",31  ,31  ,37  ,34  ,32  ,36  ,48  ,16  ,16  ,28  ,33  ,25  ,27  ,28  
"Writing instructions, reports, etc  ",26  ,29  ,31  ,25  ,23  ,27  ,38  ,19  ,12  ,21  ,37  ,25  ,28  ,22  
Complex numerical or statistical skills  ,24  ,21  ,21  ,30  ,26  ,19  ,25  ,34  ,23  ,25  ,37  ,25  ,17  ,21  
Basic numerical skills  ,23  ,35  ,24  ,26  ,27  ,28  ,33  ,14  ,13  ,19  ,15  ,19  ,22  ,31  
Adapting to new equipment or materials  ,21  ,31  ,32  ,30  ,30  ,22  ,28  ,16  ,10  ,15  ,25  ,12  ,14  ,21  
Computer literacy / basic IT skills  ,21  ,30  ,18  ,17  ,22  ,14  ,26  ,15  ,8  ,20  ,33  ,18  ,26  ,20  
Manual dexterity  ,18  ,38  ,29  ,33  ,26  ,17  ,21  ,12  ,*  ,15  ,18  ,8  ,10  ,16  
Advanced or specialist IT skills  ,18  ,14  ,14  ,18  ,15  ,7  ,17  ,60  ,27  ,21  ,16  ,15  ,15  ,10  
Communicating in a foreign language  ,17  ,12  ,26  ,8  ,10  ,21  ,26  ,10  ,3  ,13  ,12  ,13  ,28  ,12  
None of the above  ,8  ,6  ,4  ,6  ,7  ,13  ,5  ,3  ,6  ,6  ,4  ,12  ,10  ,9  
