﻿Those where density was 40% and over  Those where density was 30% and over (but less than 40%)  Those where density was 22% and over (but less than 29%)  Those where density was less than 22%  ,Total ,Skilled Trades Occupations  ,Professionals ,Machine Operatives ,"Caring, Leisure and Other Service Staff  ",Managers ,Associate Professionals ,Elementary Staff ,Sales and Customer Services Staff  ,Administrative / Clerical Staff  
Total  ,24%  ,48%  ,33%  ,30%  ,29%  ,22%  ,20%  ,18%  ,14%  ,12%  
Manufacturing  ,36%  ,61%  ,36%  ,33%  ,**  ,27%  ,26%  ,12%  ,20%  ,12%  
Construction  ,36%  ,43%  ,35%  ,37%  ,**  ,42%  ,43%  ,29%  ,10%  ,15%  
Primary Sector & Utilities  ,31%  ,46%  ,42%  ,27%  ,**  ,**  ,31%  ,39%  ,**  ,21%  
Business Services  ,27%  ,51%  ,33%  ,35%  ,40%  ,29%  ,23%  ,29%  ,13%  ,15%  
Transport and Storage  ,26%  ,54%  ,**  ,35%  ,3%  ,13%  ,34%  ,14%  ,21%  ,9%  
Health and Social Work  ,25%  ,24%  ,38%  ,12%  ,25%  ,21%  ,19%  ,10%  ,6%  ,6%  
Arts and Other Services  ,25%  ,35%  ,9%  ,**  ,41%  ,12%  ,17%  ,14%  ,15%  ,9%  
Information and Communications  ,23%  ,30%  ,36%  ,**  ,**  ,**  ,22%  ,**  ,9%  ,9%  
Education  ,23%  ,12%  ,25%  ,**  ,29%  ,8%  ,26%  ,14%  ,**  ,8%  
Wholesale and Retail  ,22%  ,54%  ,27%  ,25%  ,**  ,25%  ,27%  ,15%  ,14%  ,21%  
Hotels and Restaurants  ,21%  ,45%  ,**  ,14%  ,17%  ,25%  ,18%  ,16%  ,10%  ,12%  
Financial Services  ,13%  ,**  ,32%  ,**  ,**  ,**  ,11%  ,**  ,16%  ,10%  
Public Administration  ,13%  ,**  ,25%  ,**  ,**  ,**  ,13%  ,**  ,**  ,10%  
