﻿,Total ,England ,Northern Ireland ,Wales  
Unweighted base  ,"6,529  ","5,785  ",246  ,498  
,%  ,%  ,%  ,%  
Technical and practical skills  
Specialist skills or knowledge needed to perform the role  ,63  ,63  ,69  ,61  
Solving complex problems requiring a solution specific to the situation  ,39  ,39  ,52  ,33  
Knowledge of products and services offered by your organisation  ,38  ,37  ,46  ,36  
Knowledge of how your organisation works  ,32  ,31  ,42  ,30  
"Reading and understanding instructions, guidelines, manuals or reports  ",31  ,30  ,44  ,30  
"Writing instructions, guidelines, manuals or reports  ",26  ,25  ,37  ,30  
More complex numerical or statistical skills and understanding  ,24  ,23  ,40  ,19  
Basic numerical skills and understanding  ,23  ,23  ,40  ,20  
Adapting to new equipment or materials  ,21  ,21  ,40  ,20  
Computer literacy / basic IT skills  ,21  ,20  ,33  ,24  
Manual dexterity  ,18  ,18  ,36  ,16  
Advanced or specialist IT skills  ,18  ,17  ,35  ,12  
Communicating in a foreign language  ,17  ,17  ,34  ,6  
Oral Welsh language skills  ,1  ,0  ,0  ,19  
Written Welsh language skills  ,1  ,0  ,0  ,17  
None of the above  ,8  ,8  ,6  ,7  
People and personal skills  
Ability to manage own time and prioritise own tasks  ,45  ,45  ,55  ,42  
Team working  ,34  ,33  ,49  ,40  
Customer handling skills  ,34  ,33  ,49  ,30  
"Managing their own feelings, or handling the feelings of others  ",33  ,33  ,45  ,32  
Managing or motivating other staff  ,31  ,31  ,44  ,27  
Persuading or influencing others  ,27  ,26  ,40  ,23  
"Instructing, teaching or training people  ",22  ,21  ,37  ,29  
Sales skills  ,22  ,22  ,37  ,24  
"Setting objectives for others & planning human, financial & other resources  ",21  ,21  ,37  ,16  
Making speeches or presentations  ,15  ,14  ,36  ,18  
None of the above  ,24  ,24  ,17  ,24  
