﻿,2014  ,2016  ,2019  
,Total  ,Total  ,Total  ,Have SSVs  ,No SSVs  ,Have any skills gaps  ,Do not have any skills gaps  
Unweighted base  ,"8,962  ",9.546  ,"10,990  ","1,271  ","9,719  ","3,031  ","7,959  "
,%  ,%  ,%  ,%  ,%  ,%  ,%  
Recruitment methods  
Word of mouth or personal recommendations  ,30  ,79  ,71  ,87  ,69  ,74  ,70  
Adverts on own website using internal resources  ,21  ,54  ,48  ,63  ,47  ,55  ,46  
Adverts on social media using internal resources  ,7  ,46  ,47  ,70  ,45  ,54  ,45  
Some form of paid-for recruitment service  ,19  ,44  ,38  ,61  ,36  ,45  ,36  
"School, college or university job fairs or careers services  ",7  ,19  ,17  ,38  ,14  ,23  ,15  
A government recruitment service or scheme  ,8  ,38  ,15  ,27  ,14  ,19  ,14  
Paid someone to place adverts on your website or social media on your behalf  ,N/A  ,10  ,11  ,21  ,10  ,15  ,10  
Word of mouth only  ,11  ,11  ,15  ,4  ,16  ,10  ,16  
Any social media  ,7  ,49  ,51  ,75  ,48  ,59  ,48  
Any external resource  ,N/A  ,69  ,57  ,82  ,54  ,67  ,54  
Any internal resource  ,N/A  ,91  ,87  ,97  ,86  ,90  ,86  
External resources only  ,N/A  ,6  ,8  ,3  ,9  ,8  ,8  
Internal resources only  ,N/A  ,28  ,39  ,17  ,41  ,31  ,41  
Single approach  ,N/A  ,18  ,28  ,7  ,30  ,21  ,30  
