﻿,Overall ,Managers ,Professionals ,Associate Professionals ,Administrative and Clerical ,Skilled Trades  ,"Caring, Leisure and Other Services  ",Sales and Customer Service  ,Machine Operatives ,Elementary Occupations  
Unweighted base  ,"6,529  ",289  ,"1,222  ","1,022  ",455  ,"1,607  ","1,018  ",409  ,558  ,749  
,%  ,%  ,%  ,%  ,%  ,%  ,%  ,%  ,%  ,%  
Specialist skills or knowledge needed to perform the role  ,63  ,64  ,74  ,63  ,50  ,72  ,62  ,52  ,59  ,46  
Solving complex problems requiring a solution specific to the situation  ,39  ,44  ,40  ,43  ,44  ,42  ,37  ,38  ,29  ,36  
Knowledge of products and services offered by your organisation and organisations like yours  ,38  ,41  ,29  ,46  ,43  ,43  ,39  ,54  ,26  ,30  
Knowledge of how your organisation works  ,32  ,41  ,28  ,34  ,36  ,26  ,38  ,40  ,27  ,33  
"Reading and understanding instructions, guidelines, manuals or reports  ",31  ,27  ,13  ,22  ,29  ,29  ,40  ,31  ,53  ,45  
"Writing instructions, guidelines, manuals or reports  ",26  ,25  ,16  ,23  ,25  ,22  ,38  ,18  ,42  ,25  
More complex numerical or statistical skills and understanding  ,24  ,26  ,23  ,28  ,38  ,25  ,25  ,23  ,15  ,15  
Basic numerical skills and understanding  ,23  ,19  ,9  ,17  ,29  ,25  ,33  ,26  ,36  ,26  
Adapting to new equipment or materials  ,21  ,17  ,10  ,20  ,13  ,28  ,21  ,23  ,37  ,20  
Computer literacy / basic IT skills  ,21  ,24  ,12  ,21  ,28  ,16  ,28  ,27  ,18  ,24  
Manual dexterity  ,18  ,6  ,6  ,12  ,8  ,36  ,15  ,14  ,23  ,24  
Advanced or specialist IT skills  ,18  ,21  ,25  ,26  ,32  ,14  ,15  ,15  ,4  ,8  
Communicating in a foreign language  ,17  ,9  ,21  ,11  ,8  ,16  ,20  ,10  ,21  ,20  
None of the above  ,8  ,5  ,8  ,6  ,4  ,6  ,10  ,8  ,5  ,13  
