﻿,2015  ,2017  ,2019  
Wales total  ,"6,027  ","5,913  ","6,773  "
Size  
2 to 4  ,"1,749  ","1,669  ","1,193  "
5 to 24  ,"3,316  ","3,169  ","3,407  "
25 to 49  ,547  ,561  ,800  
50 to 99  ,273  ,293  ,382  
100 to 249  ,105  ,173  ,217  
250+  ,37  ,48  ,54  
Sector  
Primary Sector & Utilities  ,477  ,511  ,364  
Manufacturing  ,417  ,419  ,466  
Construction  ,405  ,481  ,401  
Wholesale & Retail  ,"1,203  ",958  ,"1,442  "
Hotels & Restaurants  ,649  ,597  ,797  
Transport & Storage  ,359  ,274  ,171  
Information & Communications  ,167  ,168  ,141  
Financial Services  ,108  ,154  ,109  
Business Services  ,715  ,794  ,988  
Public Administration  ,75  ,91  ,109  
Education  ,361  ,375  ,463  
Health & Social Work  ,617  ,603  ,825  
Arts & Other Services  ,474  ,488  ,497  
