﻿LEP  ,Unwtd. base  ,SSV Density  ,Number of SSVs  
Total  ,"70,217  ",24.2%  ,"204,762  "
Top 10 LEPs with the highest SSV density  
Lancashire  ,"1,869  ",35.6%  ,"6,708  "
Worcestershire  ,844  ,33.4%  ,"2,357  "
Dorset  ,"1,064  ",33.2%  ,"3,305  "
Cheshire and Warrington  ,"1,312  ",30.8%  ,"4,870  "
Heart of the South West  ,"2,761  ",30.7%  ,"6,601  "
The Marches  ,"1,165  ",30.7%  ,"2,260  "
Greater Cambridge Greater Peterborough  ,"2,637  ",28.9%  ,"9,009  "
Buckinghamshire Thames Valley  ,639  ,28.4%  ,"3,002  "
Solent  ,"1,303  ",28.1%  ,"4,315  "
Cumbria  ,"1,053  ",27.9%  ,"2,007  "
Top 10 LEPs with the lowest SSV density  
Sheffield City Region  ,"2,229  ",18.8%  ,"3,833  "
"York, North Yorkshire and East Riding  ","2,227  ",19.1%  ,"3,550  "
"Derby, Derbyshire, Nottingham and Nottinghamshire  ","2,913  ",19.8%  ,"4,107  "
Cornwall and Isles of Scilly  ,979  ,20.0%  ,"1,274  "
Leicester and Leicestershire  ,"1,358  ",20.3%  ,"4,164  "
Liverpool City Region  ,"1,378  ",20.9%  ,"3,830  "
Coventry and Warwickshire  ,"1,105  ",20.9%  ,"2,839  "
London  ,"10,117  ",21.4%  ,"43,002  "
Leeds City Region  ,"3,957  ",22.1%  ,"9,138  "
Hertfordshire  ,"1,380  ",22.3%  ,"4,818  "
