﻿,Unwtd. base  ,,Any Action ,Increasing advertising / recruitment spend  ,Using NEW recruitmentmethods or channels  ,Redefining existing jobs  ,Being prepared to offertraining to less wellqualified recruits ,Increasing the traininggiven to your existing workforce ,Increasing / expanding trainee programmes ,"Bringing in contractors to do the work, or contracting it out ",Increasing salaries ,Recruiting workers who are non-UK nationals ,Making the job more attractive e.g. recruitment incentives  ,Nothing  
Total  ,"5,951  ",%  ,88  ,37  ,37  ,13  ,9  ,9  ,8  ,8  ,5  ,3  ,3  ,11  
Sector  
Primary Sector & Utilities  ,130  ,%  ,86  ,33  ,38  ,16  ,6  ,13  ,5  ,6  ,3  ,1  ,4  ,14  
Manufacturing  ,606  ,%  ,88  ,40  ,30  ,11  ,14  ,10  ,12  ,9  ,5  ,3  ,3  ,10  
Construction  ,326  ,%  ,83  ,31  ,27  ,9  ,7  ,15  ,10  ,6  ,4  ,5  ,*  ,16  
Wholesale & Retail  ,904  ,%  ,85  ,37  ,34  ,15  ,8  ,6  ,6  ,7  ,5  ,3  ,2  ,13  
Hotels & Restaurants  ,709  ,%  ,90  ,33  ,40  ,18  ,9  ,5  ,10  ,7  ,6  ,4  ,3  ,9  
Transport & Storage  ,188  ,%  ,93  ,33  ,43  ,10  ,12  ,13  ,16  ,18  ,8  ,5  ,2  ,7  
Information & Communications  ,203  ,%  ,89  ,45  ,34  ,7  ,9  ,10  ,6  ,8  ,4  ,4  ,4  ,8  
Financial Services  ,91  ,%  ,80  ,44  ,37  ,9  ,11  ,5  ,8  ,2  ,8  ,3  ,1  ,14  
Business Services  ,"1,164  ",%  ,87  ,39  ,33  ,10  ,9  ,9  ,7  ,8  ,5  ,3  ,2  ,11  
Public Admin.  ,54  ,%  ,93  ,49  ,44  ,13  ,22  ,7  ,11  ,5  ,7  ,4  ,7  ,7  
Education  ,424  ,%  ,94  ,39  ,46  ,18  ,8  ,12  ,9  ,7  ,7  ,2  ,4  ,5  
Health & Social Work  ,850  ,%  ,93  ,41  ,49  ,13  ,9  ,13  ,10  ,9  ,8  ,5  ,4  ,6  
Arts & Other Services  ,302  ,%  ,87  ,33  ,45  ,13  ,8  ,4  ,10  ,11  ,5  ,2  ,3  ,12  
