﻿,,Primary Sector & Utilities ,Manufacturing ,Construction ,Wholesale & Retail ,Hotels &Restaurants ,Transport & Storage ,Information &Communications ,FinancialServices ,Business Services ,Public Admin. ,Education ,Health & Social Work  ,Arts & OtherServices  
Unweighted base  ,%  ,657  ,"1,486  ","1,176  ","4,061  ","1,715  ",532  ,671  ,463  ,"4,023  ",236  ,"1,379  ","2,157  ","1,345  "
Ability to manage my own time and prioritise own tasks  ,%  ,41  ,39  ,36  ,43  ,48  ,39  ,40  ,42  ,39  ,48  ,45  ,46  ,42  
Team working  ,%  ,41  ,34  ,29  ,39  ,47  ,37  ,29  ,36  ,32  ,50  ,38  ,46  ,39  
Managing or motivating other staff  ,%  ,35  ,32  ,27  ,38  ,48  ,30  ,29  ,33  ,32  ,52  ,43  ,45  ,38  
Customer handling skills  ,%  ,24  ,27  ,28  ,40  ,48  ,34  ,32  ,38  ,33  ,32  ,21  ,34  ,36  
"Managing their own feelings, or handling the feelings of others  ",%  ,34  ,30  ,25  ,35  ,44  ,30  ,27  ,33  ,29  ,42  ,40  ,44  ,36  
"Instructing, teaching or training people  ",%  ,25  ,29  ,25  ,33  ,41  ,26  ,29  ,29  ,28  ,39  ,43  ,38  ,33  
"Setting objectives for others and planning human, financial and other resources  ",%  ,28  ,22  ,22  ,27  ,35  ,21  ,25  ,29  ,27  ,39  ,32  ,32  ,27  
Sales skills  ,%  ,18  ,25  ,19  ,36  ,38  ,17  ,35  ,34  ,29  ,10  ,10  ,17  ,27  
Persuading or influencing others  ,%  ,26  ,23  ,21  ,27  ,35  ,22  ,27  ,27  ,28  ,40  ,27  ,29  ,28  
Making speeches or presentations  ,%  ,8  ,10  ,11  ,12  ,14  ,9  ,16  ,21  ,18  ,30  ,18  ,19  ,15  
