﻿,2015  ,2017  ,2019  
Northern Ireland total  ,"4,019  ","3,973  ","4,023  "
Size  
2 to 4  ,"1,168  ","1,097  ",984  
5 to 24  ,"2,236  ","2,182  ","2,102  "
25 to 49  ,321  ,368  ,485  
50 to 99  ,191  ,220  ,285  
100 to 249  ,72  ,88  ,124  
250+  ,31  ,18  ,43  
Sector  
Primary Sector & Utilities  ,122  ,188  ,194  
Manufacturing  ,330  ,252  ,377  
Construction  ,246  ,319  ,317  
Wholesale & Retail  ,859  ,782  ,930  
Hotels & Restaurants  ,415  ,384  ,311  
Transport & Storage  ,201  ,155  ,112  
Information & Communications  ,88  ,117  ,65  
Financial Services  ,93  ,122  ,81  
Business Services  ,507  ,499  ,462  
Public Administration  ,49  ,54  ,48  
Education  ,267  ,255  ,359  
Health & Social Work  ,382  ,461  ,439  
Arts & Other Services  ,460  ,385  ,328  
