﻿LEA  ,Unwtd. base  ,SSV Density  ,Number of SSVs  
Total  ,"70,217  ",24.2%  ,"204,762  "
Top 10 LEAs with the highest SSV density  
Torbay  ,169  ,69.8%  ,"1,085  "
Poole  ,194  ,48.3%  ,963  
Luton  ,148  ,48.1%  ,"1,250  "
Lambeth  ,282  ,47.9%  ,"4,656  "
Middlesbrough  ,251  ,47.6%  ,720  
Windsor and Maidenhead  ,163  ,43.7%  ,"1,574  "
Southend on Sea  ,186  ,43.7%  ,715  
Blackburn with Darwen  ,170  ,42.7%  ,858  
Lewisham  ,181  ,42.2%  ,"1,124  "
Waltham Forest  ,157  ,41.4%  ,"1,061  "
Top 10 LEAs with the lowest SSV density  
Walsall  ,247  ,7.0%  ,144  
Wokingham  ,138  ,7.2%  ,297  
Blackpool  ,154  ,7.8%  ,141  
Tower Hamlets  ,295  ,8.8%  ,"1,117  "
Gateshead  ,431  ,9.6%  ,269  
Hillingdon  ,316  ,9.7%  ,564  
Wirral  ,318  ,10.5%  ,470  
North Tyneside  ,360  ,11.7%  ,327  
Bracknell Forest  ,102  ,12.2%  ,220  
Derby  ,302  ,12.5%  ,413  
