﻿,Overall  ,Primary Sector & Utilities ,Manufacturing ,Construction ,Wholesale & Retail  ,Hotels &Restaurants ,Transport & Storage ,Information &Communications ,Financial Services  ,Business Services  ,Public Admin. ,Education ,Health & Social Work  ,Arts & OtherServices  
Unweighted base  ,"6,408  ",145  ,606  ,310  ,1381  ,551  ,175  ,222  ,122  ,1181  ,84  ,525  ,754  ,352  
,%  ,%  ,%  ,%  ,%  ,%  ,%  ,%  ,%  ,%  ,%  ,%  ,%  ,%  
Basic Microsoft Office skills  ,35  ,50  ,39  ,40  ,26  ,42  ,38  ,15  ,63  ,36  ,21  ,46  ,29  ,45  
Specialist software or hardware /internal systems  ,26  ,13  ,21  ,22  ,19  ,16  ,30  ,18  ,12  ,29  ,60  ,19  ,43  ,19  
Foundation digital skills  ,19  ,8  ,16  ,17  ,28  ,28  ,22  ,4  ,3  ,13  ,18  ,20  ,21  ,16  
Advanced Microsoft Office skills  ,18  ,37  ,16  ,24  ,13  ,11  ,14  ,29  ,30  ,21  ,16  ,30  ,10  ,14  
Communicating via email  ,10  ,4  ,11  ,16  ,7  ,14  ,15  ,1  ,*  ,14  ,6  ,15  ,12  ,12  
Data analysis / analytics / data science skills  ,6  ,4  ,8  ,9  ,6  ,2  ,4  ,29  ,2  ,5  ,6  ,6  ,3  ,4  
Skills using new or updated company software or systems  ,5  ,31  ,3  ,1  ,6  ,3  ,3  ,3  ,6  ,5  ,1  ,7  ,2  ,3  
Application ('app') programming and development skills  ,5  ,17  ,6  ,5  ,5  ,3  ,2  ,7  ,3  ,5  ,2  ,6  ,2  ,3  
Using the internet to find solutions to problems  ,5  ,1  ,*  ,2  ,4  ,5  ,3  ,*  ,1  ,12  ,0  ,7  ,3  ,3  
