﻿,,Primary Sector & Utilities ,Manufacturing ,Construction ,Wholesale & Retail  ,Hotels & Restaurants  ,Transport & Storage  ,Information &Communications ,Financial Services  ,Business Services  ,Public Admin. ,Education  ,Health & Social Work  ,Arts & Other Services  
Unweighted base  ,%  ,314  ,592  ,476  ,"1,904  ",656  ,225  ,445  ,187  ,"1,996  ",126  ,695  ,"1,045  ",612  
Skills using new or updated company software or systems  ,%  ,30  ,36  ,35  ,41  ,30  ,43  ,41  ,47  ,42  ,44  ,41  ,40  ,37  
Basic Microsoft Office application skills  ,%  ,24  ,16  ,19  ,15  ,24  ,16  ,6  ,18  ,12  ,20  ,16  ,22  ,19  
Specialist software or hardware / internal systems  ,%  ,9  ,11  ,7  ,12  ,9  ,13  ,7  ,14  ,10  ,7  ,12  ,12  ,11  
Advanced Microsoft Office skills  ,%  ,5  ,11  ,14  ,8  ,10  ,6  ,9  ,14  ,10  ,21  ,11  ,14  ,10  
Foundation digital skills  ,%  ,16  ,6  ,9  ,10  ,11  ,6  ,3  ,4  ,7  ,6  ,12  ,12  ,14  
Graphic design / design engineering  ,%  ,1  ,12  ,11  ,3  ,1  ,*  ,6  ,1  ,10  ,*  ,1  ,2  ,3  
Web development skills  ,%  ,2  ,4  ,4  ,5  ,5  ,1  ,9  ,3  ,6  ,6  ,2  ,4  ,7  
Application programming and development skills  ,%  ,3  ,7  ,4  ,3  ,3  ,4  ,15  ,4  ,4  ,2  ,6  ,4  ,6  
