﻿,Total  ,England  ,Northern Ireland  ,Wales  
Overall number of establishments  ,"1,830,802  ","1,683,072  ","58,663  ","89,067  "
With a vacancy  ,"309,543  ","287,541  ","8,274  ","13,279  "
With a hard-to-fill vacancy  ,"137,437  ","127,197  ","3,839  ","6,400  "
With a skill-shortage vacancy  ,"100,012  ","92,754  ","2,482  ","4,775  "
With at least one skills gap  ,"241,392  ","224,344  ","5,757  ","11,292  "
With at least one employee with more qualifications and skills than job role requires  ,"775,395  ","711,881  ","25,055  ","38,459  "
