﻿,,Total  ,Country  ,,,Size  
,,,England ,Northern Ireland ,Wales ,2 -4  ,5 - 24  ,25 - 49  ,50 - 99  ,100 - 249  ,250+  
Unweighted Base  ,,"19,901  ","16,507  ","1,247  ","2,147  ","4,347  ","9,994  ","2,929  ","1,530  ",862  ,239  
Specialist skills or knowledge needed  ,%  ,50  ,50  ,42  ,51  ,44  ,53  ,58  ,61  ,65  ,66  
Knowledge of products and services offered  ,%  ,48  ,48  ,42  ,47  ,44  ,52  ,52  ,50  ,53  ,48  
Adapting to new equipment or materials  ,%  ,45  ,45  ,40  ,48  ,43  ,46  ,47  ,48  ,51  ,54  
Solving complex problems  ,%  ,38  ,38  ,34  ,37  ,35  ,40  ,42  ,43  ,49  ,42  
Computer literacy / basic IT skills  ,%  ,30  ,30  ,30  ,35  ,30  ,29  ,31  ,32  ,35  ,35  
"Reading and understanding instructions, etc.  ",%  ,30  ,30  ,28  ,29  ,29  ,31  ,32  ,31  ,35  ,36  
Knowledge of how your org. works  ,%  ,30  ,30  ,28  ,31  ,25  ,34  ,39  ,36  ,39  ,37  
Advanced or specialist IT skills  ,%  ,29  ,29  ,28  ,28  ,31  ,27  ,29  ,29  ,35  ,31  
"Writing instructions, guidelines, manuals or reports  ",%  ,23  ,23  ,23  ,25  ,22  ,24  ,27  ,25  ,31  ,25  
More complex numerical skills  ,%  ,18  ,18  ,18  ,19  ,18  ,18  ,19  ,20  ,25  ,25  
Basic numerical skills  ,%  ,16  ,16  ,17  ,17  ,16  ,16  ,15  ,15  ,17  ,16  
Manual dexterity  ,%  ,14  ,14  ,12  ,16  ,15  ,13  ,12  ,10  ,14  ,18  
Communicating in a foreign language  ,%  ,9  ,9  ,10  ,7  ,9  ,9  ,10  ,10  ,9  ,14  
