﻿,Total  ,Country`  ,,,,,Size  ,,,
,,England ,Northern Ireland ,Wales ,2 to 4  ,5 to 24  ,25 to 49  ,50 to 99  ,100 to 249  ,250+  
Unweighted base  ,"8,928  ","7,876  ",382  ,670  ,748  ,"3,920  ","1,976  ","1,172  ",820  ,292  
Any Action  ,88  ,88  ,89  ,80  ,84  ,88  ,90  ,94  ,95  ,93  
Using NEW recruitment methods or channels  ,37  ,37  ,29  ,37  ,34  ,36  ,38  ,45  ,46  ,51  
Increasing advertising / recruitment spend  ,37  ,37  ,38  ,35  ,33  ,37  ,41  ,38  ,42  ,42  
Redefining existing jobs  ,13  ,12  ,16  ,16  ,10  ,15  ,12  ,12  ,11  ,13  
Increasing / expanding trainee programmes  ,9  ,9  ,11  ,10  ,7  ,8  ,11  ,14  ,12  ,15  
"Bringing in contractors to do the work, or contracting it out  ",9  ,9  ,11  ,6  ,9  ,8  ,10  ,14  ,12  ,11  
Increasing the training given to your existing workforce  ,8  ,8  ,17  ,6  ,5  ,8  ,12  ,13  ,13  ,12  
Being prepared to offer training to less well qualified recruits  ,8  ,8  ,12  ,9  ,8  ,7  ,10  ,9  ,10  ,13  
Increasing salaries  ,5  ,5  ,9  ,4  ,3  ,5  ,8  ,10  ,8  ,10  
Recruiting workers who are non-UK nationals  ,3  ,3  ,10  ,2  ,3  ,3  ,3  ,5  ,3  ,6  
Making the job more attractive  e.g. recruitment incentives  ,3  ,3  ,1  ,4  ,1  ,3  ,4  ,6  ,3  ,3  
Nothing  ,11  ,10  ,10  ,19  ,14  ,11  ,8  ,5  ,4  ,6  
