﻿Those where density was 10% and over  Those where density was 7% and over (but less than 10%)  Those where density was 4.5% and over (but less than 7%)  Those where density was less than 4.5%  ,Total ,Elementary Staff  ,Sales and Customer Services Staff  ,Machine Operatives  ,Skilled Trades Occupations  ,Associate Professionals ,Administrative/clerical Staff  ,"Caring, Leisure and Other Service Staff ",Professionals ,Managers  
Total  ,4.5%  ,8.0%  ,6.4%  ,5.2%  ,5.1%  ,4.3%  ,3.9%  ,3.7%  ,3.0%  ,2.2%  
Hotels & Restaurants  ,6.9%  ,8.7%  ,8.2%  ,6.3%  ,5.3%  ,3.1%  ,5.8%  ,4.6%  ,6.7%  ,3.0%  
Manufacturing  ,5.8%  ,10.7%  ,5.1%  ,6.9%  ,5.4%  ,4.9%  ,3.6%  ,7.9%  ,2.4%  ,2.7%  
Public admin.  ,5.3%  ,7.5%  ,2.3%  ,6.8%  ,8.2%  ,6.6%  ,5.9%  ,4.8%  ,5.0%  ,2.0%  
Wholesale & Retail  ,5.1%  ,6.3%  ,6.4%  ,4.9%  ,5.4%  ,6.0%  ,4.0%  ,3.4%  ,3.2%  ,2.5%  
Business Services  ,4.7%  ,12.3%  ,6.3%  ,4.8%  ,4.9%  ,4.7%  ,3.7%  ,4.4%  ,3.8%  ,1.9%  
Primary Sector & Utilities  ,4.1%  ,4.9%  ,3.4%  ,7.0%  ,3.8%  ,4.1%  ,3.9%  ,6.1%  ,3.8%  ,1.4%  
Information & Communications  ,4.0%  ,6.1%  ,9.7%  ,6.9%  ,4.9%  ,3.4%  ,3.7%  ,**  ,2.4%  ,2.2%  
Construction  ,3.9%  ,9.1%  ,5.3%  ,4.9%  ,5.6%  ,3.6%  ,2.9%  ,**  ,2.2%  ,1.3%  
Transport & Storage  ,3.9%  ,9.3%  ,5.7%  ,2.8%  ,4.2%  ,3.8%  ,3.9%  ,0.7%  ,3.4%  ,2.4%  
Financial Services  ,3.8%  ,3.8%  ,5.8%  ,**  ,0.6%  ,4.5%  ,3.9%  ,**  ,1.5%  ,3.2%  
Arts & Other Services  ,3.7%  ,6.2%  ,4.7%  ,**  ,4.0%  ,3.0%  ,3.0%  ,**  ,2.3%  ,1.6%  
Health & Social Work  ,3.3%  ,3.2%  ,5.5%  ,1.4%  ,2.8%  ,2.2%  ,3.6%  ,3.6%  ,3.1%  ,2.6%  
Education  ,2.8%  ,3.8%  ,7.5%  ,2.0%  ,2.4%  ,2.7%  ,3.5%  ,3.3%  ,2.1%  ,1.7%  
