﻿,Overall ,Primary Sector & Utilities ,Manufacturing ,Construction ,Wholesale & Retail ,Hotels &Restaurants ,Transport & Storage ,Information & Comms ,FinancialServices ,Business Services ,Public Admin. ,Education ,Health & Social Work  ,Arts & OtherServices  
Unweighted base  ,"16,169  ",434  ,"1,548  ",892  ,"3,521  ","2,208  ",413  ,382  ,328  ,"2,638  ",173  ,"1,090  ","1,614  ",928  
,%  ,%  ,%  ,%  ,%  ,%  ,%  ,%  ,%  ,%  ,%  ,%  ,%  ,%  
Specialist skills or knowledge  ,53  ,46  ,65  ,60  ,43  ,45  ,48  ,62  ,73  ,54  ,42  ,59  ,64  ,55  
Knowledge of products & services offered  ,43  ,36  ,48  ,35  ,50  ,50  ,43  ,54  ,63  ,36  ,24  ,31  ,34  ,46  
Solving complex problems  ,41  ,40  ,34  ,48  ,37  ,37  ,44  ,59  ,53  ,40  ,26  ,43  ,51  ,39  
Knowledge of how organisation works  ,40  ,38  ,39  ,27  ,40  ,45  ,49  ,40  ,48  ,34  ,27  ,36  ,48  ,39  
Adapting to new equipment or materials  ,36  ,43  ,37  ,37  ,37  ,31  ,40  ,36  ,24  ,38  ,47  ,26  ,39  ,29  
"Reading and understanding instructions, reports etc.  ",34  ,50  ,49  ,35  ,33  ,32  ,43  ,15  ,31  ,32  ,19  ,30  ,36  ,24  
Computer literacy / basic IT skills  ,28  ,37  ,23  ,23  ,31  ,19  ,30  ,17  ,36  ,24  ,29  ,36  ,48  ,27  
"Writing instructions, guidelines, etc  ",24  ,39  ,33  ,25  ,19  ,20  ,24  ,28  ,34  ,22  ,15  ,21  ,34  ,20  
Basic numerical skills  ,24  ,40  ,36  ,18  ,22  ,27  ,29  ,11  ,7  ,19  ,11  ,18  ,35  ,19  
Complex numerical or statistical skills  ,23  ,35  ,33  ,23  ,18  ,16  ,21  ,40  ,33  ,23  ,11  ,20  ,32  ,19  
Advanced or specialist IT skills  ,20  ,13  ,16  ,17  ,16  ,9  ,20  ,52  ,22  ,23  ,16  ,30  ,33  ,15  
Manual dexterity  ,18  ,40  ,27  ,30  ,14  ,14  ,19  ,9  ,2  ,25  ,11  ,4  ,9  ,12  
Communicating in a foreign language  ,17  ,25  ,16  ,13  ,10  ,18  ,15  ,5  ,3  ,25  ,9  ,12  ,25  ,6  
None of the above  ,7  ,9  ,4  ,9  ,8  ,11  ,7  ,6  ,8  ,6  ,10  ,8  ,5  ,9  
