﻿,2014  ,2016  ,2019  
,Total  ,Total  ,Total  ,Have SSVs  ,No SSVs  ,Have any skills gaps  ,Do not have any skills gaps  
Unweighted base  ,"14,044  ","14,019  ","16,031  ","1,271  ","14,760  ","3,351  ","12,680  "
,%  ,%  ,%  ,%  ,%  ,%  ,%  
Factors looked for in candidates (% is proportion saying each factor is critical / significant)  
Relevant work experience  ,66  ,65  ,63  ,79  ,62  ,65  ,62  
Maths and English GCSE to at least level or A*-C  ,58  ,56  ,52  ,56  ,52  ,54  ,52  
A relevant vocational qualification  ,50  ,49  ,47  ,58  ,46  ,49  ,47  
"Particular academic qualifications such as GCSEs, A levels or a degree  ",49  ,46  ,42  ,46  ,42  ,42  ,42  
A degree or degree-equivalent ualifications  ,N/A  ,N/A  ,20  ,27  ,19  ,18  ,20  
None important  ,N/A  ,N/A  ,17  ,7  ,18  ,14  ,18  
