﻿,,Primary Sector & Utilities ,Manufacturing ,Construction ,Wholesale & Retail ,Hotels &Restaurants ,Transport & Storage ,Information &Communications ,Financial Services  ,Business Services ,Public Admin. ,Education ,Health & Social Work  ,Arts & Other Services  
Unweighted base  ,%  ,657  ,"1,486  ","1,176  ","4,061  ","1,715  ",532  ,671  ,463  ,"4,023  ",236  ,"1,379  ","2,157  ","1,345  "
Specialist skills or knowledge needed  ,%  ,47  ,49  ,43  ,48  ,41  ,47  ,55  ,62  ,52  ,63  ,57  ,54  ,47  
Knowledge of products and services offered  ,%  ,40  ,41  ,40  ,57  ,50  ,38  ,51  ,67  ,45  ,48  ,35  ,46  ,49  
Adapting to new equipment or materials  ,%  ,57  ,57  ,53  ,51  ,47  ,42  ,38  ,25  ,36  ,44  ,39  ,45  ,48  
Solving complex problems  ,%  ,36  ,37  ,35  ,38  ,35  ,36  ,46  ,46  ,39  ,47  ,35  ,39  ,32  
Computer literacy / basic IT skills  ,%  ,41  ,27  ,27  ,35  ,30  ,33  ,22  ,25  ,28  ,38  ,30  ,33  ,27  
"Reading and understanding instructions, etc.  ",%  ,33  ,27  ,31  ,33  ,36  ,32  ,23  ,32  ,29  ,31  ,23  ,30  ,26  
Knowledge of how your org. works  ,%  ,30  ,26  ,23  ,34  ,42  ,28  ,19  ,35  ,27  ,41  ,29  ,34  ,33  
Advanced or specialist IT skills  ,%  ,22  ,24  ,24  ,24  ,18  ,22  ,63  ,23  ,36  ,34  ,31  ,28  ,24  
"Writing instructions, guidelines, manuals or reports  ",%  ,23  ,20  ,22  ,22  ,26  ,24  ,21  ,23  ,24  ,30  ,22  ,27  ,19  
More complex numerical skills  ,%  ,18  ,16  ,17  ,18  ,21  ,22  ,20  ,23  ,19  ,18  ,19  ,17  ,13  
Basic numerical skills  ,%  ,22  ,13  ,15  ,19  ,25  ,17  ,11  ,15  ,13  ,16  ,11  ,14  ,13  
Manual dexterity  ,%  ,29  ,24  ,21  ,18  ,17  ,15  ,9  ,1  ,8  ,11  ,6  ,7  ,12  
Communicating in a foreign language  ,%  ,5  ,8  ,7  ,10  ,16  ,9  ,9  ,5  ,8  ,8  ,13  ,10  ,10  
