﻿,Base  ,Has a skill-shortage vacancy  ,Has a skills gap  ,Has both skills needs  ,Has either skills need  ,Has no skills needs  
,(n)  ,(%)  ,(%)  ,(%)  ,(%)  ,(%)  
Total  ,"81,013  ",5  ,13  ,2  ,17  ,83  
Sector  
Primary Sector & Utilities  ,"2,952  ",3  ,9  ,1  ,11  ,89  
Manufacturing  ,"6,234  ",8  ,17  ,3  ,22  ,78  
Construction  ,"5,249  ",4  ,10  ,1  ,13  ,87  
Wholesale & Retail  ,"17,503  ",5  ,15  ,1  ,18  ,82  
Hotels & Restaurants  ,"7,594  ",7  ,19  ,4  ,23  ,77  
Transport & Storage  ,"2,330  ",6  ,12  ,2  ,15  ,85  
Information & Communications  ,"2,511  ",5  ,8  ,1  ,11  ,89  
Financial Services  ,"1,577  ",5  ,16  ,2  ,19  ,81  
Business Services  ,"15,490  ",5  ,11  ,2  ,14  ,86  
Public Admin.  ,840  ,7  ,21  ,3  ,25  ,75  
Education  ,"5,012  ",7  ,17  ,3  ,21  ,79  
Health & Social Work  ,"8,092  ",9  ,16  ,3  ,21  ,79  
Arts & Other Services  ,"5,629  ",5  ,12  ,1  ,15  ,85  
