﻿,,Total  ,Country  ,,,Size  
,,,England ,Northern Ireland ,Wales ,2 -4  ,5 - 24  ,25 - 49  ,50 - 99  ,100 - 249  ,250+  
Unweighted Base  ,,"9,273  ","7,651  ",590  ,"1,032  ","2,084  ","4,494  ","1,377  ",749  ,455  ,114  
Skills using new or updated company software or systems  ,%  ,39  ,39  ,40  ,43  ,36  ,42  ,43  ,43  ,47  ,37  
Basic Microsoft Office application skills  ,%  ,16  ,15  ,23  ,19  ,15  ,16  ,17  ,19  ,18  ,22  
Specialist software or hardware / internal systems  ,%  ,10  ,11  ,6  ,7  ,9  ,12  ,13  ,16  ,14  ,13  
Advanced Microsoft Office skills  ,%  ,10  ,10  ,15  ,9  ,10  ,10  ,11  ,12  ,12  ,13  
Foundation digital skills  ,%  ,9  ,9  ,11  ,11  ,9  ,9  ,8  ,9  ,12  ,19  
Graphic design / design engineering  ,%  ,5  ,5  ,5  ,6  ,7  ,4  ,3  ,3  ,3  ,*  
Web development skills  ,%  ,5  ,5  ,5  ,7  ,6  ,4  ,2  ,2  ,2  ,5  
Application programming and development skills  ,%  ,5  ,5  ,7  ,3  ,5  ,4  ,5  ,5  ,5  ,4  
