﻿Job role  ,Unwtd. base  ,SSV Density  ,Number of SSVs  
Top 10 job roles with the highest SSV density  
Carpenters and joiners  ,136  ,66.0%  ,"2,645  "
Welding trades  ,139  ,62.4%  ,"1,508  "
Metal machining setters and setter-operators  ,127  ,61.6%  ,"1,426  "
Butchers  ,57  ,58.4%  ,772  
"Vehicle technicians, mechanics and electricians  ",464  ,51.1%  ,"5,274  "
Veterinarians  ,129  ,50.9%  ,"1,086  "
Veterinary nurses  ,83  ,50.6%  ,825  
Beauticians and related occupations  ,74  ,50.5%  ,925  
Hairdressers and barbers  ,262  ,49.8%  ,"3,759  "
Metal working production and maintenance fitters  ,569  ,48.9%  ,"5,487  "
Top 10 job roles with the lowest SSV density  
Library clerks and assistants  ,60  ,1.0%  ,18  
Finance officers  ,82  ,1.9%  ,40  
Laboratory technicians  ,50  ,4.9%  ,57  
Customer service occupations n.e.c.  ,346  ,7.4%  ,950  
Cleaning and housekeeping managers and supervisors  ,57  ,7.6%  ,77  
Health associate professionals n.e.c.  ,59  ,8.3%  ,141  
Finance and investment analysts and advisers  ,86  ,8.8%  ,607  
Personal assistants and other secretaries  ,96  ,9.1%  ,152  
Records clerks and assistants  ,157  ,9.2%  ,325  
School secretaries  ,91  ,9.2%  ,77  
