﻿,2014  ,2016  ,2019  
Northern Ireland total  ,"2,005  ","2,007  ","1,008  "
Size  
2 to 4  ,524  ,521  ,244  
5 to 24  ,940  ,958  ,522  
25 to 49  ,260  ,245  ,122  
50 to 99  ,155  ,151  ,75  
100 to 249  ,86  ,87  ,31  
250+  ,40  ,45  ,14  
Sector  
Primary Sector & Utilities  ,96  ,120  ,48  
Manufacturing  ,139  ,124  ,88  
Construction  ,148  ,161  ,86  
Wholesale & Retail  ,449  ,531  ,232  
Hotels & Restaurants  ,173  ,131  ,78  
Transport & Storage  ,53  ,56  ,32  
Information & Communications  ,63  ,40  ,20  
Financial Services  ,56  ,46  ,14  
Business Services  ,202  ,246  ,113  
Public Admin.  ,68  ,34  ,10  
Education  ,153  ,139  ,90  
Health & Social Work  ,258  ,252  ,104  
Arts & Other  ,147  ,127  ,93  
