﻿,Overall  ,Primary Sector & Utilities ,Manufacturing ,Construction ,Wholesale & Retail ,Hotels &Restaurants ,Transport & Storage ,Information &Communications ,Financial Services  ,Business Services ,Public Admin. ,Education ,Health & Social Work  ,Arts & OtherServices  
Unweighted base  ,"16,169  ",434  ,"1,548  ",892  ,"3,521  ","2,208  ",413  ,382  ,328  ,"2,638  ",173  ,"1,090  ","1,614  ",928  
,%  ,%  ,%  ,%  ,%  ,%  ,%  ,%  ,%  ,%  ,%  ,%  ,%  ,%  
They are new to the role  ,67  ,73  ,58  ,59  ,63  ,73  ,63  ,63  ,80  ,74  ,69  ,60  ,68  ,60  
Their training is currently only partially completed  ,61  ,57  ,61  ,68  ,58  ,63  ,61  ,47  ,78  ,67  ,75  ,50  ,45  ,60  
Staff lack motivation  ,38  ,47  ,38  ,36  ,38  ,46  ,46  ,31  ,32  ,34  ,18  ,33  ,49  ,32  
"They have been on training, but their performance has not improved sufficiently  ",33  ,42  ,37  ,27  ,35  ,41  ,40  ,18  ,34  ,29  ,14  ,31  ,33  ,27  
Unable to recruit staff with the required skills  ,32  ,45  ,33  ,33  ,28  ,37  ,38  ,25  ,31  ,25  ,22  ,31  ,45  ,28  
Problems retaining staff  ,29  ,37  ,33  ,24  ,21  ,31  ,37  ,31  ,29  ,38  ,18  ,28  ,27  ,22  
The introduction of new working practices  ,29  ,36  ,20  ,18  ,30  ,26  ,31  ,21  ,39  ,26  ,38  ,38  ,46  ,21  
They have not received the appropriate training  ,28  ,33  ,29  ,26  ,24  ,24  ,25  ,24  ,33  ,31  ,30  ,22  ,33  ,23  
The introduction of new technology  ,25  ,33  ,21  ,18  ,28  ,15  ,27  ,32  ,41  ,23  ,25  ,21  ,37  ,15  
The development of new products and services  ,20  ,22  ,22  ,10  ,22  ,19  ,15  ,21  ,38  ,15  ,30  ,15  ,27  ,13  
