﻿LEA  ,Unwtd. base  ,Skills Gap Density  ,Number of Skills Gaps  
Total  ,"70,217  ",4.5%  ,"1,155,738  "
10 LEAs with the highest skills gap density  
Blackburn with Darwen  ,170  ,11.3%  ,"7,356  "
Knowsley  ,89  ,10.1%  ,"6,802  "
Reading  ,148  ,8.9%  ,"9,141  "
Lambeth  ,282  ,8.1%  ,"12,627  "
Salford  ,208  ,7.8%  ,"9,713  "
Southampton  ,188  ,7.4%  ,"8,151  "
Luton  ,148  ,7.3%  ,"6,496  "
Telford and Wrekin  ,200  ,6.9%  ,"5,787  "
Trafford  ,286  ,6.9%  ,"10,105  "
Calderdale  ,334  ,6.8%  ,"6,207  "
10 LEAs with the lowest skills gap density  
Wokingham  ,138  ,1.5%  ,"1,387  "
Tower Hamlets  ,295  ,1.8%  ,"5,150  "
Hartlepool  ,155  ,1.9%  ,570  
Waltham Forest  ,157  ,2.0%  ,"1,358  "
Tameside  ,207  ,2.0%  ,"1,302  "
Hounslow  ,285  ,2.2%  ,"3,391  "
Barking and Dagenham  ,128  ,2.3%  ,"1,240  "
South Gloucestershire  ,259  ,2.3%  ,"3,291  "
Wolverhampton  ,217  ,2.5%  ,"2,444  "
Oldham  ,181  ,2.5%  ,"2,033  "
