﻿,Total  ,England  ,Northern Ireland  ,Wales  
,%  ,%  ,%  ,%  
Managers  ,2.2%  ,2.2%  ,1.5%  ,1.9%  
Professionals  ,3.0%  ,3.1%  ,1.3%  ,1.5%  
Associate professionals  ,4.3%  ,4.4%  ,2.6%  ,3.2%  
Administrative / clerical staff  ,3.9%  ,4.0%  ,2.8%  ,3.2%  
Skilled trades occupations  ,5.1%  ,5.1%  ,4.5%  ,4.5%  
"Caring, leisure and other services  ",3.7%  ,3.8%  ,1.6%  ,3.9%  
Sales and customer services  ,6.4%  ,6.5%  ,4.8%  ,6.3%  
Machine operatives  ,5.2%  ,5.0%  ,6.3%  ,7.0%  
Elementary staff  ,8.0%  ,8.3%  ,4.9%  ,5.9%  
