﻿,Overall  ,Primary Sector & Utilities ,Manufacturing ,Construction ,Wholesale & Retail ,Hotels &Restaurants ,Transport & Storage ,Information &Communications ,FinancialServices ,Business Services ,Public Admin. ,Education ,Health & Social Work  ,Arts & OtherServices  
Unweighted base  ,"6,529  ",149  ,660  ,339  ,955  ,854  ,199  ,218  ,96  ,"1,231  ",61  ,469  ,962  ,336  
,%  ,%  ,%  ,%  ,%  ,%  ,%  ,%  ,%  ,%  ,%  ,%  ,%  ,%  
Ability to manage own time and prioritise own tasks  ,45  ,53  ,31  ,55  ,53  ,59  ,49  ,34  ,28  ,40  ,49  ,38  ,41  ,51  
Team working  ,34  ,49  ,32  ,36  ,36  ,51  ,32  ,29  ,18  ,24  ,43  ,33  ,33  ,43  
Customer handling skills  ,34  ,32  ,18  ,38  ,45  ,44  ,42  ,31  ,34  ,32  ,24  ,23  ,27  ,47  
"Managing own feelings, or handling feelings of others  ",33  ,40  ,26  ,32  ,37  ,43  ,40  ,26  ,32  ,28  ,38  ,39  ,30  ,42  
Managing or motivating other staff  ,31  ,37  ,25  ,30  ,32  ,43  ,34  ,23  ,22  ,34  ,20  ,28  ,26  ,35  
Persuading or influencing others  ,27  ,16  ,19  ,22  ,33  ,35  ,34  ,25  ,25  ,26  ,32  ,20  ,24  ,28  
"Instructing, teaching or training people  ",22  ,24  ,19  ,23  ,23  ,32  ,19  ,14  ,13  ,22  ,27  ,27  ,19  ,20  
Sales skills  ,22  ,11  ,12  ,16  ,34  ,31  ,20  ,26  ,30  ,26  ,19  ,6  ,11  ,37  
Setting objectives for others & planning resources  ,21  ,17  ,16  ,22  ,22  ,26  ,24  ,22  ,16  ,24  ,13  ,15  ,18  ,23  
Making speeches or presentations  ,15  ,10  ,11  ,14  ,13  ,11  ,19  ,26  ,6  ,16  ,30  ,16  ,12  ,25  
None of the above  ,24  ,22  ,29  ,21  ,18  ,15  ,22  ,27  ,37  ,23  ,12  ,23  ,35  ,20  
