﻿,2014  ,2016  ,2019  
Wales total  ,"2,007  ","1,997  ","1,678  "
Size  
2 to 4  ,503  ,511  ,509  
5 to 24  ,918  ,942  ,813  
25 to 49  ,315  ,234  ,195  
50 to 99  ,134  ,140  ,90  
100 to 249  ,96  ,121  ,57  
250+  ,41  ,49  ,14  
Sector  
Primary Sector & Utilities  ,133  ,114  ,96  
Manufacturing  ,134  ,142  ,114  
Construction  ,152  ,143  ,97  
Wholesale & Retail  ,431  ,483  ,341  
Hotels & Restaurants  ,207  ,222  ,196  
Transport & Storage  ,51  ,59  ,41  
Information & Communications  ,70  ,43  ,40  
Financial Services  ,50  ,38  ,30  
Business Services  ,230  ,232  ,245  
Public Admin.  ,60  ,51  ,31  
Education  ,116  ,107  ,125  
Health & Social Work  ,239  ,242  ,194  
Arts & Other  ,134  ,121  ,128  
