﻿,Overall ,Managers ,Professionals ,Associate Professionals ,Administrative and Clerical  ,Skilled Trades  ,"Caring, Leisure and Other Services ",Sales andCustomer Service ,Machine Operatives ,Elementary Occupations  
Unweighted base  ,"16,169  ","2,567  ","1,379  ","1,312  ","3,432  ","2,545  ","1,822  ","3,548  ","1,595  ","3,414  "
,%  ,%  ,%  ,%  ,%  ,%  ,%  ,%  ,%  ,%  
Ability to manage own time and prioritise own tasks  ,60  ,60  ,72  ,56  ,57  ,59  ,65  ,65  ,57  ,56  
Team working  ,50  ,54  ,53  ,42  ,41  ,48  ,61  ,48  ,57  ,51  
"Managing their own feelings, or handling the feelings of others  ",49  ,56  ,53  ,48  ,44  ,41  ,61  ,51  ,44  ,48  
Customer handling skills  ,45  ,35  ,45  ,42  ,49  ,31  ,49  ,65  ,23  ,45  
Managing or motivating other staff  ,41  ,70  ,60  ,49  ,30  ,37  ,42  ,33  ,34  ,37  
Persuading or influencing others  ,38  ,54  ,57  ,42  ,36  ,29  ,38  ,43  ,25  ,33  
"Instructing, teaching or training people  ",30  ,46  ,51  ,35  ,24  ,31  ,30  ,23  ,28  ,24  
"Setting objectives for others and planning human, financial and other resources  ",28  ,58  ,54  ,43  ,22  ,22  ,23  ,20  ,16  ,23  
Sales skills  ,26  ,23  ,15  ,25  ,24  ,17  ,13  ,56  ,6  ,25  
Making speeches or presentations  ,19  ,33  ,45  ,36  ,20  ,13  ,16  ,15  ,8  ,11  
None of the above  ,14  ,14  ,11  ,13  ,12  ,22  ,10  ,9  ,15  ,20  
