﻿,,Total  ,Country  ,,,Size  
,,,England ,Northern Ireland ,Wales ,2 -4  ,5 - 24  ,25 - 49  ,50 - 99  ,100 - 249  ,250+  
Unweighted Base  ,,"19,901  ","16,507  ","1,247  ","2,147  ","4,347  ","9,994  ","2,929  ","1,530  ",862  ,239  
Ability to manage my own time and prioritise own tasks  ,%  ,41  ,41  ,41  ,43  ,35  ,46  ,50  ,50  ,54  ,49  
Team working  ,%  ,37  ,37  ,37  ,38  ,29  ,43  ,50  ,51  ,54  ,56  
Managing or motivating other staff  ,%  ,36  ,36  ,35  ,37  ,28  ,42  ,49  ,50  ,55  ,52  
Customer handling skills  ,%  ,34  ,34  ,33  ,35  ,29  ,39  ,40  ,38  ,39  ,41  
"Managing their own feelings, or handling the feelings of others  ",%  ,33  ,33  ,33  ,36  ,26  ,38  ,45  ,48  ,51  ,54  
"Instructing, teaching or training people  ",%  ,31  ,31  ,29  ,31  ,25  ,36  ,43  ,41  ,46  ,47  
"Setting objectives for others and planning human, financial and other resources  ",%  ,28  ,28  ,29  ,28  ,23  ,30  ,36  ,38  ,41  ,46  
Sales skills  ,%  ,27  ,28  ,25  ,26  ,26  ,30  ,25  ,21  ,23  ,20  
Persuading or influencing others  ,%  ,27  ,27  ,26  ,26  ,24  ,29  ,34  ,34  ,44  ,44  
Making speeches or presentations  ,%  ,15  ,15  ,15  ,14  ,13  ,16  ,19  ,21  ,22  ,28  
