﻿,Total ,Skilled trades occupations  ,Professionals ,Machine Operatives ,"Caring, leisure and other service staff  ",Managers ,Associate Professionals ,Elementary Staff ,Sales and customer services staff  ,Administrative / Clerical Staff  
Total  ,"6,529  ","1,728  ","1,380  ",663  ,"1,230  ",401  ,"1,254  ","1,118  ",539  ,843  
Manufacturing  ,660  ,569  ,174  ,457  ,2  ,100  ,340  ,129  ,80  ,191  
Construction  ,339  ,415  ,105  ,108  ,0  ,57  ,120  ,73  ,30  ,120  
Primary Sector & Utilities  ,149  ,69  ,33  ,113  ,18  ,20  ,38  ,118  ,20  ,49  
Business Services  ,"1,231  ",398  ,"1,069  ",158  ,221  ,171  ,"1,226  ",271  ,187  ,830  
Transport and Storage  ,199  ,47  ,19  ,320  ,5  ,32  ,62  ,91  ,42  ,99  
Health and Social Work  ,962  ,115  ,816  ,46  ,"2,072  ",160  ,372  ,262  ,60  ,414  
Arts and Other Services  ,336  ,91  ,96  ,17  ,458  ,117  ,302  ,214  ,60  ,245  
Information and Communications  ,218  ,62  ,272  ,9  ,3  ,26  ,283  ,17  ,65  ,83  
Education  ,469  ,38  ,671  ,22  ,828  ,37  ,231  ,262  ,6  ,251  
Wholesale and Retail  ,955  ,652  ,107  ,327  ,23  ,236  ,350  ,443  ,"1,852  ",278  
Hotels and Restaurants  ,854  ,917  ,2  ,144  ,136  ,209  ,72  ,"2,123  ",111  ,203  
Financial Services  ,96  ,1  ,43  ,0  ,0  ,15  ,165  ,0  ,39  ,169  
Public Administration  ,61  ,22  ,77  ,13  ,20  ,22  ,125  ,26  ,14  ,108  
