﻿,2014  ,2016  ,2019  
Northern Ireland total  ,"2,005  ","2,007  ","1,011  "
Size  
2 to 4  ,524  ,521  ,267  
5 to 24  ,940  ,958  ,513  
25 to 49  ,260  ,245  ,116  
50 to 99  ,155  ,151  ,69  
100 to 249  ,86  ,87  ,37  
250+  ,40  ,45  ,9  
Sector  
Primary Sector & Utilities  ,96  ,120  ,50  
Manufacturing  ,139  ,124  ,95  
Construction  ,148  ,161  ,72  
Wholesale & Retail  ,449  ,531  ,236  
Hotels & Restaurants  ,173  ,131  ,73  
Transport & Storage  ,53  ,56  ,27  
Information & Communications  ,63  ,40  ,14  
Financial Services  ,56  ,46  ,21  
Business Services  ,202  ,246  ,122  
Public Admin.  ,68  ,34  ,12  
Education  ,153  ,139  ,89  
Health & Social Work  ,258  ,252  ,113  
Arts & Other  ,147  ,127  ,87  
