﻿,2017  ,,,,2019  
,Total  ,England  ,Northern Ireland  ,Wales  ,Total  ,England  ,Northern Ireland  ,Wales  
Base  ,"40,373  ","35,490  ","1,945  ","2,938  ","32,088  ","26,707  ","2,003  ","3,378  "
New legislative or regulatory requirements  ,38%  ,38%  ,39%  ,41%  ,42%  ,42%  ,39%  ,46%  
The introduction of new technologies or equipment  ,39%  ,38%  ,39%  ,42%  ,41%  ,41%  ,36%  ,44%  
The development of new products and services  ,35%  ,35%  ,32%  ,37%  ,35%  ,35%  ,30%  ,38%  
The introduction of new working practices  ,35%  ,35%  ,36%  ,39%  ,35%  ,35%  ,34%  ,40%  
Increased competitive pressure  ,24%  ,24%  ,25%  ,23%  ,22%  ,22%  ,22%  ,24%  
The UK’s decision to leave the EU  ,13%  ,13%  ,17%  ,11%  ,18%  ,18%  ,23%  ,17%  
