﻿"Design, animation and graphics skills  ",Basic internet skills  ,Basic digital skills  
Animation skills  ,Communicating via email  ,Foundation digital skills – such as turning on devices typing changing passwords connecting to the internet  
Multimedia production skills  ,Completing transactions online  ,Basic Microsoft Office applications skills (Word Excel PowerPoint Outlook etc.)  
Graphic design / design engineering skills (incl. Computer Aided Design [CAD] skills)  ,Using the internet to find solutions to problems  ,
,Being safe and legal online –  e.g. understanding online risks and threats  ,
