﻿,2015 ,2017 ,2019  
Unweighted base  ,"8,526  ","16,519  ","16,169  "
,%  ,%  ,%  
Technical and practical skills  
Specialist skills or knowledge needed to perform the role  ,48  ,47  ,53  
Knowledge of products and services offered by your organisation  ,37  ,39  ,43  
Solving complex problems requiring a solution specific to the situation  ,39  ,36  ,41  
Knowledge of how your organisation works  ,37  ,35  ,40  
Adapting to new equipment or materials  ,32  ,28  ,36  
"Reading and understanding instructions, guidelines, manuals or reports  ",30  ,31  ,34  
Computer literacy / basic IT skills  ,30  ,25  ,28  
"Writing instructions, guidelines, manuals or reports  ",22  ,23  ,24  
Basic numerical skills and understanding  ,20  ,21  ,24  
More complex numerical or statistical skills and understanding  ,25  ,20  ,23  
Advanced or specialist IT skills  ,27  ,19  ,20  
Manual dexterity  ,14  ,12  ,18  
Communicating in a foreign language  ,12  ,13  ,17  
None of the above  ,9  ,10  ,7  
People and personal skills  
Ability to manage own time and prioritise own tasks  ,59  ,59  ,60  
Team working  ,55  ,50  ,50  
"Managing their own feelings, or handling the feelings of others  ",46  ,43  ,49  
Customer handling skills  ,46  ,45  ,45  
Managing or motivating other staff  ,41  ,37  ,41  
Persuading or influencing others  ,39  ,35  ,38  
"Instructing, teaching or training people  ",29  ,27  ,30  
"Setting objectives for others & planning human, financial & other resources  ",31  ,25  ,28  
Sales skills  ,24  ,26  ,26  
Making speeches or presentations  ,17  ,16  ,19  
None of the above  ,12  ,12  ,14  
