﻿,2013  ,,,2015  ,,,2017  ,,,2019  
,% of establishments with any skills gaps  ,Number of staff not fully proficient (skills gaps)  ,% of staff with skills gaps  ,% of establishments with any skills gaps  ,Number of staff not fully proficient (skills gaps)  ,% of staff with skills gaps  ,% of establishments with any skills gaps  ,Number of staff not fully proficient (skills gaps)  ,% of staff with skills gaps  ,% of establishments with any skills gaps  ,Number of staff not fully proficient (skills gaps)  ,% of staff with skills gaps  
Total  ,15  ,"1,275,000  ",5.2  ,14  ,"1,263,000  ",5.0  ,13  ,"1,145,000  ",4.3  ,13  ,"1,245,000  ",4.5  
Size  
2 to 4  ,7  ,"64,000  ",2.9  ,6  ,"58,000  ",2.6  ,6  ,"59,000  ",2.4  ,5  ,"57,000  ",2.2  
5 to 24  ,21  ,"284,000  ",4.8  ,19  ,"262,000  ",4.3  ,19  ,"263,000  ",4.2  ,19  ,"281,000  ",4.3  
25 to 49  ,32  ,"153,000  ",5.0  ,30  ,"145,000  ",4.5  ,30  ,"154,000  ",4.7  ,32  ,"161,000  ",4.8  
50 to 99  ,35  ,"163,000  ",5.1  ,33  ,"144,000  ",4.5  ,31  ,"141,000  ",4.3  ,35  ,"160,000  ",4.6  
100 to 249  ,43  ,"200,000  ",5.4  ,39  ,"195,000  ",5.0  ,33  ,"188,000  ",4.6  ,38  ,"209,000  ",4.8  
250+  ,47  ,"412,000  ",6.2  ,43  ,"458,000  ",6.8  ,42  ,"339,000  ",4.8  ,39  ,"378,000  ",5.2  
