﻿,Overall  ,Primary Sector & Utilities ,Manufacturing ,Construction ,Wholesale & Retail  ,Hotels & Restaurants  ,Transport & Storage  ,Information &Communications ,Financial Services  ,Business Services  ,Public Admin. ,Education  ,Health & Social Work  ,Arts & OtherServices  
Unweighted base  ,"16,169  ",434  ,"1,548  ",892  ,"3,521  ","2,208  ",413  ,382  ,328  ,"2,638  ",173  ,"1,090  ","1,614  ",928  
,%  ,%  ,%  ,%  ,%  ,%  ,%  ,%  ,%  ,%  ,%  ,%  ,%  ,%  
Ability to manage own time and prioritise own tasks  ,60  ,66  ,49  ,62  ,65  ,70  ,56  ,58  ,56  ,56  ,45  ,60  ,71  ,60  
Team working  ,50  ,65  ,49  ,51  ,50  ,61  ,52  ,45  ,46  ,39  ,40  ,56  ,64  ,53  
"Managing their own feelings, or handling feelings of others  ",49  ,55  ,46  ,44  ,48  ,55  ,46  ,58  ,39  ,39  ,47  ,59  ,66  ,52  
Customer handling skills  ,45  ,34  ,15  ,32  ,54  ,66  ,46  ,50  ,49  ,38  ,27  ,35  ,54  ,57  
Managing or motivating other staff  ,41  ,43  ,41  ,30  ,40  ,48  ,44  ,34  ,36  ,36  ,37  ,45  ,52  ,33  
Persuading or influencing others  ,38  ,29  ,24  ,26  ,38  ,41  ,42  ,50  ,42  ,40  ,35  ,40  ,50  ,37  
"Instructing, teaching or training people  ",30  ,32  ,27  ,24  ,27  ,38  ,32  ,30  ,26  ,24  ,31  ,42  ,39  ,26  
Setting objectives for others and planning resources  ,28  ,17  ,33  ,27  ,22  ,26  ,24  ,41  ,33  ,27  ,23  ,32  ,40  ,21  
Sales skills  ,26  ,9  ,8  ,12  ,42  ,44  ,16  ,47  ,39  ,24  ,3  ,9  ,10  ,34  
Making speeches or presentations  ,19  ,10  ,12  ,12  ,15  ,15  ,14  ,25  ,28  ,21  ,31  ,23  ,29  ,20  
None of the above  ,14  ,15  ,12  ,21  ,11  ,8  ,12  ,7  ,24  ,25  ,18  ,10  ,7  ,12  
