﻿LEP  ,Unwtd. base  ,Skills Gap Density  ,Number of Skills Gaps  
Total  ,"70,217  ",4.5%  ,"1,155,738  "
10 LEPs with the highest skills gap density  
Leicester and Leicestershire  ,"1,358  ",6.1%  ,"28,762  "
Liverpool City Region  ,"1,378  ",5.9%  ,"36,681  "
Greater Cambridge Greater Peterborough  ,"2,637  ",5.8%  ,"46,946  "
Lancashire  ,"1,869  ",5.6%  ,"35,208  "
Hertfordshire  ,"1,380  ",5.6%  ,"35,380  "
Gloucestershire  ,986  ,5.4%  ,"15,340  "
Greater Lincolnshire  ,"1,716  ",5.2%  ,"22,519  "
Dorset  ,"1,064  ",5.1%  ,"16,857  "
Greater Manchester  ,"2,528  ",5.1%  ,"65,373  "
Cheshire and Warrington  ,"1,312  ",5.0%  ,"24,260  "
10 LEPs with the lowest skills gap density  
Black Country  ,"1,079  ",3.0%  ,"12,771  "
Stoke-on-Trent and Staffordshire  ,"1,242  ",3.1%  ,"14,551  "
Greater Birmingham and Solihull  ,"1,970  ",3.5%  ,"32,719  "
London  ,"10,117  ",3.6%  ,"182,710  "
Tees Valley  ,"1,263  ",3.9%  ,"10,007  "
Buckinghamshire Thames Valley  ,639  ,3.9%  ,"8,894  "
North Eastern  ,"4,039  ",4.0%  ,"31,767  "
West of England  ,"1,341  ",4.1%  ,"23,484  "
Worcestershire  ,844  ,4.1%  ,"10,275  "
Cumbria  ,"1,053  ",4.2%  ,"10,085  "
