﻿,2014  ,2016  ,2019  
Northern Ireland total  ,"2,005  ","2,007  ","2,003  "
Size  
2 to 4  ,524  ,521  ,473  
5 to 24  ,940  ,958  ,"1,067  "
25 to 49  ,260  ,245  ,247  
50 to 99  ,155  ,151  ,141  
100 to 249  ,86  ,87  ,56  
250+  ,40  ,45  ,19  
Sector  
Primary Sector & Utilities  ,96  ,120  ,96  
Manufacturing  ,139  ,124  ,194  
Construction  ,148  ,161  ,159  
Wholesale & Retail  ,449  ,531  ,462  
Hotels & Restaurants  ,173  ,131  ,160  
Transport & Storage  ,53  ,56  ,53  
Information & Communications  ,63  ,40  ,31  
Financial Services  ,56  ,46  ,46  
Business Services  ,202  ,246  ,226  
Public Admin.  ,68  ,34  ,26  
Education  ,153  ,139  ,180  
Health & Social Work  ,258  ,252  ,222  
Arts & Other  ,147  ,127  ,148  
