﻿,Overall ,Managers ,Professionals ,Associate Professionals ,Administrative and Clerical  ,Skilled Trades  ,"Caring,Leisure and Other Services ",Sales andCustomer Service ,Machine Operatives ,Elementary Occupations  
Unweighted base  ,"16,169  ","2,567  ","1,379  ","1,312  ","3,432  ","2,545  ","1,822  ","3,548  ","1,595  ","3,414  "
,%  ,%  ,%  ,%  ,%  ,%  ,%  ,%  ,%  ,%  
Specialist skills or knowledge needed to perform the role  ,53  ,54  ,77  ,68  ,43  ,65  ,63  ,45  ,51  ,46  
Knowledge of products and services offered by your organisation and organisations like yours  ,43  ,28  ,29  ,45  ,43  ,40  ,38  ,57  ,42  ,44  
Solving complex problems requiring a solution specific to the situation  ,41  ,50  ,51  ,53  ,48  ,45  ,40  ,38  ,34  ,30  
Knowledge of how your organisation works  ,40  ,33  ,47  ,41  ,38  ,29  ,42  ,44  ,32  ,42  
Adapting to new equipment or materials  ,36  ,25  ,33  ,25  ,29  ,40  ,32  ,32  ,48  ,45  
"Reading and understanding instructions, guidelines, manuals or reports  ",34  ,25  ,16  ,26  ,30  ,35  ,44  ,29  ,47  ,41  
Computer literacy / basic IT skills  ,28  ,36  ,31  ,26  ,32  ,24  ,37  ,28  ,29  ,23  
"Writing instructions, guidelines, manuals or reports  ",24  ,36  ,18  ,24  ,22  ,26  ,32  ,16  ,27  ,25  
Basic numerical skills and understanding  ,24  ,17  ,23  ,9  ,18  ,19  ,25  ,19  ,34  ,34  
More complex numerical or statistical skills and understanding  ,23  ,31  ,36  ,31  ,30  ,21  ,17  ,18  ,23  ,19  
Advanced or specialist IT skills  ,20  ,32  ,42  ,29  ,38  ,18  ,15  ,17  ,9  ,10  
Manual dexterity  ,18  ,7  ,3  ,4  ,7  ,30  ,14  ,9  ,34  ,31  
Communicating in a foreign language  ,17  ,10  ,24  ,4  ,10  ,10  ,14  ,9  ,19  ,30  
None of the above  ,7  ,9  ,6  ,8  ,6  ,10  ,7  ,9  ,5  ,7  
