﻿,Overall ,Managers ,Professionals ,Associate Professionals ,Administrative and Clerical ,Skilled Trades  ,"Caring, Leisure and Other Services  ",Sales and Customer Service  ,Machine Operatives ,Elementary Occupations  
Unweighted base  ,"6,529  ",289  ,"1,222  ","1,022  ",455  ,"1,607  ","1,018  ",409  ,558  ,749  
,%  ,%  ,%  ,%  ,%  ,%  ,%  ,%  ,%  ,%  
Ability to manage own time and prioritise own tasks  ,45  ,38  ,27  ,39  ,42  ,48  ,57  ,57  ,41  ,61  
Team working  ,34  ,32  ,18  ,30  ,28  ,34  ,45  ,36  ,43  ,43  
Customer handling skills  ,34  ,40  ,20  ,33  ,40  ,28  ,44  ,58  ,28  ,41  
"Managing their own feelings, or handling the feelings of others  ",33  ,37  ,23  ,30  ,31  ,32  ,43  ,41  ,35  ,37  
Managing or motivating other staff  ,31  ,49  ,26  ,26  ,29  ,33  ,33  ,32  ,29  ,40  
Persuading or influencing others  ,27  ,43  ,19  ,35  ,25  ,23  ,30  ,45  ,16  ,27  
"Instructing, teaching or training people  ",22  ,33  ,17  ,22  ,18  ,22  ,26  ,24  ,16  ,29  
Sales skills  ,22  ,27  ,16  ,33  ,23  ,13  ,21  ,54  ,8  ,33  
"Setting objectives for others and planning human, financial and other resources  ",21  ,39  ,21  ,21  ,22  ,22  ,26  ,20  ,13  ,18  
Making speeches or presentations  ,15  ,14  ,21  ,20  ,13  ,10  ,16  ,18  ,6  ,9  
None of the above  ,24  ,19  ,39  ,23  ,21  ,26  ,17  ,12  ,23  ,14  
