﻿,2015 ,2017 ,2019  
Unweighted base  ,"3,044  ","6,677  ","6,529  "
,%  ,%  ,%  
Technical and practical skills  
Specialist skills or knowledge needed to perform the role  ,63  ,64  ,63  
Solving complex problems requiring a solution specific to the situation  ,40  ,39  ,39  
Knowledge of products and services offered by your organisation  ,37  ,36  ,38  
Knowledge of how your organisation works  ,30  ,31  ,32  
"Reading and understanding instructions, guidelines, manuals or reports  ",27  ,32  ,31  
"Writing instructions, guidelines, manuals or reports  ",25  ,27  ,26  
More complex numerical or statistical skills and understanding  ,29  ,25  ,24  
Basic numerical skills and understanding  ,25  ,29  ,23  
Computer literacy / basic IT skills  ,22  ,22  ,21  
Adapting to new equipment or materials  ,20  ,22  ,21  
Advanced or specialist IT skills  ,22  ,20  ,18  
Manual dexterity  ,15  ,17  ,18  
Communicating in a foreign language  ,15  ,16  ,17  
None of the above  ,7  ,9  ,8  
People and personal skills  
Ability to manage own time and prioritise own tasks  ,47  ,50  ,45  
Team working  ,33  ,36  ,34  
Customer handling skills  ,39  ,38  ,34  
"Managing their own feelings, or handling the feelings of others  ",32  ,36  ,33  
Managing or motivating other staff  ,29  ,33  ,31  
Persuading or influencing others  ,30  ,32  ,27  
"Instructing, teaching or training people  ",21  ,24  ,22  
Sales skills  ,24  ,26  ,22  
"Setting objectives for others & planning human, financial & other resources  ",21  ,24  ,21  
Making speeches or presentations  ,17  ,16  ,15  
None of the above  ,25  ,22  ,24  
