﻿Outlook  ,Economy  ,Technology  ,Skill supply side considerations  ,Outcome  
Optimistic outlook  ,Accelerates rapidly following  COVID-19  ,"Rapid progress in technologies related to the green economy, digitalisation and biosciences  ",Supply keeps pace with demand  ,Roadmap targets met with UK as major force in all aspects of R&D – with less geographical concentration of activity  
,,,Supply side struggles to keep pace with demand  ,"R&D strong in traditional areas of strength, put progress in other areas becomes patchy  "
Stable outlook (business as usual)  ,Moderate growth following  COVID-19  ,R&D develops in new areas but is more dependent upon traditional areas of strength than under the optimistic outlook  ,Supply keeps pace with demand  ,"R&D remains particularly strong in traditional areas of R&D, and is able to capture new areas of activity albeit patchily  "
,,,Supply side struggles to keep pace with demand  ,R&D remains locked in traditional areas of expertise  
Pessimistic outlook  ,Economy in doldrums over medium-term following  COVID-19  ,Investments in R&D constrained such that even traditional areas of strength are weakened  ,Supply keeps pace with demand  ,Even traditional areas of excellence are at risk of contracting  
,,,Supply side struggles to keep pace with demand  ,R&D fundamentally challenged with risk that the function is lost to other countries in some instances  
