﻿,Full-time mean wage (₤)  ,,,,% change  
,2005  ,2010  ,2015  ,2019  ,2005 - 2010  ,2010-2015  ,2015-2019  
All occupations  ,431.2  ,498.5  ,527.1  ,584.9  ,15.6  ,5.7  ,11.0  
21  Science and technology professionals  ,632.4  ,704.8  ,760.6  ,818.0  ,11.4  ,7.9  ,7.5  
211 Science Professionals  ,597.9  ,690.2  ,703.0  ,743.2  ,15.4  ,1.9  ,5.7  
2111 Chemical Scientists  ,595.5  ,604.2  ,629.6  ,656.9  ,1.5  ,4.2  ,4.3  
2112 Biological Scientists and Biochemists  ,577.9  ,700.2  ,733.9  ,747.0  ,21.2  ,4.8  ,1.8  
2113 Physical Scientists  ,647.9  ,785.8  ,742.9  ,865.1  ,21.3  ,-5.5  ,16.4  
2114 Social and Humanities Scientists  ,,,609.6  ,629.6  ,,,3.3  
2119 Natural and Social Science Professionals not elsewhere classified  ,,,691.5  ,742.6  ,,,7.4  
2121 Civil Engineers  ,610.1  ,699.5  ,745.6  ,785.4  ,14.7  ,6.6  ,5.3  
2122 Mechanical Engineers  ,649.1  ,766.5  ,817.4  ,800.2  ,18.1  ,6.6  ,-2.1  
,2005  ,2010  ,2015  ,2019  ,2005 - 2010  ,2010-2015  ,2015-2019  
2123 Electrical Engineers  ,697.2  ,831.9  ,834.3  ,924.8  ,19.3  ,0.3  ,10.8  
2124 Electronics Engineers  ,645.9  ,853.4  ,807.8  ,867.7  ,32.1  ,-5.3  ,7.4  
2126 Design and Development Engineers  ,630.1  ,665.4  ,738.6  ,794.8  ,5.6  ,11.0  ,7.6  
2127 Production and Process Engineers  ,597.7  ,657.8  ,723.0  ,774.7  ,10.1  ,9.9  ,7.2  
2129 Engineering Professionals not elsewhere classified  ,607.8  ,694.7  ,768.7  ,787.8  ,14.3  ,10.7  ,2.5  
2150 Research and Development Managers  ,,,859.3  ,958.2  ,,,11.5  
2311 Higher Education Teaching Professionals  ,719.8  ,865.4  ,907.0  ,989.5  ,20.2  ,4.8  ,9.1  
3111 Laboratory Technicians  ,410.2  ,416.0  ,400.8  ,413.3  ,1.4  ,-3.7  ,3.1  
