﻿,Medicine &dentistry ,Subjects allied to ,Biological sciences ,Veterinary science ,Agriculture &related ,Physicalsciences ,Mathematicalsciences ,Computer science ,Engineering& technology ,"Architecture,building &  ",Total -Science  ,Total  
"Agriculture, forestry and fishing  ",,,,,13%  ,,,,,0%  ,1%  ,
Mining and quarrying  ,,,,,,2%  ,,,2%  ,,1%  ,
Manufacturing  ,1%  ,2%  ,4%  ,1%  ,11%  ,11%  ,4%  ,6%  ,29%  ,2%  ,8%  ,5%  
"Electricity, etc.  ",,,,,,1%  ,1%  ,1%  ,2%  ,1%  ,1%  ,
"Water supply, etc  ",,,,,1%  ,2%  ,0%  ,0%  ,2%  ,,1%  ,0%  
Construction  ,,,,,1%  ,2%  ,1%  ,1%  ,9%  ,23%  ,3%  ,2%  
Wholesale and retail trade  ,,6%  ,9%  ,1%  ,13%  ,7%  ,6%  ,9%  ,5%  ,2%  ,7%  ,8%  
Transport and storage  ,,,1%  ,,0%  ,1%  ,2%  ,2%  ,3%  ,1%  ,1%  ,1%  
Accommodation and food service activities  ,,1%  ,6%  ,1%  ,7%  ,4%  ,3%  ,3%  ,2%  ,1%  ,3%  ,4%  
Information and communication  ,1%  ,,3%  ,,1%  ,8%  ,15%  ,41%  ,7%  ,1%  ,7%  ,7%  
Financial and insurance activities  ,,,3%  ,,1%  ,5%  ,21%  ,8%  ,2%  ,1%  ,3%  ,4%  
Real estate activities  ,,,1%  ,,3%  ,1%  ,1%  ,1%  ,,7%  ,1%  ,1%  
"Professional, scientific and technical activities  ",3%  ,2%  ,9%  ,89%  ,17%  ,23%  ,17%  ,8%  ,21%  ,46%  ,12%  ,13%  
Administrative and support service activities  ,,1%  ,4%  ,,3%  ,3%  ,2%  ,4%  ,2%  ,2%  ,2%  ,3%  
"Public administration, etc.  ",1%  ,2%  ,5%  ,1%  ,3%  ,7%  ,4%  ,4%  ,4%  ,6%  ,4%  ,6%  
Education  ,8%  ,5%  ,20%  ,5%  ,9%  ,15%  ,17%  ,8%  ,6%  ,3%  ,10%  ,19%  
Human health and social work activities  ,85%  ,78%  ,26%  ,2%  ,5%  ,4%  ,3%  ,3%  ,2%  ,1%  ,34%  ,19%  
"Arts, entertainment and recreation  ",,1%  ,6%  ,1%  ,7%  ,3%  ,2%  ,2%  ,1%  ,1%  ,2%  ,4%  
Other service activities  ,,1%  ,2%  ,,5%  ,2%  ,1%  ,1%  ,1%  ,,1%  ,2%  
Total  ,100%  ,100%  ,100%  ,100%  ,100%  ,100%  ,100%  ,100%  ,100%  ,100%  ,100%  ,100%  
