﻿,Undergraduate degree  ,,Higher level degree  
Field of study  ,2012  ,2019  ,2012  ,2019  
Medicine and dentistry  ,2  ,2  ,3  ,3  
Medical related subjects  ,8  ,9  ,6  ,7  
Biological Sciences  ,8  ,8  ,7  ,8  
Agricultural Sciences  ,1  ,2  ,1  ,1  
Physical/Environmental Sciences  ,6  ,5  ,7  ,6  
Mathematical Sciences & Computing  ,7  ,7  ,8  ,6  
Engineering  ,7  ,7  ,6  ,7  
Technology  ,1  ,1  ,1  ,1  
Architecture and related studies  ,3  ,3  ,2  ,3  
All STEM  ,43  ,44  ,41  ,42  
Social Studies  ,10  ,10  ,8  ,9  
Law  ,5  ,5  ,4  ,4  
Business & Financial studies  ,13  ,13  ,13  ,14  
Mass Communications and Documentation  ,2  ,3  ,2  ,2  
"Linguistics, English, Celtic and Ancient  ",4  ,3  ,4  ,3  
European Languages  ,1  ,1  ,1  ,1  
"Eastern, Asiatic, African, American, and Australasian Languages, literature  ",0  ,0  ,0  ,0  
Humanities  ,5  ,5  ,5  ,4  
Arts  ,9  ,10  ,4  ,5  
Education  ,6  ,6  ,18  ,16  
