﻿,England  ,Wales  ,Scotland  ,Northern Ireland  
2111  Chemists  ,2.7%  ,2.5%  ,2.1%  ,5.0%  
2112  Bio scientists and biochemists  ,7.7%  ,10.9%  ,7.8%  ,11.3%  
"2113  Physicists, geologists & meteorologists  ",2.4%  ,1.9%  ,5.4%  ,0.8%  
2114 Social and Humanities Scientists  ,2.7%  ,3.0%  ,1.4%  ,2.6%  
2119 Natural and Social Science Professionals not elsewhere classified  ,5.7%  ,3.0%  ,6.7%  ,4.6%  
2121  Civil engineers  ,7.8%  ,8.3%  ,11.6%  ,11.5%  
2122  Mechanical engineers  ,6.8%  ,9.2%  ,6.2%  ,7.2%  
2123  Electrical engineers  ,5.3%  ,6.1%  ,5.1%  ,3.7%  
2124  Electronics engineers  ,3.2%  ,3.1%  ,2.3%  ,3.5%  
2126  Design and development engineers  ,7.6%  ,5.2%  ,4.4%  ,12.9%  
2127  Production and process engineers  ,4.8%  ,4.9%  ,4.5%  ,5.1%  
2129  Engineering professionals  n.e.c.  ,13.0%  ,11.9%  ,12.4%  ,10.6%  
2150 Research and Development Managers  ,6.1%  ,2.4%  ,4.3%  ,6.3%  
2311  Higher education teaching professionals  ,16.6%  ,20.1%  ,17.0%  ,8.7%  
3111  Laboratory technicians  ,7.6%  ,7.4%  ,8.8%  ,6.3%  
