﻿,Yes  ,No  ,Total  (N=120)  
Technology not applicable to this business  ,56%  ,42%  ,100%  
Technology was costly  ,31%  ,69%  ,100%  
"Lacked access to required human capital, skills and talent  ",31%  ,69%  ,100%  
Lacked access to capital  ,18%  ,82%  ,100%  
Lacked access to required data  ,15%  ,85%  ,100%  
Required data not reliable  ,15%  ,85%  ,100%  
Technology was not mature  ,13%  ,87%  ,100%  
Concerns regarding safety and security (physical security and/or cybersecurity)  ,13%  ,88%  ,100%  
Laws and regulations  ,11%  ,89%  ,100%  
