﻿,3D  Printing  ,Robotics  ,IoT  ,Cloud Computing  ,Big Data  ,AI  
To automate tasks performed by workers  ,0%  ,64%  ,44%  ,33%  ,20%  ,40%  
To upgrade outdated processes or methods  ,33%  ,73%  ,31%  ,36%  ,47%  ,40%  
To improve quality or reliability of processes or methods  ,44%  ,55%  ,50%  ,54%  ,53%  ,53%  
To expand the range of goods or services  ,56%  ,27%  ,44%  ,31%  ,57%  ,50%  
To adopt standards and accreditation  ,22%  ,36%  ,6%  ,24%  ,17%  ,23%  
Consequences of the COVID-19 pandemic  ,11%  ,9%  ,13%  ,27%  ,10%  ,17%  
N  ,9  ,11  ,16  ,84  ,30  ,30  
