﻿,Any DT  ,AI  ,Big Data  ,Cloud Computing  ,3D Printing  ,IoT  ,Robotics  
,▲ ▼  ,▲ ▼  ,▲ ▼  ,▲ ▼  ,▲ ▼  ,▲ ▼  ,▲ ▼  
Skill levels of workers  ,41% 1%  ,53% 7%  ,47% 3%  ,48% 1%  ,33% 22%  ,38% 6%  ,91% 0%  
STEM skills of workers  ,27% 2%  ,47% 10%  ,47% 3%  ,26% 4%  ,22% 11%  ,44% 6%  ,73% 0%  
Number of workers  ,22% 11%  ,40% 13%  ,20% 3%  ,30% 7%  ,56% 11%  ,25% 25%  ,36% 27%  
Number of production/manual workers  ,14% 6%  ,27% 10%  ,7% 0%  ,14% 4%  ,33% 0%  ,19% 6%  ,45% 18%  
Number of non-production (clerical/white collar) workers  ,11% 6%  ,30% 17%  ,3% 0%  ,15% 4%  ,22% 22%  ,19% 19%  ,18% 18%  
Number of workers with supervisory roles (managers and executives)  ,10% 6%  ,30% 10%  ,0% 0%  ,11% 4%  ,22% 11%  ,25% 6%  ,45% 9%  
Number of workers with no supervisory roles (including both production and non-production)  ,13% 6%  ,33% 13%  ,3% 0%  ,13% 2%  ,22% 22%  ,19% 19%  ,45% 9%  
N  ,94  ,30  ,30  ,84  ,9  ,16  ,11  
