﻿Demographic variable  ,,% respondents  
Organisation type  ,Private sector  ,88%  
,Public sector  ,3%  
,"Other (charity, voluntary, NPO)  ",7%  
,Unknown  ,2%  
Industry type  ,Manufacturing  ,9%  
,High-Medium-tech  ,73%  
,Low-tech  ,27%  
,Services  ,82%  
,Knowledge-intensive (KIS)  ,66%  
,Less knowledge-intensive (LKIS)  ,31%  
,Services unspecified  ,3%  
,Construction  ,3%  
,"Electricity, gas and water supply  ",2%  
,Unknown  ,4%  
Firm size  ,1–9 FTE  ,35%  
,10–49 FTE  ,28%  
,50–99 FTE  ,11%  
,100–249 FTE  ,11%  
,≥ 250 FTE  ,7%  
,Unknown  ,8%  
Total (N=120)  ,,100%  
