﻿Digital technology  ,Definition  ,Applications  
Artificial Intelligence  ,"A branch of computer science and engineering devoted to making machines intelligent. Intelligence is that quality that enables an entity to perceive, analyse, determine a response and act appropriately in its environment.  ","Systems with artificial intelligence perform functions including, but not limited to, speech recognition, machine vision or machine learning, e.g., speech recognition, machine vision using sensors and software, machine learning which uses statistical software and data to “learn” and make better predictions without reprogramming.  AI technologies also include virtual agents, deep learning platforms, decision management systems, biometrics, text analytics, and natural language generation and processing.  "
Big Data  ,"Use of techniques, technology and software for the analysis of large volumes of rapidly changing and varied information that can be obtained from sources within the enterprise or from other sources.  ","Big Data includes methods and tools to process large volumes of data for manufacturing, supply chain management and maintenance. The data can come from IoT systems connected to the productive layer (for example, with sensors and associated equipment), or the exchange between IT systems for production and warehouse management. Specific applications in this area are machine learning tools for planning and forecasting, predictive maintenance and simulation.  "
Cloud Computing  ,"Cloud systems and applications are computing resources available on demand via the internet (e.g., networks, servers, storage, applications and services).  ","Cloud Computing enables ubiquitous, convenient, on-demand internet access to a shared pool of configurable computing resources (e.g., networks, servers, storage, applications and services) that can be rapidly provisioned and released with minimal management effort or service provider interaction. For example, using cloud applications in Microsoft 365.  "
3D Printing  ,Use of special printers for the creation of three-dimensional physical objects by using additive layers.  ,"3D Printing finds application in the prototyping (to support the product development process, static simulation and wind tunnels, etc.), manufacturing (direct production of products), maintenance and repair, and modelling phases, e.g., drugs, medicine, dentistry, automotive sector, construction, customised tools and components.  3D Printing/additive manufacturing includes the following seven categories: Binder  "
,,"Jetting, Directed Energy Deposition, Material Extrusion, Material Jetting, Powder Bed Fusion, Sheet Lamination and Photo Polymerisation.  "
Internet of Things  ,"Devices with self-identification capabilities (localisation, status diagnosis, data acquisition, processing and implementation) that are connected via standard communication protocols.  ","IoT technologies are used in manufacturing applications, and in many others (housing and construction, automotive sector, environment, smart city, agriculture, health, etc.).  "
Robotics  ,"Robotic equipment (or robots) comprises automatically controlled, reprogrammable and multipurpose machines used in automated operations in industrial and service environments.  ","Robots may be mobile, incorporated into standalone stations, or integrated into a production line. A robot may be part of a manufacturing cell or incorporated into another piece of equipment.  Industrial robots may perform operations such as: palletising, pick and place, machine tending, material handling, dispensing, welding, packing/repacking and cleanroom.  Service robots are commonly used in businesses for such operations as cleaning, delivery, construction, inspection, and medical services such as dispensing or surgery.  "
