﻿,3D  Printing  ,Robotics  ,IoT  ,Cloud Computing  ,Big Data  ,AI  
Technology was costly  ,4%  ,5%  ,6%  ,9%  ,13%  ,14%  
Technology was not mature  ,5%  ,3%  ,5%  ,2%  ,3%  ,7%  
Lacked access to required data  ,0%  ,1%  ,3%  ,2%  ,8%  ,8%  
Required data not reliable  ,2%  ,3%  ,2%  ,4%  ,5%  ,4%  
"Lacked access to required human capital, skills and talent  ",3%  ,7%  ,5%  ,6%  ,13%  ,15%  
Laws and regulations  ,2%  ,0%  ,2%  ,6%  ,5%  ,4%  
Concerns regarding safety and security (physical security and/or cybersecurity)  ,1%  ,3%  ,2%  ,8%  ,3%  ,3%  
Lacked access to capital  ,4%  ,3%  ,3%  ,5%  ,5%  ,9%  
Technology not applicable to this business  ,42%  ,49%  ,36%  ,3%  ,24%  ,15%  
N  ,120  ,120  ,120  ,120  ,120  ,120  
