﻿,,Non-IoT-adopters  ,IoT-adopters  ,t-test  
Digital skills Other skills  ,,4.35  ,4.11  ,1.15  
,,4.27  ,4.07  ,1.10  
Digital skills  ,1a. Information and data literacy  ,4.51  ,3.92  ,2.55**  
,1b. Communication and collaboration  ,4.39  ,4.06  ,1.35  
,1c. Digital content creation  ,3.99  ,3.94  ,0.20  
,1d. Safety  ,4.51  ,4.47  ,0.15  
,1e. Problem solving  ,4.37  ,4.48  ,-0.55  
Other skills  ,2a. Basic and practical skills  ,4.21  ,4.08  ,0.70  
,2b. Social and soft skills  ,4.33  ,3.87  ,2.15**  
,2c. Technical skills  ,4.12  ,4.18  ,–0.25  
,2d. System skills  ,4.36  ,4.35  ,0.05  
,2e. Resource management skills  ,4.40  ,4.15  ,1.20  
,,Non-Robotics-adopters  ,Robotics-adopters  ,t-test  
Digital skills Other skills  ,,4.40  ,3.77  ,2.90***  
,,4.28  ,3.89  ,1.90*  
Digital skills  ,1a. Information and data literacy  ,4.49  ,3.96  ,2.15**  
,1b. Communication and collaboration  ,4.43  ,3.73  ,2.70***  
,1c. Digital content creation  ,4.04  ,3.61  ,1.25  
,1d. Safety  ,4.59  ,3.87  ,3.30***  
,1e. Problem solving  ,4.43  ,4.08  ,1.65*  
Other skills  ,2a. Basic and practical skills  ,4.21  ,3.99  ,1.05  
,2b. Social and soft skills  ,4.32  ,3.76  ,2.40**  
,2c. Technical skills  ,4.16  ,3.87  ,1.05  
,2d. System skills  ,4.38  ,4.20  ,0.70  
,2e. Resource management skills  ,4.41  ,3.96  ,2.05**  
