﻿,,Non DT-adopters  ,DT- adopters  ,t-test  
Digital skills  ,,4.02  ,4.34  ,–1.20  
Other skills  ,,3.91  ,4.29  ,–2.00  
Digital skills  ,1a. Information and data literacy  ,4.29  ,4.44  ,–0.50  
,1b. Communication and collaboration  ,4.22  ,4.35  ,–0.40  
,1c. Digital content creation  ,3.54  ,4.03  ,–1.15  
,1d. Safety  ,4.10  ,4.54  ,–1.65  
,1e. Problem solving  ,3.97  ,4.43  ,–1.75*  
Other skills  ,2a. Basic and practical skills  ,3.78  ,4.25  ,–2.40**  
,2b. Social and soft skills  ,3.95  ,4.31  ,–1.50  
,2c. Technical skills  ,4.06  ,4.14  ,–0.30  
,2d. System skills  ,4.05  ,4.40  ,–1.50  
,2e. Resource management skills  ,4.11  ,4.40  ,–1.30  
