﻿,,Non-Cloud-Computing-adopters  ,Cloud-Computing-adopters  ,t-test  
Digital skills Other skills  ,,3.93  ,4.38  ,–2.15**  
,,3.93  ,4.30  ,–2.25**  
Digital skills  ,1a. Information and data literacy  ,4.08  ,4.48  ,–1.60  
,1b. Communication and collaboration  ,3.99  ,4.40  ,–1.60  
,1c. Digital content creation  ,3.60  ,4.05  ,–1.35  
,1d. Safety  ,4.15  ,4.56  ,–1.85*  
,1e. Problem solving  ,4.16  ,4.42  ,–1.20  
Other skills  ,2a. Basic and practical skills  ,3.92  ,4.24  ,–1.90*  
,2b. Social and soft skills  ,3.85  ,4.34  ,–2.45**  
,2c. Technical skills  ,4.02  ,4.15  ,–0.55  
,2d. System skills  ,4.17  ,4.40  ,–1.10  
,2e. Resource management skills  ,4.21  ,4.39  ,–0.95  
