﻿,eaglelabs@barclays.com  
,labs.barclays  
,Barclays Eagle Labs  
,@Eagle_Labs  
,Barclays Eagle Labs @eaglelabs EagleLabs  ,"Barclays Bank UK PLC is authorised by the Prudential Regulation Authority and regulated by the Financial Conduct Authority and the Prudential Regulation  Authority (Financial Services Register No. 759676). Registered in England.  Registered No. 9740322. Registered Office: 1 Churchill Place, London E14 5HP. Barclays Bank  UK PLC adheres to The Standards of Lending Practice which is monitored and enforced by The Lending Standards Board. Further details can be found at www.lendingstandardsboard.org.uk.  Disclaimer  We’re not responsible for, nor do we endorse in any way third party websites or their content.  The views and opinions expressed in this report don’t necessarily reflect the views of Barclays  Bank UK PLC, nor should they be taken as statements of policy or intent of Barclays Bank UK PLC. Barclays Bank UK PLC and its employees have made every attempt to ensure that the information contained in this document is accurate at the time of publication. No warranties or undertakings of any kind, whether express or implied, regarding the accuracy or completeness of the information is given. Barclays accepts no liability for the impact of, or any loss arising from, any decisions made based on information contained and views expressed in this document.  "
