﻿Data type  ,What is needed?  
,"Clearer definitions and categorisation across all protected characteristics and minoritised groups that experience inequity in STEM workplaces  Better granularity to avoid grouping characteristics together, reduce misinterpretation, and provide a better picture of the real problems and mechanisms underlying intersectional inequity  "
Quantitative  ,"More consistency in approach, frequency, and harmonisation of EDI data  Trust building to support declaration of personal data and experiences  "
,An intersectional approach that focuses on the impact of multiple diversity characteristics on peoples’ real ‘lived experience’ in the STEM workplace  
Qualitative  ,Linking quantitative data to lived experience to show ‘blind spots’ and identifying where approaches need to change  Better evaluation to understand the impact and effectiveness of specific interventions  
All data  ,Clear rationale for data collection and clear communication of usage  
