﻿10 November 2020  ,Inquiry online launch event  
10 November 2020 – 29 January 2021  ,Call for evidence open  
3 February 2021  ,Roundtable: ‘Mapping inequity across the STEM workforce and Protected Characteristics’  
18 February 2021  ,"Roundtable: ‘Data, demographics, and diversity: improving the quality of evidence and reporting on  representation in the STEM workforce’  "
24 February 2021  ,Roundtable: ‘Inclusive recruitment and retention in the STEM workforce’  
4 March 2021  ,Roundtable: ‘How does the UK Government policy advance and inhibit equity and inclusive cultures within the STEM workforce?’  
20 July 2021  ,Final report published  
