﻿Characteristic  ,Inquiry evidence of negative impact  
Gender  ,"ONS figures show women’s childcare duties have increased by two thirds (2020). An HMRC (2020) study showed that women were more likely to be furloughed than men, which is likely to have long-term impact on their career progression.  Research found COVID-19 particularly impacted the livelihoods of women (Burki, 2020) and that women took the burden of childcare and have been most likely to lose, or had to leave, their jobs or shift to part-time employment (Topping, 2020).  Many women were impacted by a change in the balance between caring responsibilities and work (Viglione, 2020). The Royal Society of Chemistry’s COVID survey (2021) found that three quarters of respondents who were affected by challenges accessing childcare during lockdown reported a decrease in productivity as a result, with women more likely than men to report a significant decrease in productivity.  "
Disability  ,"Disabled people were at increased risk of redundancy (Lightfoot, 2020). COVID-19 has replicated already existing health inequalities and, in some cases, increased them (Public Health England, 2021).  Concerns that staff have experienced a loss of privacy as their medical conditions had become more widely known (STEMM Change, 2021).  "
,"58% of Black, Asian and racially minoritised workers have had their employment affected since the start of the pandemic compared to 47% of White workers (Turn2us, 2020).  "
Ethnicity  ,"Ethnic minority communities have been disproportionately more affected by COVID-19 from every angle compared to their White counterparts because it exposes existing inequalities within modern society (Lally, 2020).  Analysis by McKinsey (2020) found that COVID-19 disproportionately affected Britain’s minoritised ethnicities: a number of groups are concentrated in high-proximity occupations.  "
LGBTQ+  ,"Staff and student colleagues may now find themselves working in environments where they are not able to be honest about their sexual orientation and identity (STEMM Change, 2021).  "
Carers  ,"Difficulties of balancing work and care duties under more difficult and restricted conditions (STEMM Change, 2021).  "
Religion and  belief  ,"For those who practise religion, absence of physical gatherings and community associated with faith organisations will bring a negative impact on mental health and wellbeing (STEMM Change, 2021).  "
Early career researchers  ,See COVID-19 impact on researchers.  
