﻿Academy of Medical Sciences  ,Employment Lawyers Association  
Advance HE  ,Energy & Utility Skills  
Alex Perry  ,EngineeringUK  
Association of Medical Research Charities  ,Enginuity  
AVEVA  ,Equate Scotland  
"BCS, The Chartered Institute for IT  ","Evidence Base, University of Edinburgh, Inclusion Matters  "
BIG STEM Communicators Network  ,Health and Safety Executive  
British Dental Association  ,Helen Clark  
British Heart Foundation  ,Institute for Apprenticeships and Technical Education (IfATE)  
British Interplanetary Society  ,Inclusion Matters  
British Medical Association  ,Institute of Directors  
British Neuroscience Association  ,Institute of Physics  
British Pharmacological Society  ,Institute of Physics and Engineering in Medicine  
British Society for Haematology  ,Intellectual Property Office  
British Society for Immunology  ,Keele University  
British Sociological Association  ,Lightyear Foundation  
Cancer Research UK  ,L’Oreal  
Centre for Research into Energy Demand Solutions  ,MSD  
(CREDS)  ,Munya Badze  
CFA UK Inclusion and Diversity Network  ,Nuclear Decommissioning Authority  
Cogent Skills/ Science Industry Partnership  ,"NUSTEM, Northumbria University  "
E.ON  ,Office for Students  
Engineering Construction Industry Training Board (ECITB)  ,Office of Gas and Electricity Markets  
"EDIS (Equality, Diversity and Inclusion in Science and Health)  ",Oil and Gas Authority  
