﻿Skills  ,%  ,Skills  ,%  ,Skills  ,%  
Information security  ,61%  ,IT industry knowledge  ,7%  ,VMware  ,5%  
Network security  ,22%  ,UNIX  ,6%  ,Splunk  ,4%  
ISO 27001  ,20%  ,Telecommunications  ,6%  ,Information assurance  ,4%  
Cisco  ,17%  ,Microsoft Active Directory  ,6%  ,Network infrastructure (edge devices)  ,4%  
LINUX  ,13%  ,Risk management  ,6%  ,Cisco switching  ,4%  
Teamwork / collaboration  ,12%  ,Java  ,6%  ,Threat intelligence and analysis  ,4%  
Security operations  ,11%  ,ISO standards  ,5%  ,Open web application security project  ,4%  
ITIL  ,10%  ,Juniper networks  ,5%  ,DevOps  ,4%  
Network engineering  ,10%  ,Software development  ,5%  ,The Open Group Architecture Framework  (TOGAF)  ,4%  
Project management  ,10%  ,Payment Card Industry  (PCI)  ,5%  ,System or network configuration  ,4%  
Customer service  ,10%  ,Budgeting  ,5%  ,Data security  ,4%  
Stakeholder management  ,9%  ,Virtual Private Networking  (VPN)  ,5%  ,Change management  ,3%  
Cryptography  ,8%  ,Risk assessment  ,5%  ,Windows server  ,3%  
Wide Area Network (WAN)  ,8%  ,Routers  ,5%  ,Cyber security knowledge  ,3%  
Python  ,8%  ,Technical support  ,5%  ,Virtualisation  ,3%  
Transmission Control Protocol (TCP) or Internet Protocol (IP)  ,7%  ,SQL  ,5%  ,Disaster recovery planning  ,3%  
Information systems  ,7%  ,Domain Name System  (DNS)  ,5%  ,Data privacy  ,3%  
