﻿46  NATIONAL SCIENCE CENTRE POLAND  34  EUROPEAN COMMISSION  ,14  GERMAN RESEARCH FOUNDATION DTG  13  ,11  SPANISH GOVERNMENT  ,10  ENGINEERING AND PHYSICAL SCIENCES RESEARCH COUNCIL  
,UK RESEARCH INNOVATION UKRI  ,10  EUROPEAN RESEARCH COUNCIL ERC  ,, DE  9  
,12  FOUNDATION FOR POLISH SCIENCE  ,9  EUROPEAN UNION UNDER THE EUROPEAN REGIONAL DEVELOPMENT FUND  ,,GENERALITATCATALUNYA  
52  POLISH ACADEMY OF SCIENCES  ,27  FAHRENHEIT UNIVERSITIES  ,14  ADAM MICKIEWICZ UNIVERSITY  ,CENTER  14  PHYSICS POLISH  , FOR THEORETICAL  ACADEMY FOR SCIENCES  
,24  JAGIELLONIAN UNIVERSITY  ,13  AGH UNIVERSITY OF SCIENCE TECHNOLOGY  ,,12  
33  UNIVERSITY OF WARSAW  
,23  UNIVERSITY OF GDANSK  ,13  MAX PLANCK SOCIETY  ,,BARCELONAINSTITUTEOF SCIENCE TECHNOLOGY  
