﻿Theoretical Quantum Computing  (THEQUCO)  ,"• The development of the quantum information theory behind Noisy Intermediate-Scale Quantum (NISQ) and analog devices.   • New quantum algorithms both for present and planned scalable generations of devices.   • builds new methods and protocols to certify quantum computers and their capability of demonstrating a quantum advantage. Finally, it investigates the improvement of current quantum computers by establishing new control and error mitigation methods, and helps scaling them up by devising and improving error correction techniques.    "
"Quantum Development Environment, System Software & Integration  (Q-DESSI)  ","• The creation of a Munich Quantum Software Stack: a unified software stack, enabling the use of quantum-computing systems for reliable, scalable and multi-user access, and supporting hybrid HPC/QC applications.   • The development of a programming environment, including problem-independent programming abstractions and development tools, hybrid abstractions integrating QC into Von-Neumann-based languages, quantum operating and runtime systems, new architectures for control processors as well as the integration into the HPC ecosystem    "
Scalable Hardware & Systems Engineering  (SHARE)  ,• The development of electronic components and systems for future quantum computers   • Semiconductor Technology and Integration for Functional and Scalable QC-Hardware.    
"Quantum Algorithms for Application, Cloud & Industry (QACI)  ","• The focus will be on the implementation and evaluation of NISQ-compatible variational or kernel-based algorithms in order to identify a potential quantum advantage already on existing noisy hardware. For the underlying theory, the QACI consortium will work closely together with the THEQUCO consortium.  "
Hardware Adapted Theory  (HAT)  ,• Make best use of the planned hardware generations within the MQV.   • Contribute to the hardware development itself by providing numerical modeling of hardware components   • Developing tools to characterize the hardware and its errors.   • The consortium will develop hardware-adapted quantum control strategies and quantum error-correction protocols to optimize the fidelity and robustness of experimental quantum operations in the presence of noise and experimental imperfections and constraints.    
