﻿Journal  ,Number of citations  ,Journal  ,Number of citations  
Australia  ,22  ,Italy  ,14  
Austria  ,10  ,Japan  ,8  
Belgium  ,2  ,Malaysia  ,1  
Brazil  ,2  ,Netherlands  ,38  
Canada  ,5  ,Norway  ,1  
Chile  ,1  ,Poland  ,1  
China  ,13  ,Portugal  ,1  
Czech Republic  ,2  ,Republic of Korea  ,1  
Denmark  ,188  ,Singapore  ,1  
France  ,13  ,Slovenia  ,1  
Germany  ,20  ,Spain  ,29  
Greece  ,1  ,Sweden  ,2  
Hungary  ,1  ,Switzerland  ,13  
India  ,2  ,UK  ,38  
Iran  ,1  ,USA  ,65  
Israel  ,2  ,Grand Total  ,499  
