﻿560  GERMAN RESEARCH FOUNDATION DFG  ,,200  EUROPEAN RESEARCH COUNCIL ERC  ,,106  NATIONAL SCIENCE FOUNDATION NSF  ,,101  FEDERAL MINISTRY OF EDUCATION RESEARCH BMBF  
349  EUROPEAN COMMISSION  ,86  ALEXANDER HUMBOLDT FOUNDATION  82  NATIONAL SCIENCE FOUNDATION OF CHINA NSFC  181 91  RESEARCH TECHNICAL CENTRE JÜLICH UNIVERSITY OF MUNICH  72  ,,,67  UK RESEARCH INNOVATION UKRI  62  ENGINEERING AND PHYSICAL RESEARCH COUNCIL EPSRC  ,,,62  SPANISHGOVERNMENT  
276  HELMHOLTZ ASS0CIATION  ,,,,,74  UDICE FRENCH RESEARCH  ,,UNIVERSITIES  
,,,,,67  ,,
266  MAX PLANCK SOCIETY  ,180  RWTH AACHEN UNIVERSITY  ,,FREE UNIVERSITY OF BERLIN  ,,UNIVERSITY OF COLOGNE  ,,
,,,SCIENTIFIQUE  69  DE LA RECHERCHE  ,CENTRE NATIONAL  CNRS  ,50  UNIVERSITY OF  ,, STUTTGART  
