﻿Name  ,Description  ,Institutions  
ct.qmat  ,Complexity and Topology in Quantum Matter  ,• Julius-Maximilians-Universität Würzburg(JMU)   • Technische Universität Dresden    
ML4Q  ,Matter and Light for Quantum Computing  ,• University of Cologne   • RWTH Aachen   • University of Bonn   • Research Center Jülich    
MCQST  ,Munich Center for Quantum Science and Technology  ,• Ludwig-Maximilians-Universität Munich (LMU)   • Technical University Munich (TUM)   • Max Planck Institute of Quantum Optics (MPQ)   • Walther-Meißner-Institut (WMI)   • Deutsches Museum (DM)    
IQST  ,Integrated Quantum Science and Technology  ,"• University of Stuttgart   • Ulm University   • Max Planck Institute for Solid State Research, Stuttgart    "
PhoenixD  ,"Merge optical systems, design and simulation tools with all relevant production technologies into one combined platform  ",• Leibniz Universität Hannover   • TU Braunschweig   • Laser Zentrum Hannover e.V.   • Max Planck Institute for Gravitational Physics (Albert-Einstein-Institute)    
