﻿Journal  ,Number of citations  ,Journal  ,Number of citations  
Argentina  ,6  ,India  ,1  
Australia  ,17  ,Italy  ,13  
Austria  ,19  ,Japan  ,11  
Belgium  ,3  ,Netherlands  ,8  
Brazil  ,1  ,Norway  ,3  
Canada  ,7  ,Poland  ,1  
China  ,42  ,Russia  ,2  
Croatia  ,1  ,Singapore  ,1  
Czech Republic  ,3  ,Spain  ,41  
Denmark  ,22  ,Sweden  ,114  
Finland  ,4  ,Switzerland  ,28  
France  ,60  ,UK  ,30  
Germany  ,59  ,USA  ,90  
Greece  ,1  ,,
Hungary  Journal  ,1 The lead author’s institutional country for these fifty papers is shown.  ,Number  Grand Total  ,589   of papers  
Austria  ,,2  ,
Belgium  ,,1  ,
Canada  ,,1  ,
China  ,,5  ,
Denmark  ,,4  ,
Finland  ,,1  ,
France  ,,1  ,
Germany  ,,3  ,
Italy  ,,1  ,
Japan  ,,2  ,
Netherlands  ,,1  ,
Norway  ,,1  ,
Spain  ,,1  ,
Sweden  ,,17  ,
Switzerland  ,,2  ,
UK  ,,2  ,
USA  ,,5  ,
Grand Total  ,,50  ,
