﻿Project  ,Description 
QC-4-BW  ,Diamond-based spintronic quantum register for a scalable quantum processor  
QORA  ,Quantum optimization using resilient algorithms  
SEQUOIA  ,"Software engineering of industrial, hybrid quantum applications and algorithms  "
SiQuRe  ,Modeling and simulation of qubit registers from chains of NV centers on dislocations in diamond  
QuESt  ,Material design for electrochemical energy storage and conversion devices using innovative simulation techniques  
EFFEKTIF  ,Stability analysis and error correction protocols for critical infrastructure networks  
