﻿Skill  ,Importance (employers)  ,Future performance (students)  ,Gap  
Industry / sector expertise  ,82%  ,68%  ,14%  
Subject matter expertise  ,83%  ,71%  ,12%  
Analytical mindset  ,82%  ,70%  ,12%  
Problem solving  ,88%  ,77%  ,11%  
Professionalism  ,90%  ,80%  ,10%  
Project management  ,80%  ,71%  ,9%  
Communication  ,89%  ,80%  ,9%  
Adaptability  ,85%  ,77%  ,8%  
Collaboration  ,85%  ,79%  ,6%  
Critical thinking  ,84%  ,78%  ,6%  
Creativity  ,81%  ,76%  ,5%  
Leadership  ,78%  ,75%  ,3%  
