﻿Skill  ,Importance (employers)  ,Future performance (students)  ,Gap  
Programming  ,68%  ,48%  ,20%  
Database management  ,84%  ,65%  ,19%  
Data ethics  ,84%  ,65%  ,19%  
Data processing  ,81%  ,63%  ,18%  
Information management  ,87%  ,71%  ,16%  
Data communication skills  ,84%  ,69%  ,15%  
Data literacy  ,84%  ,71%  ,13%  
Basic IT skills  ,87%  ,74%  ,13%  
Knowledge of emerging technologies and solutions  ,80%  ,68%  ,12%  
Analysis skills  ,84%  ,72%  ,12%  
Advanced statistics  ,72%  ,61%  ,11%  
Data visualisation  ,79%  ,69%  ,10%  
