﻿,Importance (employers)  ,Individual performance (Workers)  ,Gap  
Analytical mindset  ,82%  ,54%  ,28%  
Project management  ,80%  ,52%  ,28%  
Creativity  ,81%  ,60%  ,21%  
Leadership  ,78%  ,57%  ,21%  
Industry / sector expertise  ,82%  ,62%  ,20%  
Storytelling  ,74%  ,56%  ,18%  
Subject matter expertise  ,83%  ,66%  ,17%  
Critical thinking  ,84%  ,69%  ,15%  
Problem solving  ,88%  ,77%  ,11%  
Communication  ,89%  ,80%  ,9%  
Adaptability  ,85%  ,77%  ,8%  
Collaboration  ,85%  ,77%  ,8%  
Professionalism  ,90%  ,83%  ,7%  
Curiosity  ,75%  ,73%  ,2%  
