﻿,Importance  ,Performance  ,Gap  
Information management  ,87%  ,68%  ,19%  
Data communication skills  ,84%  ,66%  ,18%  
Knowledge of emerging technologies and solutions  ,80%  ,62%  ,18%  
Data literacy  ,84%  ,67%  ,17%  
Data ethics  ,84%  ,67%  ,17%  
Database management  ,84%  ,67%  ,17%  
Analysis skills  ,84%  ,67%  ,17%  
Data visualisation  ,79%  ,64%  ,15%  
Data processing  ,81%  ,67%  ,14%  
Advanced statistics  ,72%  ,61%  ,11%  
Basic IT skills  ,87%  ,77%  ,10%  
Machine learning  ,68%  ,58%  ,10%  
Programming  ,68%  ,59%  ,9%  
