﻿Skill  ,Future performance (students)  ,Current performance (students)  ,Gap  
Industry / sector expertise  ,68%  ,45%  ,23%  
Programming  ,48%  ,34%  ,14%  
Advanced statistics  ,61%  ,48%  ,13%  
Data visualisation  ,69%  ,56%  ,13%  
Machine learning  ,59%  ,47%  ,12%  
Knowledge of emerging technologies and solutions  ,68%  ,56%  ,12%  
Project management  ,71%  ,59%  ,12%  
Data literacy  ,71%  ,60%  ,11%  
Subject matter expertise  ,71%  ,60%  ,11%  
Database management  ,65%  ,54%  ,11%  
Data processing  ,63%  ,53%  ,10%  
Data communication skills  ,69%  ,59%  ,10%  
Analytical mindset  ,70%  ,61%  ,9%  
Data ethics  ,65%  ,56%  ,9%  
Analysis skills  ,72%  ,63%  ,9%  
Leadership  ,75%  ,66%  ,9%  
Storytelling  ,73%  ,65%  ,8%  
Creativity  ,76%  ,69%  ,7%  
Collaboration  ,79%  ,74%  ,5%  
Information management  ,71%  ,66%  ,5%  
Critical thinking  ,78%  ,74%  ,4%  
Adaptability  ,77%  ,73%  ,4%  
Communication  ,80%  ,76%  ,4%  
Curiosity  ,81%  ,78%  ,3%  
Professionalism  ,80%  ,77%  ,3%  
Basic IT skills  ,74%  ,73%  ,1%  
Problem solving  ,77%  ,77%  ,0%  
