﻿,Importance (employers)  ,Individual performance (Workers)  ,Gap  
Programming  ,68%  ,27%  ,41%  
Knowledge of emerging technologies and solutions  ,80%  ,44%  ,36%  
Advanced statistics  ,72%  ,37%  ,35%  
Data visualisation  ,79%  ,49%  ,30%  
Database management  ,84%  ,56%  ,28%  
Analysis skills  ,84%  ,57%  ,27%  
Data processing  ,81%  ,54%  ,27%  
Data literacy  ,84%  ,60%  ,24%  
Data ethics  ,84%  ,61%  ,23%  
Information management  ,87%  ,65%  ,22%  
Data communication skills  ,84%  ,62%  ,22%  
Machine learning  ,68%  ,51%  ,17%  
Basic IT skills  ,87%  ,75%  ,12%  
