﻿,,Top 25% rank in AI Readiness Index  ,,Above average (next 25%)  ,,Below average (but not in bottom 25%)  ,,Bottom 25%  
,,AI related  ,,,Enabler  ,,,
,AI  readiness  ,AI  research activities  ,AI startup investment  ,Automation potential  ,Digital absorption  ,Innovation foundation  ,Human capital  ,ICT  connectness  
United States  ,,,,,,,,
China  ,,,,,,,,
Canada  ,,,,,,,,
Germany  ,,,,,,,,
Japan  ,,,,,,,,
Netherlands  ,,,,,,,,
Sweden  ,,,,,,,,
United Kingdom  ,,,,,,,,
Australia  ,,,,,,,,
Austria  ,,,,,,,,
Belgium  ,,,,,,,,
Denmark  ,,,,,,,,
Finland  ,,,,,,,,
France  ,,,,,,,,
Ireland  ,,,,,,,,
South Korea  ,,,,,,,,
Czech Republic  ,,,,,,,,
Estonia  ,,,,,,,,
India  ,,,,,,,,
Italy  ,,,,,,,,
Lithuania  ,,,,,,,,
Poland  ,,,,,,,,
Portugal  ,,,,,,,,
Spain  ,,,,,,,,
Brazil  ,,,,,,,,
Bulgaria  ,,,,,,,,
Croatia  ,,,,,,,,
Greece  ,,,,,,,,
Hungary  ,,,,,,,,
Latvia  ,,,,,,,,
Romania  ,,,,,,,,
Slovenia  Source: McKinsey Global  ,Institute analysis  ,,,,,,,
