﻿Wave  ,Description  ,Examples of labour displacement  ,Examples of labour augmentation  
Algorithm wave  ,"Automation of simple computational tasks and analysis of structured data in areas like finance, information and communications, and retail, for example in the form of trading algorithms and recommendation algorithms - this is already well underway.  ",Travel agents (online chatbots)  Sales assistants (recommendation algorithms)  Financial traders (high-speed trading algorithms)  ,Economist (machine learning forecasts)  Marketers (behavioural analytics)  Strategists (dynamic price optimisation)  
Augmentation wave  ,"Automation of repeatable tasks such as filling in forms, communicating and exchanging information through dynamic technological support, and statistical analysis of unstructured data in semi-controlled environments such as aerial drones and robots in warehouses – this is also underway, but is likely to come to full maturity in the 2020s.  ",Personal assistants (virtual assistants)  Administrators (unstructured data classification)  Postal workers (aerial drones and robots in warehouse)  ,Doctors (medical diagnosis)  Musicians (Human-AI collaboration)  Police (face recognition)  
Autonomy wave  ,"Automation of physical labour and manual dexterity, and  ","Taxi, van, bus, train, crane, fork- ",Transport and logistics  
,"problem solving in dynamic real-world situations that require responsive actions, such as in manufacturing and transport  (e.g. driverless vehicles) – these technologies are under development already, but may only come to full maturity on an economy-wide scale in the 2030s.  ","lift drivers (autonomous vehicles)  Waiters, waitresses and chefs (“robo chef”)  ",managers (autonomous vehicles)  Programmers (evolutionary algorithms)  
