﻿Rank  ,Skill cluster group  ,Skill Cluster  ,Rise in Demand (2012-18 %)  
1  ,Information technology  ,Scripting Languages  ,283%  
2  ,Health care  ,Obstetrics And Gynecology  (OBGYN)  ,244%  
3  ,Information technology  ,Version Control  ,236%  
4  ,Information technology  ,Cloud Solutions  ,183%  
5  ,Marketing and public relations  ,Social Media  ,173%  
6  ,Health care  ,Advanced Patient Care  ,161%  
7  ,Health care  ,Emergency And Intensive Care  ,159%  
8  ,Health care  ,General Medicine  ,152%  
9  ,Health care  ,Surgery  ,147%  
10  ,Health care  ,Mental And Behavioral Health Specialties  ,142%  
11  ,Health care  ,Mental Health Diseases And Disorders  ,140%  
12  ,Business  ,Key Performance Indicators  ,137%  
13  ,Health care  ,Social Work  ,136%  
14  ,Information technology  ,Software Quality Assurance  ,136%  
15  ,Human resources  ,Employee Training  ,131%  
16  ,Personal care and services  ,Child Care  ,123%  
17  ,Health care  ,Medical Support  ,120%  
18  ,Customer and client support  ,Advanced Customer Service  ,120%  
19  ,Health care  ,Basic Patient Care  ,119%  
20  ,"Maintenance, repair, and installation  ",Vehicle Repair And Maintenance  ,111%  
