﻿SOC  4  ,Description  ,Shortage list?  ,"Net effect, (20 years, 000s)  ","Net effect (20 years, %)  ",Top demand skills (BGT)  
2231  ,Nurses  ,Yes  ,338  ,49%  ,Medical Support; Advanced Patient Care; Basic Patient Care; Obstetrics and Gynaecology (OBGYN); Mental and Behavioural Health Specialties  
7111  ,Sales and retail assistants  ,No  ,170  ,14%  ,General Sales; Basic Customer Service; Retail Sales; General Sales; Practices; Merchandising  
6145  ,Care workers and home carers  ,No  ,142  ,18%  ,Basic Living Activities Support; Mental Health Diseases and Disorders; Medical Support; Food and  
,,,,,Beverage Service; Mental and Behavioural Health Specialties  
2211  ,Medical practitioners  ,Yes  ,132  ,46%  ,Surgery; Mental and Behavioural Health Specialties; Teaching; Emergency and Intensive Care; General Medicine  
6141  ,Nursing auxiliaries and assistants  ,No  ,87  ,27%  ,Medical Support; Basic Patient Care; Advanced Patient Care; Basic Living Activities Support; Mental and Behavioural Health Specialties; Medical Support; Basic Patient Care  
1190  ,Managers and directors in retail and wholesale  ,No  ,85  ,25%  ,Store Management; Knowledge Management; Cash Register Operation; General Sales; Performance Management; Merchandising  
2136  ,Programmers and software development professionals  ,Yes  ,75  ,24%  ,Software Development Principles; SQL Databases and Programming; Microsoft Development Tools; JavaScript and JQuery; Java; Web Development  
2139  ,Information technology and telecommunications professionals  ,Yes  ,58  ,29%  ,Cybersecurity; Software Development Principles; Real Estate and Rental; Test Automation; SQL Databases/ Programming; Software Quality Assurance  
3562  ,Human resources and industrial relations officers  ,No  ,55  ,37%  ,Recruitment; General Sales; Microsoft Office and Productivity Tools; Employee Relations; Business Development; Human Resource Management and Planning  
2314  ,Secondary education teaching professionals  ,Yes  ,55  ,11%  ,Test Administration; Physics; Chemistry; Biology; Urban Planning; Child Care  
2413  ,Solicitors  ,No  ,54  ,41%  ,Litigation; Business Development; Customer Relationship Management (CRM); Cash Register Operation; Due Diligence; General Sales  
2315  ,Primary and nursery education  ,No  ,49  ,10%  ,Test Administration; Child Care; Banking Services; Mental and Behavioural  
,teaching professionals  ,,,,Health Specialties; Medical Support; Childhood Education and Development  
1131  ,Financial managers and directors  ,No  ,47  ,14%  ,General Lending; Cash Management; Financial Trading; Financial Management; Category Management; Property Management  
1132  ,Marketing and sales directors  ,No  ,46  ,19%  ,General Sales; Business Development; General Marketing; Sales Management; Marketing Management; Cash Management  
2133  ,IT specialist managers  ,Yes  ,46  ,22%  ,Property Management; Cash Register Operation; Cash Management; Performance Management; Business Solutions; Microsoft Office and Productivity Tools  
1135  ,Human resource managers and directors  ,No  ,43  ,23%  ,Human Resource Management and Planning; Employee Relations; Property Management; Pricing Analysis; Talent Management; Performance Management; Recruitment  
1136  ,Information technology and telecommunications directors  ,No  ,39  ,39%  ,IT Management; Cash Management; Technical Support; Business Solutions; Category Management; Performance Management  
1115  ,Chief executives and senior officials  ,No  ,37  ,45%  ,Category Management; Property Management; Technical Assistance; Cash Management; General Accounting; Microsoft Office and Productivity Tools; Cash Register Operation  
2423  ,Management consultants and business analysts  ,No  ,36  ,19%  ,Business Solutions; Property Management; SQL Databases and Programming; Microsoft Office and Productivity Tools; Enterprise Resource Planning (ERP); Data Mining; Cash Register Operation  
1251  ,"Property, housing and estate managers  ",No  ,32  ,20%  ,"Cash Management; Quality Assurance and Control; Cash Register Operation; Facility Management and Maintenance; Performance Management; Property Management, Microsoft Office and Productivity Tools  "
