﻿NUTS 3 regions with the most positive estimated % net effect of AI on employment after 20 years  ,NUTS 3 regions with the most negative estimated % net effect of AI on employment after 20 years  
Camden and City of London  ,Leicester  
Westminster  ,Thurrock  
Wandsworth  ,Sunderland  
Kensington & Chelsea and Hammersmith & Fulham  ,"Armagh City, Banbridge and Craigavon  "
Lewisham and Southwark  ,Sandwell  
Brighton and Hove  ,"Kingston upon Hull, City of  "
Bromley  ,Bradford  
Cheshire East  ,Wolverhampton  
Barnet  ,Peterborough  
Hounslow and Richmond upon Thames  ,Wakefield  
