﻿British Business Bank Programmes  ,Description  
Start Up Loans  ,"Offers loans (from £500 to £25,000, at 6% interest) alongside free mentoring and support to individuals who are starting a new business or who have been trading for less than two years.  "
Regional Angels Programme  ,"Aims to reduce regional imbalances in access to early-stage equity finance, by increasing the aggregate amount of early-stage equity capital available to smaller businesses across the UK.  "
Regional Funds  ,"Three funds - covering the North of England, Midlands, Cornwall and the Isles of Scilly - provide debt and equity finance, in the form of co-investment by the public and private sectors.  "
Enterprise Capital Funds  ,Combines private and public money to make equity investments in high growth businesses.  
Managed Funds Programme  ,"Makes investments in large-scale, private sector managed fund of funds, that invest in venture and growth capital funds backing innovative businesses. The programme aims to draw in institutional capital to this asset class.  "
British Patient Capital  ,Invests in best-in-class venture and growth capital funds and works to encourage more investors to make allocations to this asset class.  
National Security Strategic Investment Fund  ,"A joint initiative between HMG and BBB, that invests in advanced technology firms supporting long term equity investment.  "
ENABLE Programmes  ,"Supports lenders, such as banks and non-bank financial institutions, to unlock more lending to smaller businesses through a portfolio-level guarantee.  "
Recovery Loan Scheme  ,Provides lenders with a government-backed guarantee of 80% of the loan value to facilitate lending (including asset and invoice finance) to smaller businesses.  
