﻿24 Haymarket  ,Cisco  ,Graphcore  ,Money and Pension Service  ,Servicenow  
2M Holdings  ,Civica  ,Graven Images  ,Mott MacDonald  ,SETsquared  
Accenture  ,Clarendon Fund Managers  ,Greenhouse Intelligence  ,MSC R&D Limited  ,Severn Trent  
Adarga  ,Cloud Gateway  ,Growthdeck  ,MSD  ,Shadow Robots  
Advalus  ,Collingwood Solutions  ,GSK  ,Murphy Group  ,Siemens  
Advanced  ,Compound  ,Halma  ,NASA  ,Silver Fleet Capital  
Manufacturing  ,Semiconductor  ,,,
Innovation Centre Advanced  ,Applications Catapult Compound  ,Harvey Nash  ,National Composites  ,SilverLake  
Manufacturing Research Centre  ,Semiconductor Centre  ,,Centre  ,
Advice Direct Scotland  ,Computacenter  ,HCL Technologies UK Limited  ,National Innovation Centre for Data  ,Six Degrees Group  
Advice-Cloud  ,Connected Places Catapult  ,HDR UK  ,National Manufacturing Institute Scotland - Advanced Forming Research Centre  ,Soar  
Aerospace Technology Institute  ,Convedo  ,Health Innovation Research Alliance NI  ,Natwest Group  ,Sopra Steria  
Aerospace Wales Forum  ,Cornerstone Partners  ,Heathrow  ,NCUB  ,Spirent  
Age Scotland  ,Corporate Governance Risk  ,Heriot-Watt University  ,Nesta  ,Spirit Aero Systems  
Agri-Epi Centre  ,Costain  ,Highways England  ,Nesta Challenges  ,STFC  
AirBus  ,CPI  ,HP  ,Network International  ,Strawhuts  
AIRTO  ,Creative Industries Federation  ,HR Wallingford  ,Network Rail  ,Sumption Solutions  
Albion Capital  ,Credera  ,HS2  ,Newable Ventures  ,Sunderland City Council  
Alma Angela  ,Creo Medical  ,HSBC  ,Newcastle Helix  ,Sunderland Software City  
Alzheimer’s Society  ,Darktrace  ,HSSMI  ,Newcastle University  ,Sustainable Acoustics  
Amaryllis Ventures Limited  ,Dassault Systems UK  ,Huawei  ,Next Wave Partners  ,Swansea Bay City Deal  
Amazon  ,Data Performance Consultancy  ,i3p  ,NI BBB  ,Swansea University  
Angel Academy  ,DataLab  ,Iand  ,NICA  ,Swoop  
Angels Invest Wales  ,Deep Branch Biotechnol ogy  ,IBM  ,Nile  ,Syncona  
Apple  ,Dell  ,IDEO  ,NNL  ,Synova Capital  
Arcinova  ,Deloitte  ,Impeller Ventures  ,North East Fund  ,Tanium UK Limited  
Arista  ,Derry and Strabane District Council  ,Imperial College London  ,North East LEP  ,Tata Consultancy Services  
Arm  ,Design For Social Change Limited  ,Inbest  ,North Invest  ,Taylor Vinters  
Arqiva  ,Digiidnet  ,Industrial Strategy Council  ,North of Tyne Combined Authority  ,Tech Nation  
ARUP  ,Digital Catapult  ,Industry Wales  ,North Star Ventures  ,Tech UK  
Aspectus Group  ,Digital Catapult NI  ,Informed Solutions  ,Northern Powerhouse  ,Technology Connected  
AstraZeneca  ,Digiterre  ,InSadly  ,NSSIF  ,Techstart Venture LLP  
Atomico  ,Direct ID  ,Institute of Directors  ,Nuclear Advanced Manufacturing Research Centre  ,Tesco  
Autolus  ,Direct Line  ,Institution of Engineering and Technology  ,Nude  ,Thales  
Avieco  ,Domo  ,Institution of Mechanical Engineers  ,Ocado  ,Thomas Swan  
Ayming  ,Dragados UK  ,"International Collaboration Division, Israel Innovation Authority  ",Office for Investment  ,Through Technology  
Balfour Beatty  ,Duke Street  ,InTrace  ,Offshore Renewable Energy Catapult  ,Trades Union Congress  
BAM  ,Durham University  ,Invest NI  ,OGTC  ,Trilateral Resarch Ltd  
Bangor University  ,DXC  ,ITECH Learning Technologies  ,OneWeb  ,TWI Bridgend  
Becrypt Ltd  ,Dynamo  ,ITV  ,Open Banking Limited  ,UK Finance  
Belfast City Council  ,Edf Energy  ,IUK  ,Open Cast Software  ,UK Innovation Districts Group  
Belfast Met  ,Edinburgh Chambers of Commerce  ,Jaguar  ,OpenText UK  ,UK Space  
Belfast Region City Deal  ,Edinburgh Innovations  ,JDR Cable Systems  ,OpTIC  ,UKAEA  
Bellrock Technology  ,Education Partnership North East  ,John Lewis Partnership  ,Oracle  ,UKBAA  
BenevolentAI  ,EMBL  ,Johnson Matthey  ,Outrun Ventures  ,UKRI  
Bentley  ,Energy Systems Catapult  ,JRanger  ,Oxbotica  ,Ulster University  
Beringea  ,ENGIE  ,JRC  ,Oxford Sciences  ,Unilever  
Bessemer Society  ,Engineering UK  ,Kanios  ,P1vitol  ,Universities UK  
BGF  ,Environment Agency  ,Kingspan  ,Palantir  ,University College London  
BioIndustry Association  ,Ever Resource Ltd  ,KTN  ,Panasonic  ,University of Bath  
BJSS  ,Evri Insight  ,Kubos Semiconductors  ,Paragraf  ,University of Cambridge  
Black Pepper  ,Excelitas  ,L&G  ,Pearson  ,University of Edinburgh  
Black Stones Advisors  ,Exizent  ,Laing O'Rourke  ,Penderyn  ,University of Glasgow  
Blackberry  ,EY Incentives  ,Lakestar  ,Phoenix Instinct  ,University of Manchester  
Blenheim Chalcot  ,Federation of Small Businesses  ,Land Rover  ,Pinsent Mason  ,University of Oxford  
BMT Global  ,Financial Conduct Authority  ,Landsec  ,Port of Tyne  ,University of Sheffield  
Boeing  ,FinTech Scotland  ,Larkspur International  ,Precision Decisions  ,University of Southampton  
BP  ,FLINT  ,Law Society of Scotland  ,Prezzo  ,University of Strathclyde  
BRE Group  ,Fnc  ,Leading Edge Forum  ,Proctor and Gamble  ,Valuechain  
Bristol Private Equity Club  ,ForgeRock  ,Leeds City Council  ,Qinetiq  ,Vector Associates (UK) Ltd  
British Academy  ,Forum for Private Business  ,Leonardo Company  ,QUBIS  ,Viasat  
British Airways  ,Fraunhofer  ,Life Sciences Hub Wales  ,Queen Elizabeth Olympic Park  ,Victoria Ward Limited  
British Chamber of Commerce  ,Fraunhofer CAP  ,LINC Scotland  ,Queen Mary University  ,Virtually Informed  
Brunel University  ,Freshfields  ,Linx  ,Queens University Belfast  ,Visa  
BSI Group  ,FSB  ,LSE  ,RACE  ,Visiba Care  
BT  ,Fujitsu  ,M2 Lasers  ,Reckitt Benckiser  ,VMware UK Limited  
BVCA  ,FundHer North  ,Mace Group  ,RedX Pharmaceuticals  ,Vodafone  
Cambridge Angels  ,Gaist Solutions Limited  ,Made Smarter  ,Resolution Foundation  ,Warwick Manufacturing Group  
Campaign for Science and Engineering  ,Galliford Try  ,Make UK  ,Rhea Group  ,Warwick University  
Cardiff City Deal  ,Gatsby  ,Makerversity  ,Riversimple  ,Wellcome Collection  
Cardiff University  ,Genomics England  ,Manufacturing Technology Centre  ,Roche  ,Welsh Automotive Forum  
Catalyst Inc  ,Gillian Hall Consulting  ,Mastek  ,Roke  ,WIG  
CBI  ,Glasgow Chambers of Commerce  ,Matrix  ,Rolls Royce  ,Winsland  
CBI NI  ,Glasgow City Council  ,McKinsey  ,Royal Academy of Engineering  ,Wireless  
CBI Scotland  ,Glasgow City Innovation District  ,McLaren Automotive  ,Royal Institution of Naval Architects  ,WMCA  
CBI Wales  ,Glasgow Life  ,Medallia  ,Royal Society  ,WMG  
Cell and Gene Therapy  ,Glasgow Riverside  ,Medicines Discovery  ,Russell Group  ,Wood  
Catapult  ,Innovation District  ,Catapult  ,,
Centre for Process Innovation  ,Glasgow School of Art  ,MediWales  ,Salesforce  ,WPP  
Ceredigion County Council  ,Glass Futures  ,Mercia  ,Satellite Applications Catapult  ,WSO2 Inc.  
CGI  ,GlobalData  ,Microsoft  ,Scale Up Institute  ,WSP  
Cheltenham Borough Council  ,Google  ,Mirada Medical  ,Scottish Enterprise  ,Zaizi  
Chipside  ,Goonhilly Earth Station Ltd  ,MIT  ,Scottish Funding Council  ,Zinc  
Cinven  ,Government of Canada  ,Mitrai  ,Sellafield  ,Zivver  
,Graham  ,,Senergy  ,
