﻿Table B-1: Geography  ,102  
Table B-2: Fund Manager  ,102  
Table B-3: Sector  ,103  
Table B-4: Number of MEIF awards  ,104  
Table B-5: Year of first investment  ,104  
Annex C: Additional Econometric results and methodology105  
Introduction  ,105  
Approaches to impact evaluation  ,105  
Identifying the counterfactual  ,105  
Creating the selection model  ,106  
Selection model results  ,107  
Quality and robustness checks  ,110  
Annex D Case Studies  ,115  
Introduction and context  ,116  
Business challenges and opportunities  ,116  
Implementation to date  ,117  
Finance additionality and the wider finance package  ,117  
Outcomes and impacts to date  ,118  
"Future outcomes, development and finance needs  ",119  
Conclusions and lessons learned  ,119  
Introduction and context  ,120  
Finance additionality and wider finance package  ,120  
Outcomes and impacts to date  ,121  
"Future outcomes, development and finance needs  ",122  
Conclusions and lessons learned  ,122  
Introduction and context  ,123  
Business challenges and opportunities  ,123  
Finance additionality and wider finance package  ,124  
Implementation to date  ,124  
Outcomes and impacts to date  ,124  
"Future outcomes, development and finance needs  ",125  
Conclusions and lessons learned  ,125  
Introduction and context  ,126  
Business challenges and opportunities  ,126  
