﻿,Debt  ,Debt  ,Equity  ,Equity  ,MEIF  Total  ,MEIF  Total  
,Cases  ,%  ,Cases  ,%  ,Cases  ,%  
Would have secured finance anyway – in same time and scale  ,26  ,17%  ,14  ,16%  ,40  ,17%  
Would have taken longer  ,41  ,26%  ,21  ,25%  ,62  ,26%  
Would have been less  ,5  ,3%  ,1  ,1%  ,6  ,2%  
Would have taken longer and been less  ,12  ,8%  ,4  ,5%  ,16  ,7%  
Probably would not have secured  ,36  ,23%  ,29  ,34%  ,65  ,27%  
Definitely would not have secured  ,27  ,17%  ,15  ,18%  ,42  ,17%  
Don't know  ,10  ,6%  ,1  ,1%  ,11  ,5%  
