﻿,2018/19 (& late 2017/18)  ,2019/20 Cohort  ,2020/21 Cohort  ,Total  
Number of firms  ,105  ,114  ,118  ,337  
Change after 1 year (£m)  ,14.4  ,17.3  ,27.7  ,
Change after 2 years (£m)  ,32.6  ,47.4  ,,
Change after 3 years (£m)  ,37.9  ,,,
Cumulative change (£m)  ,84.8  ,64.7  ,27.7  ,177.2  
Average additionality  ,54.6%  ,54.6%  ,54.6%  ,
Net change in turnover (£m)  ,46.3  ,35.3  ,15.1  ,96.8  
Number of years data per case  ,3  ,2  ,1  ,
Number of years data  ,315  ,228  ,118  ,661  
Additional turnover/business/year (£)  ,,,,"£146,400  "
