﻿Table 6.7: Comparison of derived econometric and  ,survey variables48  Data from econometric analysis  ,Business survey results  
Number of firms  ,337  ,170  
Turnover  
Implied additionality  ,54.6%  ,58%  
Additional turnover in sample (£m)  ,96.8  ,38.0  
Additional turnover per business  ,"£287,100  ","£228,300  "
Additional turnover per business per year (£)49  ,"£146,400  ","£120,500  "
Employment  
Implied additionality  ,30%  ,58%50  
Additional employment change  ,387  ,464  
Additional change per business  ,1.14  ,2.73  
Additional change per business per year  ,0.59  ,1.44  
