﻿,Equity  ,Debt  ,Total  
Total jobs across survey sample Role of jobs created  ,273  ,514  ,787  
Directors and Senior Official  ,14%  ,7%  ,10%  
Sales and Customer Service functions  ,29%  ,17%  ,21%  
Research and Development  ,33%  ,16%  ,22%  
"Production – administration and logistic functions e.g., Process, Plant and Machine Operatives/Service operatives  ",12%  ,41%  ,31%  
Other  ,12%  ,18%  ,16%  
Salaries of jobs created  
"Salaries or wages of less than £25,000 a year (before tax) – i.e., median nationally  ",16%  ,25%  ,22%  
"Salaries or wages of more than £37,800 a year (before tax) – i.e., upper quartile nationally  ",52%  ,35%  ,41%  
