﻿Demand side  ,75  
8. Value for money  ,76  
Approach  ,76  
Econometric evidence  ,76  
Triangulation with survey data  ,77  
Estimating Gross Value Added  ,77  
Displacement  ,77  
VFM modelling assumptions  ,78  
As MEIF costs  ,78  
Value for money  ,81  
Sensitivity  ,81  
9. Summary of findings and conclusions  ,83  
Overall assessment  ,87  
Annex A Logic Models  ,90  
Original Logic models  ,90  
Microfinance loans: £35k-150k in MEIF  ,90  
Context and Rationale  ,90  
Aims & Objectives  ,90  
Debt: later stage loans from £100k-£1.5m in MEIF  ,93  
Context and Rationale  ,93  
Aims & Objectives  ,93  
Late stage equity to £2m in MEIF  ,96  
Context and Rationale  ,96  
Aims & Objectives  ,96  
PoC early stage equity funding up to £740k in MEIF only  ,99  
Context and Rationale  ,99  
Aims & Objectives  ,99  
