﻿,Date of first MEIF award  ,Date of first MEIF award  ,Date of first MEIF award  ,Date of first MEIF award  ,Date of first MEIF award  
,2017/18  ,2018/19  ,2019/20  ,2020/21  ,Total  
Number of businesses  ,19  ,86  ,114  ,118  ,337  
Year before support (t) (n=435)  ,213  ,"1,209  ","2,025  ","2,341  ","5,788  "
Year one (t+1) (n=337)  ,237  ,"1,491  ","2,114  ","2,536  ","6,378  "
Year two (t+2) (n=219)  ,260  ,"1,660  ","2,371  ",,"4,291  "
Year three (t+3) (n=105)  ,279  ,"1,892  ",,,"2,171  "
Increase in Employment (t+3-t)  ,66  ,683  ,346  ,195  ,"1,290  "
