﻿,Survey  ,%  ,Total population  ,%  
Black Country  ,30  ,12%  ,97  ,13%  
Buckinghamshire Thames Valley  ,1  ,0%  ,4  ,1%  
Coventry and Warwickshire  ,21  ,9%  ,74  ,10%  
"Derby, Derbyshire, Nottingham and Nottinghamshire  ",32  ,13%  ,102  ,13%  
Greater Birmingham and Solihull  ,39  ,16%  ,124  ,16%  
Greater Lincolnshire  ,18  ,7%  ,49  ,6%  
Humber  ,0  ,0%  ,1  ,0%  
Leicester and Leicestershire  ,27  ,11%  ,77  ,10%  
Oxfordshire  ,1  ,0%  ,5  ,1%  
Sheffield City Region  ,1  ,0%  ,4  ,1%  
South East Midlands  ,32  ,13%  ,93  ,12%  
Stoke-on-Trent and Staffordshire  ,22  ,9%  ,52  ,7%  
The Marches  ,13  ,5%  ,39  ,5%  
West of England  ,0  ,0%  ,1  ,0%  
Worcestershire  ,10  ,4%  ,36  ,5%  
Total number of awards  ,247  ,,758  ,
