﻿Firm name  ,Description  
Boditrax Technologies  ,"A health-tech business based in Nottingham with six employees. Founded in 2011, the company spent five years completing R&D to design the Boditrax Scanner, a precision body composition and health monitoring platform, which it has since been successfully selling across the world. The company secured £500k through MEIF debt finance in 2021 to finance the development of an upgraded to the platform, ‘Boditrax V2’ and employ new three new staff and temporary R&D specialists.  "
METCLOUD  ,"A technology company that develops and sells cyber secure cloud computing services. Operating since 1998, it currently employs 28 people and is based in Edgbaston. In 2021, it received £1m in equity finance from MEIF, which it used to accelerate the progression of growth plans, with the finance used for product development, marketing, staff recruitment and training.  "
Ekkosense  ,"A software business that designs remote sensing and cloud-based analytics tools to corporate customers to reduce energy costs of data centres. Founded in 2014 in Nottingham, the company is now largely export-oriented and has 35 employees. In 2019 an initial round of £500k of MEIF equity investment was used to fund R&D and new market expansion, followed by a further £1m of debt finance in 2021, used for working capital during a growth phase and ongoing business development activities.  "
Autins Group  ,"A manufacturer of thermal and acoustic insulation materials, founded in 1966 in the West Midlands as a key supplier to the local automotive industry. The firm’s HQ remains in Rugby, but now has production centres across Europe and employs over 150 people. It received £1.5m of debt finance from MEIF in 2020, which was planned to fund an expansion of the R&D unit. However, as the pandemic hit, the became increasingly important to enable survival.  "
