﻿,Debt  ,Debt  ,Equity  ,Equity  ,MEIF  total  ,MEIF  total  
,Cases  ,%  ,Cases  ,%  ,Cases  ,%  
"The benefits would have happened anyway, over the same time period and at the same scale, without MEIF  ",13  ,10%  ,2  ,5%  ,15  ,9%  
"The benefits would have happened anyway, but they would have taken longer to achieve  ",52  ,42%  ,19  ,43%  ,71  ,42%  
"The benefits would have happened anyway, but on a smaller scale  ",33  ,26%  ,12  ,27%  ,45  ,27%  
None of these benefits would have happened  ,36  ,29%  ,13  ,30%  ,49  ,29%  
Don't know  ,1  ,1%  ,1  ,2%  ,2  ,1%  
Total  ,125  ,,44  ,,169  ,
