﻿,Survey  ,%  ,Total population  ,%  
"(A) - AGRICULTURE, FORESTRY AND FISHING  ",0  ,0%  ,1  ,0%  
(B) - MINING AND QUARRYING  ,0  ,0%  ,0  ,0%  
(C) - MANUFACTURING  ,52  ,21%  ,168  ,22%  
"(D) - ELECTRICITY, GAS, STEAM AND AIR CONDITIONING SUPPLY  ",1  ,0%  ,1  ,0%  
"(E) - WATER SUPPLY; SEWERAGE, WASTE MANAGEMENT AND REMEDIATION ACTIVITIES  ",5  ,2%  ,13  ,2%  
(F) - CONSTRUCTION  ,19  ,8%  ,54  ,7%  
(G) - WHOLESALE AND RETAIL TRADE; REPAIR OF MOTOR VEHICLES AND MOTORCYCLES  ,38  ,15%  ,124  ,16%  
(H) - TRANSPORTATION AND STORAGE  ,3  ,1%  ,8  ,1%  
(I) - ACCOMMODATION AND FOOD SERVICE ACTIVITIES  ,9  ,4%  ,23  ,3%  
(J) - INFORMATION AND COMMUNICATION  ,35  ,14%  ,94  ,12%  
(K) - FINANCIAL AND INSURANCE ACTIVITIES  ,6  ,2%  ,12  ,2%  
(L) - REAL ESTATE ACTIVITIES  ,3  ,1%  ,8  ,1%  
"(M) - PROFESSIONAL, SCIENTIFIC AND TECHNICAL ACTIVITIES  ",31  ,13%  ,107  ,14%  
(N) - ADMINISTRATIVE AND SUPPORT SERVICE ACTIVITIES  ,24  ,10%  ,60  ,8%  
(O) - PUBLIC ADMINISTRATION AND DEFENCE; COMPULSORY SOCIAL SECURITY  ,0  ,0%  ,2  ,0%  
(P) - EDUCATION  ,2  ,1%  ,7  ,1%  
Research report  
(Q) - HUMAN HEALTH AND SOCIAL WORK ACTIVITIES  ,7  ,3%  ,20  ,3%  
"(R) - ARTS, ENTERTAINMENT AND RECREATION  ",2  ,1%  ,12  ,2%  
(S) - OTHER SERVICE ACTIVITIES  ,3  ,1%  ,13  ,2%  
No match  ,8  ,3%  ,32  ,4%  
Total number of awards  ,248  ,,759  ,
