﻿,MEIF  investments  ,MEIF  investments  ,Business population  ,Business population  
Defra Local Authority Rural Urban Classification  ,Number of awards  ,%  ,Number of enterprises  ,%  
Largely Rural (rural including hub towns 50-79%)  ,117  ,15%  ,"160,500  ",27%  
Mainly Rural (rural including hub towns >=80%)  ,75  ,10%  ,"52,735  ",9%  
Urban with Significant Rural (rural including hub towns 26-49%)  ,74  ,10%  ,"77,569  ",13%  
Urban with City and Town  ,226  ,30%  ,"188,540  ",31%  
Urban with Minor Conurbation  ,63  ,8%  ,"26,850  ",4%  
Urban with Major Conurbation  ,203  ,27%  ,"96,005  ",16%  
Total  ,758  ,,"602,199  ",
