﻿Topic  ,Key Evaluation Questions  ,Prioritisation  
"Context, rationale and design  "," What is the scale, nature and geography of applications and awards, and is this in line with expectations?    Are the Investment Funds relevant to meet business needs?    ",Lighter touch  
, How effectively have the IFs been aligned with the wider finance ecosystem offer?  ,Lighter touch  
Delivery  ," How is the additionality of IF investment ensured?    How effectively and efficiently are the programmes being delivered, managed and governed? How could this be improved?    ",
"Inputs, outputs and finance additionality  ", How are the IFs performing against input and output targets? What are the reasons for under/over-performance?  ,Priority  
, To what extent is the funding additional and addressing the market failures?    What other sources of finance do applicants consider?    To what extent would applicants be able to secure other forms of finance?    What do SMEs use IF finance for?    ,
Outcomes and impacts  ," What outcomes have been achieved for businesses involved in the programme, and to what extent are these additional?    To what extent has the IF levered follow-on investment?    What is the distribution of outcomes and impacts?    How are outcomes/impacts delivered, and how does this compare to assumptions in the ToC, and what can we learn about what works in terms of pathways to impact?    What is the contribution and relative importance of the IFs in enabling outcomes/impacts, compared to other internal/external factors?    What are the future expected outcomes/impacts?    To what extent have IFs been a commercial success, at the business and programme level?    What are the levels of repayment and arrears, and what drives arrears amongst SMEs?    To what extent are IFs adding value at the sub-national level in improving the wider finance ecosystem, addressing the finance gap, stimulating the supply and demand side of the market?    ",Priority  
Overall assessment  ," To what extent are IFs achieving their objectives and addressing market failures?    To what extent are IFs delivering value for money, compared to other programmes?    ",Priority  
Source: SQW  ,,
