﻿,Businesses funded by MEIF  ,"All unfunded, (before matching)  ",Matched control group I (after matching)  
Employment (log)  ,2.13  ,1.96  ,2.13  
Real turnover (log)  ,6.42  ,6.00  ,6.53  
Emp in year before support (log)  ,1.95  ,1.81  ,2.04  
Real Turnover in year before support (log)  ,6.30  ,5.97  ,6.42  
Live local units  ,1.13  ,1.08  ,1.11  
Patent owner  ,0%  ,1%  ,0%  
High Know’ge Intensive Services  ,14%  ,23%***  ,14%  
High Manufacturing  ,0%  ,2%  ,0%  
Scaleup business  ,1%  ,4%***  ,0%  
IUK Project Before  ,0%  ,0%  ,0%  
Beauhurst Tracked  ,33%  ,40%**  ,34%  
Recorded R&D  ,9%  ,10%  ,9%  
Furlough received  ,62%  ,52%***  ,59%  
Observations  ,338  ,1698  ,338  
