﻿Output categories  ,Achieved at end March 2022  ,Target (and % of target) at end March 2022  
C1: SME assist  ,726  ,"1,572 (▼46%)  "
C3: SME assist (financial support)  ,539  ,"1,045 (▼52%)  "
C4: SME assist (non-financial)  ,193  ,527.2 (▼37%)  
C5: new SME assists  ,76  ,427.8 (▼18%)  
C7: private sector leverage (£m)  ,£267.55m  ,£212.4m (▲126%)  
C8: new jobs  ,"1,919  ","1,774 (▲108%)  "
C28: new products/service to market  ,73  ,6.17 (▲1183%)  
C29: new products/services to the company  ,89  ,62.0 (▲144%)  
