﻿Fund  ,Fund Manager  ,Geographical coverage  ,No. of loans/ investments  ,Actual amount loaned/  invested  ,Target (% of target to date)  
Small Business Loans  ,BCRS  Business Loans  ,West Midlands  ,214  ,£12.8m  ,£12.2m (▲105%)  
Small Business Loans  ,Enterprise Loans East Midlands  ,East & South-East Midlands  ,124  ,£9.8m  ,£9.4m (▲105%)  
Debt  ,Maven  ,West Midlands  ,88  ,£36.2m  ,£40.4m (▼90%)  
Debt  ,Maven  ,East & South-East Midlands  ,87  ,£30.2m  ,£32.3m (▼94%)  
Debt  ,FSE Group  ,Midlands wide  ,57  ,£15.5m  ,£23.4m (▼66%)  
Equity  ,Midven  ,West Midlands  ,64  ,£23.2m  ,£22.9m (▲101%)  
Equity  ,Foresight Group  ,East & South-East Midlands  ,55  ,£23.0m  ,£22.9m (►100%)  
Proof of Concept  ,Mercia  ,Midlands wide  ,70  ,£18.1m  ,£16.0m (▲113%)  
Total  ,,,759  ,£168.9m  ,£179.5m (▼94%)  
