﻿4 As domain model  ,ESS categories  ,HPW practices  
Application  ,Planning  ,"Training plan, training budget, business plan, equal opportunities policy, training needs assessment  "
Application  ,Organisation  ,"Investors in People, ISO 9000, annual performance review, trade union consultation, working in teams, identifying talent  "
Ability  ,Skills  ,"Training activities, formal performance review after training, work shadowing  "
Attitude  ,Rewards  ,"Bonus scheme, performance related pay, flexible benefits  "
Attitude  ,Autonomy  ,"Task variety, task discretion, flexible working  "
