﻿Growth Sectors  ,Examples of Growth Careers  
Digital  ,"Programmers and software development professionals, full stack developers, �1 engineers and data scientists17, cyber security, hardware engineering and systems/network management  "
Screen  ,"line producers, broadcast production (assistants), production accountants (and assistants), editors, user experience designers and animators, graphic designers, games designers, visual FX artists and 3D artists, story-boarders, programmers and software developers  "
Green  ,"Various skilled trades (construction/builders, carpenters.joiners, plumbers, electricians), Various engineers (electrical, mechanical, heating and ventilating) efficiency maintenance & installers (insulation installers) for low-carbon solutions in heating @ heat pump technicians), ventilation and thermal comfort and transport such as electric vehicle charging, facilities management, designers, surveyors and project managers.  "
Hospitality  ,"Catering areas such as Chefs (including 'head chef', 'sous chef', 'chef de QartL�, 'chef managers', 'kitchen porter'), and hospitality services in food, drinks, bookings, events including customer service, sales, finance, HR, facilities management  "
Healthcare  ,Medical practitioners; Psychologists; Pharmacists; Medical radiographers (including radiotherapy practitioners / technologists); Health professionals not elsewhere classified; Physiotherapists; Occupational therapists; Speech and language therapists; Nurses; Social workers; Paramedics; and Nursing auxiliaries and assistants  
