﻿Sector  ,Definition  ,Number of jobs  ,% of total employment  
Climate adaptation  ,"Including flood defences, retrofitting of buildings to be resilient to extreme weather/climate events, nature-based solutions to reduce climate impacts and civil and mechanical engineering for infrastucture adaptation  ","2,500  ",0.05%  
Climate change research and development  ,"Including private sector, academic and public research  ","3,700  ",0.10%  
"Climate change strategy, policy, monitoring and planning  ","Including public, private and NGO sector strategy and policy, outreach to citizen's environmental monitroing and use of planning system to achieve net zero  ","4,100  ",0.10%  
Green and blue infrastructure  ,Within a London context this will focus on urban green infrastructure and include activity aimed at increasing biodiversity or through off-setting  ,"1,600  ",0.03%  
Green finance  ,Structured financial activity that's been created to ensure a better environmental outcome  ,"50,700  ",0.90%  
Homes and buildings  ,"Retrofit, building new energy-efficient homes, heat pumps, smart devices and controls, heat networks and hydrogen boilers  ","58,200  ",1.10%  
Industrial  ,,,
"decarbinisation, hydrogen and carbon capture  ","Including hydrogen production and industrial use, barbon capture, utlisation & storage (CCUS) and industrial decarbonisation  ",900  ,0.02%  
Low carbon transport  ,"Low or zero emission vehicles, aviation and maritime, rail, public transport and walking or cycling  ","13,700  ",0.30%  
Power  ,"Including renewables (such as wind, solar, and hydropower), nuclear power, grid infrastructure, energy storage and smart systems technology  ","82,900  ",1.50%  
"Reduce, reuse, recycle  ",Waste management and circular economy  ,"14,500  ",0.30%  
Reducing localised pollution  ,"Reduction of air pollution, water pollution and noice; London has ambitious goals across all three of these areas  ","1,600  ",0.03%  
Total  ,,"234,300  ",4.40%  
