﻿Sector  ,Diversity career opportunities and challenges  
Digital  ,"A high-value sector, and engine of growth, accounting for 12% of London’s GVA and 8% of employment. The sector has: large numbers of existing job vacancies and a range of skill shortage occupations; wages in the sector are comparatively high; and so are entry requirements. Women are under-represented in the sector, and the gender pay gap is comparatively high. The workforce has fewer disabled workers, older workers and is less ethnically diverse than London as a whole. Individuals from ‘Black/ African/Caribbean/Black British’ backgrounds working in the sector have the lowest wages on average.  There is a clear under-representation of women and ethnic minorities in management and senior positions.  "
Creative industries - Screen  ,"The Creative sector has been a significant story of economic success in the UK, growing at double the rate of the wider economy. London’s creative industries generate £58.4bn a year, and over a quarter of creative jobs are based in the capital (with the majority of creative industries jobs being highly skilled, with high entry requirements). The sector however has a diversity problem – being predominantly white and middle-class. The workforce has fewer women, disabled workers, older workers and is less ethnically diverse than London as a whole. Under-representation is particularly apparent in senior roles. Non-standard employment is prevalent in parts of the sector (such as freelancing).  "
Hospitality  ,"Having been hit hard by the pandemic, hospitality vacancies have recovered robustly in past 12 months, with labour shortages apparent in parts of the sector. The sector accounts for 8% of London’s employment. The barriers to entry to the sector are typically low. Yet employment is often characterised by relatively  "
,low skills and low pay which hinders retention rates. Progression is also a major issue for the sector given the relative balance between entry level and more advanced roles. At entry-level the sector is characterised by relatively high diversity; however under-representation remains a concern in management and leadership roles.  
Green construction  ,"This is a growing sector of strategic importance in supporting the move to Net Zero especially in upgrading the infrastructure, especially repairing and retrofitting the existing built environment, and upgrading the energy and transport system. The skills needs of the sector include a broad range of vocational, technical and design skills. A growing demand for higher skills raises entry requirements. There is already evidence of significant unmet demand in construction professional and skilled trades with enhanced green skills, and new emerging roles expected to grow. Green jobs are predominantly undertaken by men, with women, people from ethnic minorities and those with disabilities still under-represented across the sector. The workforce is ageing and there are concerns that not enough young entrants are being attracted.  "
Health  ,"Health is another sector of strategic importance and a large employment sector - representing 11% of London’s total workforce. The sector has large recruitment needs, including significant upcoming replacement demand needs due to the ageing workforce, and a range of skills shortage vacancies. The sector covers a broad range of occupations and careers.  For health services diversity is of real importance to be representative of the local community they are serving. The healthcare sector is one of the most diverse sectors of the economy, although there are patterns of segmentation in particular roles and there remain important issues of under-representation in senior roles.  "
