﻿,% of establishments (all Module B and Module D)  
,Unweighted base  ,%  
Total  ,"32,088  ",34  
Country  
England  ,"26,707  ",34  
Northern Ireland  ,"2,003  ",35  
Wales  ,"3,378  ",34  
Size  
2 to 4  ,"8,016  ",34  
5 to 24  ,"16,156  ",34  
25 to 49  ,"4,147  ",38  
50 to 99  ,"2,163  ",38  
100-249  ,"1,263  ",35  
250+  ,343  ,32  
Sector  
Primary Sector & Utilities  ,"1,135  ",29  
Manufacturing  ,"2,529  ",26  
Construction  ,"2,084  ",32  
Wholesale & Retail  ,"6,795  ",35  
Hotels & Restaurants  ,"3,130  ",47  
Transport & Storage  ,965  ,32  
Information & Communications  ,955  ,28  
Financial Services  ,649  ,36  
Business Services  ,"6,097  ",29  
Public Admin.  ,330  ,49  
Education  ,"2,001  ",42  
Health & Social Work  ,"3,179  ",41  
Arts & Other Services  ,"2,239  ",37  
