﻿LEP  ,16-year-old school leavers  ,17-18-year-old school leavers  ,College leavers  ,University leavers  
Cheshire and Warrington  ,43  ,53  ,48  ,51  
Tees Valley  ,38  ,44  ,52  ,54  
Thames Valley Berkshire  ,18  ,36  ,34  ,51  
"York, North Yorkshire and East Riding  ",58  ,70  ,72  ,59  
West of England  ,39  ,65  ,60  ,81  
Lancashire  ,46  ,65  ,69  ,74  
South East Midlands  ,74  ,102  ,108  ,101  
North Eastern  ,107  ,151  ,140  ,148  
Leeds City Region  ,111  ,153  ,166  ,187  
Enterprise M3  ,55  ,65  ,74  ,92  
Greater Birmingham and Solihull  ,51  ,76  ,81  ,100  
Greater Lincolnshire  ,39  ,70  ,62  ,64  
London  ,128  ,275  ,275  ,601  
Leicester and Leicestershire  ,37  ,50  ,49  ,52  
Solent  ,43  ,52  ,57  ,47  
Sheffield City Region  ,79  ,91  ,88  ,74  
"Derby, Derbyshire, Nottingham and Nottinghamshire  ",74  ,107  ,100  ,85  
South East  ,109  ,170  ,185  ,185  
Greater Cambridge Greater Peterborough  ,53  ,86  ,87  ,84  
Liverpool City Region  ,47  ,62  ,51  ,64  
Heart of the South West  ,94  ,109  ,101  ,86  
New Anglia  ,70  ,93  ,101  ,86  
Coast to Capital  ,50  ,69  ,83  ,82  
Greater Manchester  ,62  ,97  ,106  ,96  
