﻿,2014  ,2016  ,2019  
Wales total  ,"2,007  ","1,997  ","1,683  "
Size  
2 to 4  ,503  ,511  ,452  
5 to 24  ,918  ,942  ,864  
25 to 49  ,315  ,234  ,214  
50 to 99  ,134  ,140  ,91  
100 to 249  ,96  ,121  ,53  
250+  ,41  ,49  ,9  
Sector  
Primary Sector & Utilities  ,133  ,114  ,110  
Manufacturing  ,134  ,142  ,106  
Construction  ,152  ,143  ,111  
Wholesale & Retail  ,431  ,483  ,366  
Hotels & Restaurants  ,207  ,222  ,205  
Transport & Storage  ,51  ,59  ,41  
Information & Communications  ,70  ,43  ,30  
Financial Services  ,50  ,38  ,28  
Business Services  ,230  ,232  ,235  
Public Administration  ,60  ,51  ,20  
Education  ,116  ,107  ,94  
Health & Social Work  ,239  ,242  ,222  
Arts & Other Services  ,134  ,121  ,115  
