﻿LEP  ,Base  ,Any educa-tion leaver  ,School leavers  ,College leaver  ,University leaver  
Gloucestershire  ,194  ,35%  ,18%  ,16%  ,15%  
Liverpool City Region  ,254  ,35%  ,23%  ,15%  ,18%  
Solent  ,257  ,34%  ,19%  ,15%  ,10%  
Enterprise M3  ,345  ,34%  ,17%  ,12%  ,17%  
Leeds City Region  ,768  ,33%  ,16%  ,15%  ,17%  
Greater Lincolnshire  ,313  ,33%  ,17%  ,15%  ,14%  
Cheshire and Warrington  ,241  ,33%  ,21%  ,14%  ,14%  
Greater Birmingham and Solihull  ,384  ,33%  ,17%  ,13%  ,17%  
London  ,"1,935  ",33%  ,12%  ,9%  ,22%  
Black Country  ,204  ,32%  ,16%  ,17%  ,12%  
Swindon and Wiltshire  ,159  ,32%  ,18%  ,17%  ,9%  
South East  ,863  ,32%  ,16%  ,16%  ,14%  
Sheffield City Region  ,443  ,32%  ,20%  ,13%  ,10%  
Coventry and Warwickshire  ,210  ,31%  ,21%  ,15%  ,14%  
Thames Valley Berkshire  ,174  ,31%  ,17%  ,13%  ,19%  
Stoke-on-Trent and Stafford-shire  ,252  ,31%  ,19%  ,13%  ,9%  
Heart of the South West  ,507  ,31%  ,21%  ,11%  ,10%  
Coast to Capital  ,399  ,30%  ,17%  ,15%  ,13%  
Dorset  ,195  ,30%  ,16%  ,13%  ,15%  
The Marches  ,216  ,30%  ,14%  ,12%  ,10%  
North Eastern  ,751  ,30%  ,19%  ,11%  ,11%  
Greater Manchester  ,477  ,29%  ,16%  ,15%  ,12%  
South East Midlands  ,488  ,29%  ,17%  ,12%  ,12%  
West of England  ,284  ,29%  ,17%  ,11%  ,15%  
"Derby, Derbyshire, Nottingham and Nottinghamshire  ",546  ,29%  ,17%  ,10%  ,10%  
Tees Valley  ,261  ,28%  ,15%  ,13%  ,14%  
Greater Cambridge Greater Pe-terborough  ,471  ,28%  ,16%  ,12%  ,11%  
Leicester and Leicestershire  ,270  ,28%  ,16%  ,12%  ,11%  
Humber  ,221  ,28%  ,17%  ,12%  ,8%  
Oxfordshire  ,164  ,28%  ,14%  ,9%  ,15%  
Worcestershire  ,149  ,27%  ,14%  ,12%  ,14%  
"York, North Yorkshire and East Riding  ",401  ,27%  ,15%  ,10%  ,10%  
Cornwall and Isles of Scilly  ,190  ,27%  ,18%  ,10%  ,8%  
New Anglia  ,524  ,26%  ,14%  ,13%  ,9%  
Hertfordshire  ,255  ,26%  ,14%  ,7%  ,11%  
Lancashire  ,364  ,25%  ,16%  ,12%  ,12%  
Cumbria  ,211  ,25%  ,18%  ,11%  ,8%  
Buckinghamshire Thames Val-ley  ,132  ,23%  ,12%  ,8%  ,12%  
