﻿Row percentages  ,Unwtd base  ,%  ,Gives them experience  ,Helps us with recruitment/Use it as a trial period  ,Moral reasons/ Benefits for young people/ Doing our bit  ,Part of formal Social responsibility policy  ,Approached by student or educational institution  ,Help with the workload  
Total  ,"7,328  ",%  ,47  ,27  ,26  ,9  ,5  ,4  
Country  
England  ,"6,066  ",%  ,46  ,27  ,26  ,9  ,5  ,4  
Northern Ireland  ,487  ,%  ,58  ,15  ,24  ,12  ,6  ,1  
Wales  ,775  ,%  ,49  ,34  ,26  ,10  ,4  ,5  
Size  
2 to 4  ,"1,009  ",%  ,48  ,23  ,26  ,8  ,6  ,5  
5 to 24  ,"3,542  ",%  ,45  ,29  ,25  ,9  ,4  ,4  
25 to 49  ,"1,402  ",%  ,48  ,29  ,26  ,11  ,4  ,2  
50 to 99  ,716  ,%  ,50  ,32  ,25  ,10  ,3  ,4  
100 to 249  ,496  ,%  ,48  ,32  ,30  ,11  ,4  ,2  
250+  ,163  ,%  ,46  ,36  ,32  ,17  ,4  ,1  
Sector  
Primary Sector & Utilities  ,206  ,%  ,41  ,22  ,21  ,10  ,8  ,8  
Manufacturing  ,474  ,%  ,36  ,37  ,26  ,7  ,4  ,4  
Construction  ,330  ,%  ,47  ,29  ,22  ,6  ,1  ,2  
Wholesale & Retail  ,"1,255  ",%  ,42  ,26  ,26  ,11  ,5  ,4  
Hotels & Restaurants  ,654  ,%  ,36  ,51  ,13  ,7  ,5  ,2  
Transport & Storage  ,151  ,%  ,36  ,32  ,17  ,3  ,7  ,10  
Information & Communications  ,211  ,%  ,44  ,25  ,29  ,10  ,4  ,6  
Financial Services  ,111  ,%  ,45  ,27  ,23  ,6  ,4  ,8  
Business Services  ,"1,355  ",%  ,49  ,23  ,29  ,8  ,6  ,4  
Public Admin.  ,69  ,%  ,52  ,16  ,37  ,23  ,4  ,2  
Education  ,885  ,%  ,56  ,19  ,33  ,11  ,4  ,3  
Health & Social Work  ,"1,039  ",%  ,58  ,21  ,26  ,9  ,3  ,3  
Arts & Other  ,588  ,%  ,53  ,24  ,28  ,9  ,5  ,4  
