﻿,2014  ,,2016  ,,2019  
,Base  ,Mean  ,Base  ,Mean  ,Base  ,Mean  
Placements for people at school  ,"4,049  ",3.4  ,"3,961  ",2.9  ,"3,732  ",2.5  
Placements for people at college  ,"2,737  ",2.8  ,"2,676  ",2.6  ,"2,695  ",2.5  
Placements for people at university  ,"2,586  ",3.1  ,"2,460  ",3  ,"2,158  ",2.9  
"Internships, paid or un-paid  ","1,238  ",2.1  ,"1,386  ",2.3  ,"1,133  ",2.7  
Placements for the un-employed  ,"1,279  ",4.8  ,"1,081  ",4.5  ,664  ,4.6  
Work trials for new re-cruits  ,"1,594  ",4.1  ,"1,814  ",3.7  ,"1,991  ",4.5  
Voluntary work  ,NA  ,NA  ,134  ,10.1  ,116  ,7.9  
Special needs / disa-bility  ,NA  ,NA  ,77  ,2.9  ,61  ,2.2  
Graduate programme  ,NA  ,NA  ,60  ,3.2  ,81  ,3.1  
