﻿Altruistic  ,Company benefit  ,Circumstantial  
Gives them experience  ,Helps with recruitment / as a trial  ,Approached by student or educational institution  
Doing our ‘but’ / uphold relations with the local community  ,Helps with the workload  ,Favour for family member or friend  
Part of formal Corporate Social Responsibility policy  ,Raises our profile in the recruitment market  ,
Existing links with educational institutions  ,Beneficial to the company (e.g. fresh ideas / up to date skills etc.)  ,
