﻿,% over-qualified and over-skilled  
,Unweighted base  ,%  
Total  ,"32,088  ",8.0  
Country  
England  ,"26,707  ",8.0  
Northern Ireland  ,"2,003  ",9.7  
Wales  ,"3,378  ",8.1  
Size  
2 to 4  ,"8,016  ",19.7  
5 to 24  ,"16,156  ",10.3  
25 to 49  ,"4,147  ",8.0  
50 to 99  ,"2,163  ",6.4  
100-249  ,"1,263  ",5.4  
250+  ,343  ,4.2  
Sector  
Primary Sector & Utilities  ,"1,135  ",8.4  
Manufacturing  ,"2,529  ",4.0  
Construction  ,"2,084  ",11.3  
Wholesale & Retail  ,"6,795  ",8.7  
Hotels & Restaurants  ,"3,130  ",14.4  
Transport & Storage  ,965  ,6.3  
Information & Communications  ,955  ,6.6  
Financial Services  ,649  ,4.4  
Business Services  ,"6,097  ",7.0  
Public Admin.  ,330  ,11.7  
Education  ,"2,001  ",6.2  
Health & Social Work  ,"3,179  ",6.7  
Arts & Other Services  ,"2,239  ",12.4  
