﻿,2014  ,2016  ,2019  
Northern Ireland total  ,"2,005  ","2,007  ","1,001  "
Size  
2 to 4  ,524  ,521  ,228  
5 to 24  ,940  ,958  ,558  
25 to 49  ,260  ,245  ,111  
50 to 99  ,155  ,151  ,66  
100 to 249  ,86  ,87  ,28  
250+  ,40  ,45  ,10  
Sector  
Primary Sector & Utilities  ,96  ,120  ,48  
Manufacturing  ,139  ,124  ,102  
Construction  ,148  ,161  ,68  
Wholesale & Retail  ,449  ,531  ,233  
Hotels & Restaurants  ,173  ,131  ,78  
Transport & Storage  ,53  ,56  ,27  
Information & Communications  ,63  ,40  ,13  
Financial Services  ,56  ,46  ,25  
Business Services  ,202  ,246  ,107  
Public Administration  ,68  ,34  ,11  
Education  ,153  ,139  ,85  
Health & Social Work  ,258  ,252  ,130  
Arts & Other Services  ,147  ,127  ,74  
