﻿,16-year-old school leavers ,17-18-year-oldsrecruited to their first job from school ,17-18-year-oldsrecruited to their first job from college ,University or higher education leavers  
Column percentages  ,"2,114  ","2,988  ","3,021  ","3,467  "
,%  ,%  ,%  ,%  
Lack of working world / life experience or maturity  ,22  ,17  ,14  ,8  
Poor attitude / personality or lack of motivation  ,20  ,15  ,13  ,6  
Lack required personal skills or competencies  ,9  ,7  ,6  ,3  
Lack required technical skills or competencies  ,6  ,5  ,5  ,3  
Lack of common sense  ,8  ,6  ,4  ,2  
Literacy / numeracy skills  ,3  ,3  ,2  ,1  
Poor education  ,3  ,2  ,2  ,1  
