﻿Work placement volumetrics  ,36  
Duration of placements  ,38  
Whether any work placements were paid  ,40  
Extent to which work placements result in employment  ,42  
Work inspiration  ,44  
Encouraging more employers to offer work placements / work inspiration  ,46  
"Overlap between work placements, work inspiration, and value of work when recruiting  ", experience  48  
Barriers to offering work experience opportunities  ,50  
5. Nurturing the Skills Pipeline: T Levels (England only)  ,53  
Interest in offering T Level placements  ,53  
Perceived ease of providing T Level placements  ,56  
Attitude towards T Level placements by local area  ,57  
6. Conclusions  ,59  
Appendix A: Supplementary tables  ,61  
Appendix B: Definitions for categories  ,104  
Appendix C: Industry coding  ,105  
Appendix D: Sampling Error and Statistical Confidence (summary)  ,108  
