﻿,,,Interest in / ease of providing work placements to T-Levels students  
,Unwtd base  ,,Very / quite Interested  ,Very / fairly easy  
Total  ,"13,365  ",%  ,36  ,33  
LEP  
Black Country  ,204  ,%  ,32  ,33  
Buckinghamshire Thames Valley  ,132  ,%  ,47  ,39  
Cheshire & Warrington  ,241  ,%  ,43  ,36  
Coast to Capital  ,399  ,%  ,36  ,34  
Cornwall & Isles of Scilly  ,190  ,%  ,45  ,37  
Coventry & Warwickshire  ,210  ,%  ,41  ,34  
Cumbria  ,211  ,%  ,40  ,39  
"Derby, Derbyshire, Nottingham & Nottinghamshire  ",546  ,%  ,30  ,31  
Dorset  ,195  ,%  ,36  ,34  
Enterprise M3  ,345  ,%  ,36  ,30  
Gloucestershire  ,194  ,%  ,39  ,37  
Greater Birmingham & Solihull  ,384  ,%  ,28  ,31  
Greater Cambridge Greater Peterborough  ,471  ,%  ,42  ,36  
Greater Lincolnshire  ,313  ,%  ,37  ,34  
Greater Manchester  ,477  ,%  ,38  ,34  
Heart of the South West  ,507  ,%  ,41  ,38  
Hertfordshire  ,255  ,%  ,37  ,30  
Humber  ,221  ,%  ,34  ,31  
Lancashire  ,364  ,%  ,36  ,38  
Leeds City Region  ,768  ,%  ,37  ,32  
Leicester & Leicestershire  ,270  ,%  ,39  ,33  
Liverpool City Region  ,254  ,%  ,41  ,40  
London  ,"1,935  ",%  ,33  ,31  
New Anglia  ,524  ,%  ,34  ,32  
North Eastern  ,751  ,%  ,30  ,29  
Oxfordshire  ,164  ,%  ,39  ,34  
Sheffield City Region  ,443  ,%  ,30  ,29  
Solent  ,257  ,%  ,42  ,32  
South East  ,863  ,%  ,40  ,36  
South East Midlands  ,488  ,%  ,39  ,33  
Stoke-on-Trent & Staffordshire  ,252  ,%  ,34  ,34  
Swindon & Wiltshire  ,159  ,%  ,35  ,33  
Tees Valley  ,261  ,%  ,33  ,35  
Thames Valley & Berkshire  ,174  ,%  ,40  ,34  
The Marches  ,216  ,%  ,35  ,30  
West of England  ,284  ,%  ,39  ,40  
Worcestershire  ,149  ,%  ,33  ,30  
"York, North Yorkshire & East Riding  ",401  ,%  ,38  ,32  
