﻿,Unwtd Base  ,,Lack of working world / life experience or maturity  ,Poor attitude or lack of motivation ,Lack required personal skills or competencies  ,Lack required technical skills or competencies  ,Lack of common sense  ,Literacy / numeracy skills  ,Poor education  
Total  ,"3,467  ",%  ,8  ,6  ,3  ,3  ,2  ,1  ,1  
Country  
England  ,"2,937  ",%  ,8  ,6  ,3  ,3  ,2  ,*  ,1  
Northern Ireland  ,204  ,%  ,6  ,4  ,1  ,2  ,4  ,0  ,0  
Wales  ,326  ,%  ,10  ,7  ,4  ,2  ,2  ,2  ,2  
Size  
2 to 4  ,222  ,%  ,10  ,6  ,4  ,3  ,4  ,1  ,1  
5 to 24  ,"1,471  ",%  ,10  ,7  ,4  ,4  ,2  ,1  ,1  
25 to 49  ,755  ,%  ,6  ,3  ,2  ,3  ,1  ,*  ,*  
50 to 99  ,478  ,%  ,5  ,3  ,1  ,1  ,1  ,0  ,0  
100 to 249  ,394  ,%  ,5  ,5  ,*  ,1  ,1  ,0  ,*  
250+  ,147  ,%  ,4  ,2  ,0  ,0  ,0  ,0  ,0  
Sector  
Primary Sector & Utilities  ,57  ,%  ,20  ,10  ,6  ,*  ,1  ,0  ,0  
Manufacturing  ,191  ,%  ,11  ,11  ,3  ,4  ,4  ,1  ,1  
Construction  ,101  ,%  ,15  ,2  ,2  ,3  ,4  ,2  ,1  
Wholesale & Retail  ,570  ,%  ,8  ,7  ,4  ,3  ,2  ,*  ,1  
Hotels & Restaurants  ,450  ,%  ,6  ,6  ,2  ,3  ,2  ,1  ,1  
Transport & Storage  ,42  ,%  ,8  ,6  ,0  ,4  ,0  ,0  ,0  
Information & Communications  ,143  ,%  ,7  ,2  ,3  ,2  ,2  ,1  ,1  
Financial Services  ,75  ,%  ,7  ,1  ,0  ,5  ,*  ,0  ,0  
Business Services  ,769  ,%  ,10  ,6  ,6  ,3  ,2  ,1  ,*  
Public Admin.  ,34  ,%  ,7  ,6  ,0  ,4  ,0  ,0  ,0  
Education  ,487  ,%  ,6  ,3  ,2  ,1  ,2  ,0  ,*  
Health & Social Work  ,349  ,%  ,8  ,5  ,2  ,3  ,2  ,1  ,2  
Arts & Other  ,199  ,%  ,5  ,10  ,1  ,5  ,1  ,0  ,0  
