﻿,Any Education Placements  ,Any Adult Placements  ,Any internships  ,All work placements  
Total  ,"5,840  ","2,640  ","1,279  ","7,328  "
Country  
England  ,"4,821  ","2,167  ","1,093  ","6,066  "
Northern Ireland  ,433  ,133  ,80  ,487  
Wales  ,586  ,340  ,106  ,775  
Size  
2 to 4  ,798  ,293  ,141  ,"1,009  "
5 to 24  ,"2,691  ","1,334  ",526  ,"3,542  "
25 to 49  ,"1,139  ",510  ,255  ,"1,402  "
50 to 99  ,626  ,247  ,160  ,716  
100 to 149  ,429  ,193  ,127  ,496  
250+  ,157  ,63  ,70  ,163  
Sector  
Primary Sector & Utilities  ,169  ,71  ,26  ,206  
Manufacturing  ,359  ,203  ,93  ,474  
Construction  ,253  ,128  ,42  ,330  
Wholesale & Retail  ,949  ,499  ,147  ,"1,255  "
Hotels & Restaurants  ,309  ,494  ,75  ,654  
Transport & Storage  ,98  ,63  ,26  ,151  
Information & Communications  ,180  ,43  ,66  ,211  
Financial Services  ,87  ,21  ,49  ,111  
Business Services  ,112  ,370  ,359  ,"1,355  "
Public Admin.  ,60  ,16  ,13  ,69  
Education  ,847  ,153  ,131  ,885  
Health & Social Work  ,901  ,374  ,147  ,"1,039  "
Arts & Other  ,507  ,205  ,105  ,588  
