﻿LEP  ,16-year-old school leavers  ,17-18-year-old school leavers  ,College leavers  ,University leavers  
Cheshire and Warrington  ,**  ,70%  ,**  ,90%  
Tees Valley  ,**  ,**  ,77%  ,79%  
Thames Valley Berkshire  ,**  ,**  ,**  ,76%  
"York, North Yorkshire and East Riding  ",68%  ,75%  ,81%  ,77%  
West of England  ,**  ,57%  ,81%  ,87%  
Lancashire  ,**  ,64%  ,79%  ,81%  
South East Midlands  ,72%  ,68%  ,72%  ,76%  
North Eastern  ,66%  ,77%  ,68%  ,74%  
Leeds City Region  ,63%  ,73%  ,75%  ,71%  
Enterprise M3  ,52%  ,62%  ,79%  ,88%  
Greater Birmingham and Solihull  ,63%  ,64%  ,64%  ,88%  
Greater Lincolnshire  ,**  ,71%  ,69%  ,63%  
London  ,55%  ,62%  ,67%  ,81%  
Leicester and Leicestershire  ,**  ,55%  ,**  ,77%  
Solent  ,**  ,63%  ,69%  ,**  
Sheffield City Region  ,46%  ,66%  ,69%  ,82%  
"Derby, Derbyshire, Nottingham and Nottinghamshire  ",56%  ,62%  ,64%  ,78%  
South East  ,56%  ,62%  ,73%  ,68%  
Greater Cambridge Greater Peterbor-ough  ,50%  ,66%  ,59%  ,83%  
Liverpool City Region  ,**  ,50%  ,60%  ,83%  
Heart of the South West  ,43%  ,54%  ,70%  ,79%  
New Anglia  ,48%  ,64%  ,57%  ,77%  
Coast to Capital  ,57%  ,62%  ,53%  ,68%  
Greater Manchester  ,39%  ,58%  ,63%  ,77%  
