﻿Included  ,Excluded  
Published on or after 1 January 2011.  ,Published before 1 January 2011.  
"Sources with a reasonable degree of reputability (for example, from an ‘organisational’ email address or URL) and with permissions from the relevant organisation.  ","Sources from personal email addresses, blogs, journalism, ‘exposés’, legal cases or reports (such as from employment tribunals) or for-profit consultancies or trainers.  "
Discusses at least one protected characteristic from the 2010 Equality Act or Northern Ireland equality legislation.  ,Does not discuss a protected characteristic from the 2010 Equality Act or Northern Ireland equality legislation.  
"Includes some measurement of outcomes and is:  ■	an empirical evaluation of an EDI intervention   ■	a review, meta-analysis or gap analysis of EDI interventions   ■	evidence-based recommendations (in other words, focus group findings) or contextual information to better understand EDI interventions (in other words, research that could inform future interventions).    ",Descriptive sources that provide:  ■	evidence related to the existence or experience of EDI challenges without reference to interventions or actions taken in response   ■	information about interventions without clear outcomes.    
"Took place within an organisation involved in research or innovation (for example, as an employer) or related to the funding, practice or communication of R&I.  ",Took place within an organisation with no clear link to R&I.  
"If personal data is included, it is anonymised, aggregated and/or given with consent.  ",Contains personal data without consent to share or appropriate levels of data protection.  
Available in English.  ,Not available in English.  
Discusses interventions conducted in the UK.  ,Discusses interventions conducted outside the UK.  
