﻿Data collection strand	  ,Grey  
Aim	  ,To improve the management and support of equality and diversity in REF. To support and promote equality and diversity in research careers.  
Method	  ,"The UK funding bodies put in place a number of measures to enhance equality and diversity in REF 2014. These included:  ■	all HEIs were required to have a code of practice that set out fair and transparent procedures for staff selected for inclusion in REF submissions   ■	HEIs could submit staff with fewer than four research outputs where individual staff circumstances had affected the individual’s ability to produce research   ■	HEIs carried out equality impact assessments to inform their selection procedures and analyse the impact of their selection decisions   ■	in the research environment aspect of submissions, REF panels invited HEIs to provide evidence of their support for equality and diversity, which formed part of their judgments about the quality of the research environment.    "
Results	  ,"Overall, as stated in the EDAP report, the measures supported the inclusion of a wider pool of individuals who might have previously been excluded. The proportion of staff submitted to the REF with circumstances has increased since the Research Assessment Exercise (to 29.2%). EDAP concluded that the more systematic approach to output reductions had been a positive step towards improved equality and diversity in the sector.  "
Why is this important?	  ,"As the mechanism that provides accountability for public investment in research, the REF has enormous potential as a lever for improving EDI in research. The 2014 REF EDAP report showed REF 2014 had a far-reaching impact on EDI.  "
