﻿Data collection strand	  ,Grey  
Aim	  ,To develop practical ways of encouraging BAME women to become local councillors and make councils more representative of the communities they serve.  
Method	  ,The BAME women councillors’ taskforce was convened in May 2008 as a pilot approach. The taskforce worked with various delivery partners and took three principal forms:  ■	a programme of outreach events to make BAME women aware of the issue of underrepresentation and open their minds to the possibility of becoming a councillor   ■	a programme in which they could shadow and be mentored by a councillor   ■	an online first certificate course in community leadership    
Results	  ,"■	seventeen of the women who took part in the evaluation put themselves forward as candidates in the local and general elections of May 2010   ■	fourteen were shortlisted to stand as a councillor or MP and, of these, 10 were selected   ■	four were elected as local councillors.    "
Why is this important?	  ,"This is an effective example of adopting an intersectional approach, in relation to race and gender, in the design and implementation of an intervention.  "
