﻿"What?  What was the challenge or problem being addressed? (For example, underrepresentation of a specific group of people, or improving experiences of minority groups)  ",
"Why?  Why did this work happen? What was the theory, rationale or driver behind the intervention? (For example, legal requirement, business needs)  ",
Who?  Who was responsible for the intervention and/or provided resources or input?  ,
"How?  How often? How much (cost, scale)? (For example, describe any approaches or resources used for training, monitoring, changes to organisation or estate)  ",
"Where?  Location (geographical location of the intervention) and location within the organisation (eg Human Resources, senior leaders)  ",
"Pilots, modifications and tailoring  Any adjustments, adaptations over time or in different situations (planned or undertaken)?  ",
