﻿University of the West of Scotland: the Changing the Landscape project (2019)  
Data collection strand	  ,Call for Evidence  
Aim	  ,To improve collaboration between industry and academia with a focus on equality and diversity within STEM fields.  
Method	  ,"This project was funded by the SFC and aligned with the UK government’s Industrial Strategy. It will help influence inclusivity for a vibrant, skilled workforce that enhances economic growth, by engaging industry and academia with a focus on STEM and equality and diversity. The project adopts a ‘business development’ method based on collaboration between the university and industry, which will involve research pools and innovation centres.  "
Results	  ,No results yet available.  
Why is this important?  ,"Although in its early stages, this intervention was the only example that focused specifically on EDI in university/ industry collaboration.  "
