﻿Recommendations from this section  ,Policy makers  ,Funders  ,Employers  ,Research  
Enhance evaluation approaches of EDI training to consider longer-term impacts and the effects of training on participants’ behaviours and decision making.  ,,, ,
"Interventions reviewed had a strong focus on women and/or parents. Further work is required to assess the efficacy of interventions, and different types of intervention, for people with other identity characteristics where there is evidence of need (for example, underrepresentation or unequal outcomes).  ",,,, 
"Support or conduct evaluations of EDI-focused mentoring programmes to determine their efficacy, and consider developing programmes for groups beyond women.  ", ,,, 
"Returnships have demonstrated promising results. R&I employers may wish to consider if such an intervention would benefit their organisation, particularly for women and/or individuals returning from extended career breaks.  ",,, ,
"When designing EDI interventions, consider the facilitative factors presented in this report, such as collaboration (for example, with subject experts, with different parts of the organisation or with external organisations), senior management backing, suitable funds and staff resource, project management and accountability.  ", , , ,
"Employer engagement interventions appear to work well in STEM, particularly in relation to gender. Consider whether such programmes could work in non-STEM industries and for other identity characteristics or EDI more broadly.  ",,, ,
Develop and expand interventions related to EDI in innovation.  , , , ,
