﻿Level of the Maryland Scientific Method Scale No. of % interventions  
"1: Correlation 5	 (for example, departments with a female leader have more female staff)  ",6.1  
"2: Before and after assessment, with no control of conditions 16	 (for example, female staff in a department increased after the appointment of a female leader)	  ",19.5  
"3: Before and after assessment, with experimental conditions 2	 (for example, female staff in a department increased after the appointment of a female leader, female staff in a department did not increase after	 the appointment of a male leader)	  ",2.4  
"4: Before and after assessment, with multiple experimental conditions 0	 (for example, as with level 3 but with additional controls for gender culture in a department and the individual backgrounds of staff)	  ",0.0  
5: Randomised control trial 3	  ,3.7  
"Not applicable, unclassifiable or unclear	 56	  ",68.3  
Total 82  ,100.0  
