﻿Data collection strand	  ,Call for Evidence  
Aim	  ,The university wanted to support parents returning from maternity leave to ensure they maintained research activity.  
Method	  ,"To address the disadvantage experienced by staff returning from maternity and adoption leave who wished to maintain their research portfolios, the university established the Academic Returners Support Fund. Within one year of returning to work, staff can apply for up to £10,000 to support any part of their research (teaching cover, conference attendance, skills development etc.). The fund has since been modified to also include partners who take four months or more using shared parental leave’.  "
Results	  ,"Schools and colleges which have run this support programme have collected case studies to document its positive impact on individual staff. Case studies show that the programme has achieved its aims, with around 30 applications granted since 2015. A long-term study is required to assess whether the programme impacts future promotion and progress of those awarded a grant.  "
Why is this important?	  ,Effective use of case studies to highlight the impact of the support programme.  
