﻿Evaluation framework variable % agreement  
"Source (for example, academic paper, grey literature, Call for Evidence)	  ",94.1  
Protected characteristic(s) addressed*	  ,95.9  
Application of intersectional lens	  ,82.4  
"Area of EDI (for example, careers, culture and wellbeing, outreach and public	 engagement etc.)*	  ",87.1  
"Location of intervention development (for example, HEI, commercial entity, government organisation etc).	 Location of intervention impact (for example, HEI, commercial entity, government organisatio, etc.)	  ",91.7  83.3   
"Sector or discipline (for example, HE, STEMM, business, education, arts etc.)	  ",83.3  
"Relevance to UKRI (for example, research funder, employer, R&I policy, public engagement etc.)	  ",81.3  
"Intervention type (for example, training and development, mentoring or coaching, strategy change etc.)*	  ",81.0  81.0   
"Type of method employed (for example, between groups, within groups, interviews, focus groups etc.)*	  ",88.2  
"Type of data (for example, quantitative, qualitative, mixed etc.)	  ",75.0  
Maryland Scientific Method Scale	  ,50.0  
