﻿Data collection strand	  ,Grey  
Aim	  ,To drive greater diversity in the tech workforce.  
Method	  ,"The Tech Talent Charter required organisations to undertake actions to advance diversity in the UK tech workforce. Signatories of the charter made a number of pledges in relation to their approach to recruitment and retention. The Tech Talent Charter was run as an industry collective for organisations of all sizes, from start-ups to large multinationals. The charter encouraged and supported signatories to tackle diversity challenges by undertaking to:  ■	support attraction, recruitment and retention practices that are designed to increase the diversity of their workforce   ■	define their own timetable for change and implement the strategy that is right for their organisation (acknowledging that all signatories will have different starting points)   ■	measure the diversity profile of their UK employees and share this data for (anonymous) collective publication   ■	in the research environment aspect of submissions, REF panels invited HEIs to provide evidence of their support for equality and diversity, which formed part of their judgments about the quality of the research environment.    "
Results	  ,"In 2018, representation of women was higher among charter signatories than other tech companies.  "
Why is this important?	  ,The scheme cuts across 13 industry categories and has proven its efficacy in prompting EDI work across a wide variety of different organisations.  
