﻿Data collection strand	  ,Grey  
Aim	  ,Examine factors why disabled students choose or do not choose to disclose information about their disability.  
Method	  ,"HEIs in England, Scotland and Wales with high levels of disability disclosure and/or uptake of disabled students’ allowance (DSA) were invited to share good practice in increasing disclosure rates and DSA uptake. Twenty-two HEIs completed a questionnaire and further fieldwork was conducted in six HEIs. Fieldwork involved semi-structured interviews and focus groups with staff and students, and an online student questionnaire.  "
Results	  ,"Among disabled students, common reasons cited for why they disclosed information included:  ■to put reasonable adjustments in place   ■	the positive influence of supportive tutors   ■	advice from friends and family. Reasons were also shared for why students might choose not to disclose information about their disability. These included:   ■	potentially negative effect on professional aspirations (for example, future employment opportunities)   ■	discrimination in admissions processes   ■	stigma and prejudice   ■	being seen as unsuitable for HE   ■	not regarding themselves as disabled or ‘disabled enough’.    The report also highlighted the experiences of international students at UK HEIs, who may come from a culture or country with alternative understandings of disability or where disclosure of a disability brings the risk of discrimination. The research found the experiences of international students to be mixed. Some HEIs had developed specific support and funding for disabled international students, whereas others provided little encouragement for international students to disclose as disabled or seek support.  "
Why is this important?	  ,"Although focused on students, many of the findings are relevant to employees in R&I organisations. The report presented reasons why disabled people may choose not to disclose information, and also provided a particular discussion around disclosure experiences of international students and staff based in UK organisations.  "
