﻿Name of organisation  
Geographic focus:  ,□UK   □England   □Northern Ireland   □Wales   □Scotland   □International (please specify countries/regions)    
Data collection stream:  ,□Academic (eg peer-reviewed journal article)   □Grey (eg organisation report)   □Call for Evidence response   □Athena SWAN application   □Other (please specify):    
Characteristics covered:  ,□Gender/sex   □Disability (including mental health)   □Trans identity (gender reassignment)   □Marriage and civil partnership   □Pregnancy and maternity   □Race (ethnicity or nationality)   □Religion and belief   □Age   □Sexual orientation   □Unspecified/general EDI   □Other (please specify):    
Does the source refer to socio-economic status?  ,"□ No   □Unsure   □Yes (please specify measure, eg income, postcode, parent education etc)    "
Does the source explicitly apply an intersectional lens?  ,□ No   □Unclear   □Yes    
What area(s) of EDI work does the source focus on?  ,"□Careers (recruitment, promotion, leave policies etc.)   □Culture and wellbeing (inclusion, experiences etc.)   □Outreach and public engagement (community work, events etc.)   □Data (equality monitoring, increasing disclosure etc.)   □Funding (scholarships, grant awards etc.)   □Other (please specify):    "
How would you describe the source?  ,□Evaluation of intervention   □Evidence-based recommendations (ie focus group findings) or contextual information to better understand EDI interventions (ie research that could inform future interventions)   □Review of multiple interventions   □None of the above/source should be excluded    
Where was the research/intervention(s) developed/designed?  ,□Higher education institution   □Research institute   □State ministry or government agency   □Non-governmental organisation   □Commercial entity   □Learned society   □Research funding organisation   □Unsure   □Other (please specify):    
Where was the research/intervention(s) intended to impact?  ,□Higher education institution   □Research institute   □State ministry or government agency   □Non-governmental organisation   □Commercial entity   □Learned society   □Research funding organisation   □Unsure   □Other (please specify):    
Did the research/intervention(s) involve a partnership of multiple organisations?  ,□ No   □Unsure   □Yes (please specify):    
What is the sector/discipline focus of the source?  ,□HE/research/STEM   □Business/management/leadership   □Education/teaching/learning   □Healthcare   □Creative arts   □Charity/community/public   □Other (please specify):    
What area(s) of UKRI’s work could the source relate to?  ,□Research funder   □Employer   □Research and innovation policy   □Public engagement/outreach   □None   □Other (please specify):    
"This part of the evaluation asks about individual interventions. If the source includes multiple interventions (for example, a meta analysis or review), you will be invited to complete this page up to a total of four times. If the source features more than four, please provide information on interventions with the most available data.  "
Date/date range when research/ intervention was undertaken (leave blank if unknown):  
Size of organisation where research/ intervention was undertaken?  ,□Small (under 50 people)   □Medium (50 - 250 people)   □Large (over 250 people)   □Unsure   □Other (please specify):    
What type of intervention is discussed? Or what is the focus of the research?  ,□Training/development   □Mentoring/coaching   □Strategy/policy change   □Awareness raising   □Organisational review/assessment of EDI   □Learning resources/tools   □Outreach   □Unsure   □Other (please specify):    
Briefly describe the research/ intervention:  ,
"What did the intervention intend to change? If research, how could this inform future interventions?  ",
What type of methodology was used to evaluate the intervention?  ,□Within-groups design   □Between-groups design   □Time series analysis   □Cross-sectional analysis   □Case study/ies   □Qualitative analysis of interviews   □Qualitative analysis of focus groups   □Ethnography/observation   □Conceptual/not based upon empirical evidence   □Unsure   □None   □Other (please specify):    
Information on the intervention (if known):  ,
Target sample:  ,
Sample size:  ,
Control variables:  ,
Number of people involved in design/delivery:  ,
"Location of intervention within organisation (eg senior leadership, HR):  ",
Financial cost of intervention:  ,
How are the EDI challenges the research/ intervention intended to address understood?  ,"□Individual (eg confidence building, individual adjustments)   □Structural (eg quotas)   □Both   □Unsure   □Other (please specify):    "
What data was captured from the intervention?  ,□Quantitative   □Qualitative   □Unsure   □Other (please specify):    
"If possible, assess the intervention using the Maryland Scientific Method Scale  ","□Level 1: Correlation (eg departments with a female leader have more female staff)   □Level 2: Before and after assessment, with no control of conditions (eg female staff in a department increased after the appointment of a female leader)   □Level 3: Before and after assessment, with experimental conditions (eg female staff in a department increased after the appointment of a female leader, female staff in a department did not increase after the appointment of a male leader)   □Level 4: Before and after assessment, with multiple experimental conditions (eg as with level 3 but with additional controls for gender culture in department and individuals backgrounds of staff)   □Level 5: Randomised control trial   □Unsure/Not applicable    "
Please use this space to provide further information on any assessment of ‘robustness’:  ,
Were outcomes of the intervention measured/evaluated and the results reported?  ,□Outcomes measured/evaluated but not reported   □Outcomes measured/evaluated and reported   □Outcomes neither measured/evaluated nor reported    
"If measured, please note the method(s) used:  ",□Self-reported   □Impact evaluation   □Other (please specify):    
"If reported, please provide information on outcomes:  ",
"This final page asks you to again think of the source holistically, rather than individual interventions  noted within the source. This information might be found in a concluding section on reflections or recommendations.  "
Does the source present reasons for success?  ,□ No   □Yes (please provide information):    
Does the source present reasons for failure?  ,□ No   □Yes (please provide information):    
Does the source present recommendations or suggestions for future work?  ,□ No   □Yes (please provide information):    
Does the source report EDI challenges that lack current interventions?  ,□ No   □Unsure   □Yes (please list challenges identified):    
Any other comments:  ,
