﻿Study design No. of % interventions  
Within-groups or longitudinal 2	  ,2.4  
Between-groups or cross-sectional	 10	  ,12.2  
Time series analysis	 1	  ,1.2  
Case study (or case studies)	 3	  ,3.7  
Qualitative analysis of interviews or journals	 3	  ,3.7  
Document analysis	 5	  ,6.1  
Other quantitative analysis (such as analysis of sector or staff-level data)	 2	  ,2.4  
Other qualitative analysis (such as discourse analysis)	 1	  ,1.2  
Mixed methods	 17	  ,20.7  
Conceptual article or not applicable	 1	  ,1.2  
Unknown	 37	  ,45.1  
Total 82  ,100.0  
