﻿Name of organisation  
Do you wish your organisation to remain anonymous in any final report?  ,Yes: please provide a general descriptor for example “an international research funder”  No  
What best describes your organisation? (tick all that apply)  ,□Research institute (publicly or government funded)   □Research institute (private/for-profit)   □Higher Education institution/University   □Government or State body   □Research funding organisation   □Non-Governmental Organisation   □Charity   □Think tank   □Business   □Other (please describe or provide link):    
Which of these organisational functions does this intervention relate to? (tick all that apply)  ,"□Research   □Funding research or innovation   □Regulator or oversight of research or innovation   □Employer   □Facilities or physical estate   □Public engagement, communications or outreach   □Other:    "
Link to description of your organisation (optional)  ,
Which nation/region does your organisation operate in? (tick all that apply)  ,UK England Northern Ireland Scotland Wales  □□□□□  □Africa [specify]   □Americas [specify]   □Asia Pacific [specify]   □Europe [specify]   □Middle East/North Africa [specify]   □Other:    
