﻿Describe the timeframe for the intervention (beginning and end)  ,
Was the effectiveness of these interventions measured?  ,
How was the effectiveness measured? (Tick all that apply)  ,□Survey/questionnaires   □Focus group/interviews   □Monitoring data   □Case studies   □Other quantitative method:   □Other qualitative method:   □Other:    Describe briefly:  
Did you consider this measurement method effective?  ,
Were there any unexpected or additional outcomes (positive or negative) beyond the original aim(s)?  ,
What element(s) of the intervention proved particularly useful or innovative?  ,
"If the intervention successfully achieved its stated aims (fully or partially), why do you think this was?  ",
If the intervention was unsuccessful (fully or partially) why do you think this was?  ,
"If you were to repeat the intervention, would you do anything differently?  ",
Any comments on whether this intervention could be scaled up or applied in a different context?  ,
