﻿Intervention  ,Frequency  
Appraisal: rewards applications and successes	  ,1  
Appraisal: rewards knowledge exchange activities	  ,3  
Awards: for postdoc innovation	  ,1  
Events: career or researcher development	  ,6  
Grants: ECRs targeted to develop large grant applications	  ,1  
Grants: feedback on applications	  ,1  
Grants: opportunities identified for researchers at end of funding	  ,1  
Grants: staff consider promotion of research staff in grant applications	  ,1  
Knowledge intermediary: linking academics and business	  ,1  
One-to-one support: research funding or management	  ,8  
Peer support group or network	  ,7  
PGR students: discouraged from working more than 14 hours per week	  ,1  
PGR students: paid stipend while on maternity leave	  ,1  
Promotion: creation of more permanent positions in department	  ,1  
Representation: exemplars of research excellence on university website	  ,1  
Resources: subscription to Vitae magazine	  ,1  
"Training: grant application, budgets	  ",5  
Workload: ECRs have less teaching to help establish research	  ,1  
