﻿Table 8.4. Organisations leading in terms of innovative approaches  Identity characteristics that receive less attention  ,Aspects of R&I landscape that receive less attention  ,Inventive approaches or tools  
Employment Research Institute - age management in SMEs  ,SFC and Heriot-Watt University - University Innovation Fund (UIF)  ,Behavioural Insights Team  - (i) shared parental leave/ flexible working and (ii) police recruitment 
Organisations and intervention(s) Government Equalities Office (GEO) - BAME women councillors taskforce  ,University of the West of Scotland - the Changing Landscape  ,BlackRock - executive sponsorship  
Open University - Aspire programme  ,WISE campaign/Amazon - Making a Difference  ,Equate Scotland - Women Returners Programme  
Royal Academy of Engineering - Engineering Engagement programme  Wellcome Trust - understanding mental health  ,Glasgow Caledonian University - postgraduate research (PGR) cultural awareness training  ,University of Glasgow - family study lounge  
