﻿Recommendations from this section  ,Policy makers  ,Funders  ,Employers  ,Research  
"Ensure questions asked about sex, gender, gender reassignment and trans status and history comply with reporting requirements and, as far as possible, enable people to respond in a manner that reflects their lived experiences.  ", , , ,
"Harmonise, or facilitate harmonisation of, equality monitoring questions and response options within specific sectors to improve potential benchmarking.  ", , , ,
"Consider the establishment of a central EDI data repository of the UK’s scientific funding and scientific research workforces (Bridge Group, 2017).  ", , ,,
"Ensure the burden of data collection, analysis and presentation to support accreditation schemes or awards does not fall upon staff who may already face disadvantage (such as female early-career researchers).  ",,, ,
"Develop and extend secure, online HR systems that enable staff to manually review and update their equality data.  ",, , ,
"Address EDI data gaps, such as information on postgraduate research applicants (formal and informal enquiries), socio-economic status and other identity characteristics.  ", ,,, 
Develop and extend data literacy skills within organisations so that the use of EDI data goes beyond reporting the diversity of a workforce and also uses data to justify interventions and evaluate their effectiveness or ineffectiveness.  , , , , 
