﻿Organisation responsible  ,Publication title  
Advance HE	  ,"Advance HE  ■	Actions to mitigate the gender pay gap in English higher education   ■	Identifying good practice in successful Silver and Gold Athena SWAN applications    Equality Challenge Unit  ■	Governing bodies, equality and diversity in Scottish higher education institution   ■	Mentoring: progressing women’s careers in higher education   ■	Sector-leading and innovative practice in advancing equality and diversity (with HEFCE)    Higher Education Academy  ■	Whose job is it anyway?    "
"Cass Business School, City University	  ",Convenient fictions and inconvenient truths: dilemmas of diversity at three leading accountancy firms  
"Centre for Global Learning:	 Education and Attainment,	 Coventry University	  ","A multilevel study of the relationships between diversity training, ethnic discrimination and satisfaction in organizations  "
"Centre for Inclusion and Diversity,	 University of Bradford	  ",Black and minority ethnic leaders in the health sector  
Chartered Management Institute	  ,Our blueprint for balance  
Equality and Human Rights Commission  ,Unconscious bias training: an assessment of the evidence for effectiveness  
Royal Society of Edinburgh	  ,Tapping all our talents (2018)  
Wellcome Trust (by RAND Corporation)  ,Understanding mental health in the research environment: a rapid evidence assessment  
