﻿Area of EDI focus  ,No. of interventions  ,%  
"Careers (recruitment, promotion, leave policies etc.)	  ",52	  ,63.4  
"Culture and wellbeing (inclusion, experiences etc.)	  ",4	  ,4.9  
"Outreach and public engagement (community work, events etc.)	  ",2	  ,2.4  
"Data (equality monitoring, increasing disclosure etc.)	  ",2	  ,2.4  
"Funding (scholarships, grant awards etc.)	  ",1	  ,1.2  
Careers and culture combined	  ,4	  ,4.9  
Careers and outreach combined	  ,5	  ,6.1  
Three or more areas covered	  ,5	  ,6.1  
Other  ,3	  ,3.7  
"Other: general policy, practice or governance	  ",2	  ,2.4  
"Other: access, retention and employability of students	  ",2	  ,2.4  
Total  ,82  ,100.0  
