﻿Data collection strand	  ,Grey  
Aim	  ,"Increase programme participants’ competence in engaging with race equality, understanding of racial inequalities and ability to advance race equality within their institution.  "
Method	  ,"Participants from HEIs attended a two-day programme, which used a variety of methods including self-reflection, independent reading, participative exercises, presentations, videos and quizzes. Participants were invited to complete a survey before and after their attendance at the programme.  "
Results	  ,"Results showed significant improvements in participants’ familiarity with seven of the 10 items covered in the race equality questionnaire (including critical race theory, deficit approach, institutional racism, intersectionality/intersectional, micro-aggression, race and white privilege). While the before and after assessments suggested that programme attendance led to improved familiarity with race issues, without a control group who had not participated in the programme and the measurement of other factors related to course attendance (such as motivation to learn about race issues, pertinence of these issues to one’s current post etc.), the authors could not conclude that course attendance caused these improvements.  "
Why is this important?  ,A longitudinal study that involved a small sample (22 participants) and demonstrated statistically significant change for some outcomes.  
