﻿Sector-leading and innovative practice in advancing equality and diversity (2017)  
Data collection strand	  ,Grey  
Aim	  ,Improve how staff use student EDI data.  
Method	  ,"Royal Holloway, University of London created a ‘data dashboard’ that provides reports and visualisations of student progression against EDI data (protected characteristics). This can be viewed at departmental, faculty or college level and examined on a year-by-year basis to identify trends.  "
Results	  ,"Although the source does not present detailed information on outcomes, it does note that:  ■	the replacement of static EDI data PDFs with data dashboards means that staff have access to timely and better-quality data to plan actions and address equality issues   ■	data dashboards have made it easier for staff to access EDI data and identify equality challenges, investigate details and monitor student progress.    "
Why is this important?	  ,Use of innovative technology to enhance university staff’s use of undergraduate and postgraduate student data when conducting annual reviews.  
