﻿Recommendations from this section  ,Policy makers  ,Funders  ,Employers  ,Research  
Develop skills on how to discuss and present data among those asked to write about EDI interventions.  ,,, ,
Measure outcomes in multiple ways to gain a full picture of an intervention’s impact.  , , ,,
Highlight the value of qualitative data as a method to evaluate EDI interventions.  , , ,,
"Design evaluations so that, as far as possible, they use experimental methods (for example, rather than one survey at a single time point for participants, run one survey with participants and one survey with non-participants).  ", ,, , 
