﻿Name  ,Organisation  
Shaun Holmes	  ,British Council  
Louis Stupple-Harris	  ,British Science Association  
Rachel Handforth	  ,Careers Research and Advisory Centre; Vitae  
Gregory Crouch	  ,Equality & Human Rights Commission  
Lindsey Crosswell	  ,European Bioinformatics Institute  
Matthew Guest	  ,GuildHE  
Rochelle Fritch	  ,Science Foundation Ireland  
Anna Bradshaw	  ,British Academy  
Karen Salt	  ,UKRI External Advisory Group for EDI; University of Nottingham  
Rachael Gooberman-Hill	  ,University of Bristol  
Sheila Riddell	  ,University of Edinburgh  
