﻿Recommendations  ,Policy makers  ,Funders  ,Employers  ,Research  
Previous work  ,,,,
"Among sources reviewed, reviews of EDI challenges most often focused on research, in particular in HE and STEM contexts. This would suggest a need for further research on EDI challenges in innovation.  ", ,,, 
"Reviews of EDI challenges most often focused on gender, in particular women. This would suggest a need for further research on EDI challenges related to the other protected characteristics and to socio-economic status.  ", ,,, 
Sources reviewed did not discuss intersectionality. Future research should therefore consider how the intersection of identity characteristics affects EDI challenges and their impact.  ,,,, 
What works?  ,,,,
Enhance evaluation approaches of EDI training to consider longer-term impacts and the effects of training on participants’ behaviours and decision-making.  ,,, ,
"Interventions reviewed had a strong focus on women and/or parents. Further work is required to assess the efficacy of interventions, and different types of intervention, for people with other identity characteristics where there is evidence of need (for example, underrepresentation or unequal outcomes).  ",,,, 
Support or conduct evaluations of EDI-focused mentoring programmes to determine their efficacy and consider developing programmes for groups beyond women.  , ,,, 
"Returnships have demonstrated promising results. R&I employers may wish to consider if this intervention would benefit their organisation, particularly for women and/or people returning from extended career breaks.  ",,, ,
"When designing EDI interventions, consider the facilitative factors presented in this report, such as collaboration (such as with subject experts, with different parts of the organisation or with external organisations), senior management backing, suitable funds and staff resource, project management and accountability.  ", , , ,
"Employer engagement interventions appear to work well in STEM, particularly in relation to gender. Consider whether such programmes could work in non-STEM industries and for other identity characteristics or EDI more broadly.  ",,, ,
Develop and expand interventions related to EDI in innovation.  , , , ,
Measuring success  ,,,,
Develop skills on how to discuss and present data among those asked to write about EDI interventions.  ,,, ,
Measure outcomes in multiple ways to gain a full picture of an intervention’s impact.  , , ,,
Highlight the value of qualitative data as a method to evaluate EDI interventions.  , , ,,
"Design evaluations so that, as far as possible, they use experimental methods (for example, rather than one survey at a single time point for participants, run one survey with participants and one survey with non-participants).  ", ,, , 
Enhancing data and disclosure  ,,,,
"Ensure questions asked about sex, gender, gender reassignment and trans status and history comply with reporting requirements and, as far as possible, enable people to respond in a manner that reflects their lived experiences.  ", , , ,
"Harmonise, or facilitate harmonisation of, equality monitoring questions and response options within specific sectors to improve potential benchmarking.  ", , , ,
"Consider the establishment of a central EDI data repository on the UK’s scientific funding and scientific research workforces (Bridge Group, 2017).  ", , ,,
"Ensure the burden of data collection, analysis and presentation to support accreditation schemes or awards does not fall upon staff who may already face disadvantage (such as female early-career researchers).  ",,, ,
"Develop and extend secure, online HR systems that enable staff to manually review and update their equality data.  ",, , ,
"Address EDI data gaps, such as information on postgraduate research applicants (formal and informal enquiries), socio-economic status and other identity characteristics.  ", ,,, 
Develop and extend data literacy skills within organisations so that the use of EDI data goes beyond reporting the diversity of a workforce and uses data to justify interventions and evaluate their effectiveness or ineffectiveness.  , , , , 
Who is leading?  ,,,,
"Reflect on the definitions of ‘leadership’ outlined in the report and consider future methods for recognising and rewarding commitment, innovation and collaborative practice in EDI.  ", , ,,
