﻿The UK position today  ,2033 target  
"• Ensure the UK is home to world-leading quantum science and engineering, growing UK knowledge and skills  "
"Among the top 10 nations producing quantum scholarly outputs, the UK ranks 3rd for the quality and impact of its quantum science. (Based on field-weighted citation impact 2017-21).  ","By 2033 we will maintain our top 3 position in the quality of our quantum science publications, whilst increasing the volume of our research publications.  "
Since 2014 the UK has funded over 470 postgraduate research students working on quantum technologies or a related discipline.  ,"By 2033, we will have funded an additional 1000 postgraduate research students in quantum relevant disciplines.  "
Bilateral arrangements with the US on quantum collaboration.  ,"By 2033 we will have bilateral arrangements with 5 further leading quantum nations, based on substantive collaborative work programmes  "
"• Support business, making the UK the go-to place for quantum businesses and an integral part of the global supply chain, as well as a preferred location for investors and global talent  "
The UK has attracted ~12% of global private equity investment into quantum technology companies (2012-22).  ,"By 2033, the UK will have a 15% share of global private equity investment into quantum technology companies.  "
The UK currently has an estimated ~9% global market share in quantum technologies (2021/22).  ,"By 2033, the UK will have a 15% share of the global quantum technologies market.  "
"• Drive the use of quantum technologies in the UK to deliver benefits for the economy, society and our national security  "
25%-33% of businesses have taken concrete steps to prepare for the arrival of quantum computing.  ,"By 2033, all businesses within key relevant sectors of the UK will be aware of the potential of quantum technologies and 75% of relevant businesses will have taken steps to  "
,prepare for the arrival of quantum computing.  
"• Create a national and international regulatory framework that supports innovation and the ethical use of quantum technologies, and protects UK capabilities and national security  "
Quantum regulation and standards framework yet to be defined.  ,The UK will be a global leader in establishing global standards for quantum.  
