﻿"Vision: For the UK to be a world leading quantum-enabled economy by 2033, building on scientific excellence and a thriving quantum sector to ensure that quantum technologies are an integral part of the UK’s digital infrastructure and advanced manufacturing base, driving growth and helping to build a strong and resilient economy and society.  "
"Goal 1: Ensure the UK is home to world-leading quantum science and engineering, growing UK knowledge and skills  "
Research & Development  
"We will establish a new and ambitious ten-year £2.5 billion quantum research and innovation programme from 2024-2034, to be developed in full consultation with our partners across Government, most notably UK Research and Innovation, independent expert advisors and with industry.  "
"In the next year make new investments in new National Quantum Research Hubs, two short-term quantum missions focussed on achieving key technological milestones around quantum computing and PNT, quantum fellowships and doctoral training, government procurement of quantum technologies for public use, acceleration activities, working with the sector on collaborative R&D in quantum networking and increased activities through the National Quantum Computing Centre.  "
Skills  
"More than double the number of Centres for Doctoral Training focused on Quantum Technologies. This will contribute to training over 1,000 PhD students in quantum or a directly supporting field over the next ten years. Ensure the UK can continue to attract, develop and retain world leading experts by investing in tailored packages, such as fellowships for the brightest researchers. We will start with an investment of £25m over the next two years to increase quantum-related fellowships and doctoral training. We will continue to increase this over the new ten-year programme.  "
"Ensure the UK can continue to attract, develop and retain world leading experts by investing in tailored packages, such as fellowships for the brightest researchers. We will start with an investment of £15m over the next two years to increase the number of quantum-related fellowships  "
"Establish the Quantum Skills Taskforce, bringing together industry, academia, and professional societies with the relevant government agencies to ensure that the quantum skills system is guided by the needs of our most promising companies. We will work further with these groups to develop and publish a skills action plan within the next 12 months.  "
"Develop a range of measures to inspire the next generation of quantum scientists, engineers, and technicians. We will fund an expansion of STEM Learning’s Quantum Ambassador schools outreach programme, launch a further series of domestic and international summer schools and research exchanges, and develop both a quantum industry placement scheme and a quantum apprenticeships programme.  "
Support global quantum talent moving to the UK through the enhanced visa routes for highly-skilled individuals.  
Deliver a quantum priority stream in the UK Global Talent Network.  
"Engage with UK professional bodies including the Institution of Engineering & Technology (IET) and the Institute of Physics (IoP) to develop awareness, skills and recognition of continuing professional development and careers in support of the quantum sector  "
"Broaden activities such as the NPL Apprenticeship scheme in order to train more skilled technicians in the UK for the UK quantum sector, aligning with wider government objectives to strengthen technical training in the UK  "
International  
"Expand our partnerships through a comprehensive programme of bilateral arrangements with leading quantum nations, working with the UK’s global Science and Innovation Network, and considering the priorities and outcomes set in the UK International Tech Strategy.  "
"Engage with other leading quantum nations to exchange knowledge on quantum programmes, developments, regulation and security.  "
Increase our global networks through open calls on collaborative research.  
Provide additional funding for international collaboration through the new International Science Partnerships Fund  
"Demonstrate UK leadership in international standards fora, optimising the conditions for UK companies and creating standards that are compatible with our norms and values.  "
"Goal 2: Support business, making the UK the go-to place for quantum businesses and an integral part of the global supply chain, as well as a preferred location for investors and global talent  "
Launch missions for Quantum Computing and PNT that will include enabling activities to support commercialisation and user adoption in these technology areas  
"Develop new acceleration programmes for quantum technologies that will support the sector in capitalising on market opportunities. We will start with an additional £20M over the next two years to fund an accelerator for quantum networking, a collaborative programme with industry.  "
Launch a new round of industry-led innovation funding opportunities under the new ten-year programme  
"Work with industry to undertake feasibility studies on key infrastructure and programme requirements to enable the future benefits associated with quantum technologies to be better understood and realised, starting with quantum communications.  "
"Commission the Royal Academy of Engineering to undertake an independent infrastructure review by the end of 2023 to map the UK’s quantum infrastructure and the sector’s infrastructure requirements for the next decade against those of other key UK sectors (such as semiconductors, photonics or space), including for fabrication facilities.  "
"Open-up access to the facilities of participating partners across industry, RTOs, universities, and government-owned facilities for test, problem-solving, and performance demonstration.  "
Produce a directory of existing infrastructure accessible to industry across the UK and explore the quantum industry’s requirements for additional infrastructure over the next decade.  
"Work through the National Quantum Computing Centre to negotiate access to quantum computing resources across a range of platforms for wider research and the quantum industry, providing a front door for those businesses looking to engage with the quantum community and explore use cases. We will provide an additional £20M over the next two years to boost the work of the NQCC.  "
"Create a quantum business growth directory outlining the support offer for quantum companies to help them to flourish by taking advantage of the existing schemes available for innovative businesses, including helping to protect their intellectual property.  "
"Work with key organisations such as UKQuantum and techUK and parts of government to develop promotional material targeted at critical user sectors for dissemination nationally and internationally, as well as to deliver a targeted global opportunities campaign, working with global partners to promote the UK sector overseas, build trade opportunities and open-up investment and collaboration opportunities for UK companies.  "
"Work with international partners to consider future security of supply and facilitate the growth of a trusted global supply chain for the sector, benefiting the growth of the UK ecosystem as well as those of our partner nations.  "
"Build programmes and investment opportunities that attract quantum companies from overseas. We will proactively support quantum businesses that want to come to the UK, working with the Department for Business and Trade.  "
"Goal 3: Drive the use of quantum technologies in the UK to deliver benefits for the economy, society and for national security  "
