﻿Data  ,Time period  ,Data source  ,Limitations  
"Research grants and fellowships (principal investigators, co-investigators, fellows)  ","2014-15 to 2020-21  Awardees are grouped into financial year  based on the date on  which UKRI decided on the application, not the date the application was submitted.  ","Source data used is the same as the Competitive Funding Decision data used in UKRI’s annual reports, but with Innovate UK and Research England applications and awards removed.28  Sources included are:  -  The Joint electronic Submission system (Je-S) for the Research Councils.   -  Additional funding decisions captured outside of Je-S such    as rapid response funding  (including ‘UKRI response to COVID’), opportunities  administered by funders outside  of UKRI and grants awarded to MRC Institutes, Units and Centres.  Note that grants where we cannot  link to person level data are  removed from the dataset (<1% of grants).  ","Non-disclosure of data  1. Approximately, 5% -9% of    respondents did not share their  ethnicity in 2020-21 across the  three roles.  2. In 2019-20, non-disclosure of disability status was approximately 6% to 8% across    the three roles.  3. For a small percentage of calls data is not included for applications. These calls artificially appear to have a 100% success rate. Due to the small percentage of these calls this should not affect comparisons between groups.    "
Studentship starts  ,2014-15 to 2020-21 Student starts are  based on the first financial year that the studentship award was active – a time stamp that typically represents a student’s  intake year  ,Individual studentship information submitted by  research organisations (ROs) to research councils via the cross-council Je-S Studentship Detail Functionality.  (Funding for studentships is mainly provided to ROs as a block grant. ROs then select candidates for specific studentship projects or fund an independent project proposal.)  ,"UKRI does not collect EDI data  for studentships through the  application process. Instead, EDI data is provided by the RO through the Je-S studentship detail functionality.  Data provided in this way only covers studentship starts and does not include application data.29 Therefore, award rates are not included for studentship  starts.  Ethnicity data is not disclosed or unknown for approximately 30% of awardees in all years.  "
Diversity profile  of wider academic community for UKRI and each council  ,2020/21 academic year – this is the most recent year available to create council level benchmarks.  ,"HESA data based on cost codes for academic populations. Using the HESA 2020/21 staff return, staff full-person equivalent, academic staff (excluding atypical), academic employment function, both teaching & research contracts.  2. HECoS codes for postgraduate (Masters and doctoral research)  students and full person  equivalent. Common Aggregation Hierarchy level 3 is used.  ","HESA data reflects the diversity population of the UK Higher Education Institutes (HEIs), whereas some UKRI calls do allow for international applicants or researchers outside of UK HEIs.  For ethnicity, data is for UK domiciled students only.  HESA data is based on academic years rather than financial years. The 2020/21 academic year used here only overlaps with the first four months of the 2020-21 financial year.  Staff were included within council level HESA benchmarks, based upon the cost centre their contract(s) were allocated to.30 Cost centres that were allocated proportionately to councils based  upon the funding distribution of  cost centres by councils during the 2020/21 financial year reported in HESA finance data.31  Students were included within council level HESA benchmarks based upon the subject or subjects appropriate to their course. Subjects were allocated proportionately to councils based upon the council funded student headcount in 2020/21 HESA  student data.  "
Diversity profile  of labour market (employed) population  ,Apr-Jun 2020 – Jan- Mar 2021 disability and  ethnicity  ,ONS Labour Force Survey – disability and ethnicity  ,Data from the ONS Labour Force Survey on disability and ethnicity is available on a quarterly basis rather than a financial year basis. Data for the four quarters of the 2020/21 financial year has been used to calculate a weighted  average.  
