﻿Characteristic  ,How it is measured  ,Presentation of  , results  
Age  ,Based on applicant’s date of birth and date of decision.  ,– 29 or less   – 30-39   – 40-49   – 50-59   – 60 plus   – Unknown    ,
Disability  ,The following options are presented to applicants:  – An unseen disability   – Autistic spectrum disorder   – Blind/Partially sighted   – Deaf/Hearing impairment   – Dyslexia   – Mental health difficulties   – Wheelchair user/Mobility difficulties   – Multiple disabilities   – A disability not listed above   – No known disability   – Not disclosed   – Unknown    ,By disability status:  – Known disability   – No known disability   – Not disclosed   – Unknown    
Ethnicity  ,Ethnicity options in system:  ,Ethnic groups presented:  
,– Bangladeshi   – Chinese   – Indian   – Pakistani   – Any other Asian background    ,Asian  ,Ethnic minorities (excluding white minorities)  
,– African   – Caribbean   – Any other Black/African/Caribbean background    ,Black  ,
,– White and Asian   – White and Black African   – White and Black Caribbean   – Any other Mixed/Multiple ethnic background    ,Mixed  
,– Other  ,Other  ,
,– White British   – White Irish   – Any other White background    ,White  ,White  
,– Unknown   – Not disclosed    ,,
Gender  ,– Male   – Female   – Not disclosed    ,"The current funding services asks applicants to provide information on gender with male, female or not disclosed as response options. For this reason, we  use the terminology male and female to  describe gender categories throughout this document.  We appreciate that gender and sex terminology is more nuanced and highly personal and plan to reflect this through data collection in the new funding system.  "
