﻿Row percentages  ,,Aware of Levy  ,Aware of who it applies to  ,Aware of 0.5% of wage bill  ,Can claim back*  
Total  ,%  ,37  ,58  ,52  ,68  
Country  
England  ,%  ,38  ,59  ,52  ,68  
Wales  ,%  ,30  ,46  ,38  ,N/A  
Size  
2 to 4  ,%  ,33  ,50  ,44  ,63  
5 to 24  ,%  ,38  ,60  ,52  ,68  
25 to 49  ,%  ,52  ,74  ,66  ,78  
50 to 99  ,%  ,63  ,79  ,76  ,86  
100 to 249  ,%  ,75  ,87  ,84  ,92  
250+  ,%  ,82  ,89  ,85  ,90  
Sector  
Primary Sector & Utilities  ,%  ,32  ,45  ,36  ,59  
Manufacturing  ,%  ,40  ,55  ,50  ,65  
Construction  ,%  ,39  ,51  ,50  ,71  
Wholesale & Retail  ,%  ,29  ,53  ,48  ,66  
Hotels & Restaurants  ,%  ,27  ,55  ,51  ,64  
Transport & Storage  ,%  ,38  ,58  ,46  ,65  
Information & Communications  ,%  ,37  ,61  ,49  ,65  
Financial Services  ,%  ,35  ,55  ,52  ,72  
Business Services  ,%  ,42  ,63  ,53  ,69  
Public Admin.  ,%  ,52  ,53  ,49  ,68  
Education  ,%  ,66  ,75  ,72  ,84  
Health & Social Work  ,%  ,41  ,64  ,59  ,73  
Arts & Other  ,%  ,38  ,58  ,51  ,68  
