﻿Apprentice decision  ,Capability / fit  ,Lack of resource / work  ,Personal / health reasons  
The apprentice did not want to stay in their role  ,The apprentice was not capable enough at their role  ,There was not enough work available  ,The apprentice left for person reasons  
The apprentice accepted a job at another employer  ,The apprentice was not the right fit for the establishment  ,The establishment could not afford to hire them permanently  ,The apprentice was ill  
The apprenticed moved on (unspecified)  ,The apprentice had a bad attitude / lacked motivation  ,Funding / financial reasons  ,
Apprentice relocated  ,The apprentice was fired / went through disciplinary action  ,,
Location difficult to get to / apprentice moved to a more convenient location  ,,,
The apprentice left to find a better paid position  ,,,
