﻿,2014  ,2016  ,2019  
Total  ,"2,970  ","3,447  ","4,286  "
Country  
England  ,"2,352  ","2,683  ","3,726  "
Northern Ireland  ,255  ,326  ,189  
Wales  ,363  ,438  ,371  
Size  
2 to 4  ,277  ,364  ,369  
5 to 24  ,"1,169  ","1,497  ","2,050  "
25 to 49  ,530  ,601  ,863  
50 to 99  ,353  ,358  ,504  
100-249  ,393  ,375  ,349  
250+  ,248  ,252  ,151  
Sector  
Primary Sector & Utilities  ,71  ,90  ,79  
Manufacturing  ,308  ,300  ,371  
Construction  ,327  ,335  ,371  
Wholesale & Retail  ,434  ,622  ,829  
Hotels & Restaurants  ,290  ,326  ,397  
Transport & Storage  ,80  ,77  ,83  
Information & Communications  ,76  ,114  ,85  
Financial Services  ,63  ,54  ,59  
Business Services  ,391  ,493  ,729  
Public Admin.  ,87  ,93  ,46  
Education  ,297  ,307  ,427  
Health & Social Work  ,352  ,437  ,505  
Arts & Other Services  ,194  ,199  ,305  
