﻿Row percentages  ,Unwtd Base:  ,,Used work experience placements to determine whether an individual was suitable for an Apprenticeship prior to recruiting them as an apprentice  
Total  ,"4,286  ",%  ,32  
Country  
England  ,"3,726  ",%  ,32  
Northern Ireland  ,189  ,%  ,31  
Wales  ,371  ,%  ,38  
Size  
2 to 4  ,369  ,%  ,33  
5 to 24  ,"2,050  ",%  ,34  
25 to 49  ,863  ,%  ,32  
50 to 99  ,504  ,%  ,32  
100 to 249  ,349  ,%  ,18  
250+  ,151  ,%  ,24  
Sector  
Primary Sector & Utilities  ,79  ,%  ,29  
Manufacturing  ,371  ,%  ,33  
Construction  ,371  ,%  ,30  
Wholesale & Retail  ,829  ,%  ,32  
Hotels & Restaurants  ,397  ,%  ,31  
Transport & Storage  ,83  ,%  ,30  
Information & Communications  ,85  ,%  ,21  
Financial Services  ,59  ,%  ,31  
Business Services  ,729  ,%  ,31  
Public Admin.  ,46  ,%  ,6  
Education  ,427  ,%  ,39  
Health & Social Work  ,505  ,%  ,30  
Arts & Other Services  ,305  ,%  ,44  
