﻿Row percentages  ,Unweighted bases  ,%  ,They are not suitable due to the size of establishment  ,We are not looking to recruit new staff  ,"All our staff fully skilled, no need ",Apprenticeships are not offered for our industry  ,We cannot currently afford to  ,Prefer to recruit experienced staff  ,Summary: Structural  ,Summary: Active choice  ,Summary: Lack of awareness  
Total 2014  ,"10,696  ",%  ,21  ,15  ,14  ,7  ,8  ,7  ,56  ,33  ,10  
Total 2016  ,"10,571  ",%  ,20  ,19  ,13  ,8  ,7  ,7  ,61  ,33  ,9  
Total 2019  ,"11,784  ",%  ,20  ,18  ,13  ,9  ,8  ,6  ,62  ,32  ,9  
Sector  
Primary Sector & Utilities  ,480  ,%  ,17  ,26  ,16  ,7  ,11  ,5  ,65  ,34  ,8  
Manufacturing  ,825  ,%  ,18  ,21  ,18  ,10  ,8  ,6  ,62  ,36  ,8  
Construction  ,653  ,%  ,22  ,24  ,17  ,3  ,11  ,7  ,64  ,37  ,7  
Wholesale & Retail  ,"2,687  ",%  ,17  ,17  ,13  ,10  ,6  ,5  ,59  ,29  ,10  
Hotels & Restaurants  ,"1,032  ",%  ,16  ,16  ,15  ,8  ,6  ,5  ,54  ,33  ,16  
Transport & Storage  ,359  ,%  ,23  ,17  ,14  ,14  ,6  ,7  ,60  ,34  ,8  
Information & Communications  ,435  ,%  ,27  ,16  ,8  ,6  ,10  ,8  ,63  ,29  ,9  
Financial Services  ,264  ,%  ,24  ,25  ,16  ,10  ,2  ,11  ,60  ,35  ,9  
Business Services  ,"2,324  ",%  ,25  ,19  ,13  ,9  ,8  ,7  ,67  ,32  ,7  
Public Admin.  ,129  ,%  ,12  ,11  ,8  ,16  ,6  ,8  ,58  ,33  ,10  
Education  ,620  ,%  ,19  ,16  ,9  ,11  ,17  ,7  ,65  ,28  ,8  
Health & Social Work  ,"1,101  ",%  ,14  ,10  ,11  ,11  ,8  ,8  ,51  ,31  ,12  
Arts & Other Service  ,875  ,%  ,22  ,15  ,11  ,12  ,10  ,4  ,66  ,29  ,11  
