﻿Acquiring talent  ,Nurturing talent  ,Altruistic  ,Financial  
Good way to get skilled staff (included what was previously ‘effective method of recruitment’  ,Demand among existing staff  ,Good way to give young people a chance in employment  ,Availability of grants to support it  
To ensure young people continue to enter the industry / company  ,Improve staff morale / retention  ,To help people into work / give people experience  ,Changes following the introduction of the Apprenticeship Levy  
We are looking to expand the business  ,To improve general skills / knowledge of new and existing staff  ,To help the community / corporate social responsibility*  ,Good value for money / cost effective  
,To train people from scratch / to train apprentices to our needs  ,,
,We can shape our own Apprenticeship framework or standard  ,,
,We want to upskill current staff  ,,
