﻿,Unweighted bases  ,Total number of current apprentices (to nearest 1000)  ,Average number of apprentices per establishment  
Total  ,"2,598  ","496,000  ",2.7  
Country  
England  ,"2,272  ","466,000  ",2.7  
Northern Ireland  ,103  ,"11,000  ",3.1  
Wales  ,223  ,"20,000  ",2.3  
Size  
2 to 4  ,149  ,"37,000  ",1.0  
5 to 24  ,"1,151  ","133,000  ",1.5  
25 to 49  ,541  ,"58,000  ",2.3  
50 to 99  ,362  ,"61,000  ",3.8  
100-249  ,264  ,"62,000  ",4.9  
250+  ,131  ,"145,000  ",19.0  
Sector  
Primary Sector & Utilities  ,44  ,"14,000  ",3.0  
Manufacturing  ,259  ,"56,000  ",4.2  
Construction  ,268  ,"47,000  ",1.8  
Wholesale & Retail  ,440  ,"53,000  ",1.7  
Hotels & Restaurants  ,172  ,"22,000  ",1.9  
Transport & Storage  ,57  ,"14,000  ",3.0  
Information & Communications  ,52  ,"13,000  ",3.0  
Financial Services  ,37  ,"15,000  ",5.2  
Business Services  ,465  ,"116,000  ",3.1  
Public Admin.  ,37  ,"23,000  ",7.4  
Education  ,283  ,"28,000  ",2.2  
Health & Social Work  ,280  ,"62,000  ",3.9  
Arts & Other Services  ,204  ,"33,000  ",1.7  
