﻿Row percentages  ,Unwtd Base:  ,,Have heard of the Traineeship programme  ,Have taken on somebody as part of the Traineeship programme  
Wales  ,"1,704  ",%  ,28  ,2  
Size  
2 to 4  ,449  ,%  ,29  ,2  
5 to 24  ,882  ,%  ,24  ,2  
25 to 49  ,206  ,%  ,30  ,5  
50 to 99  ,99  ,%  ,34  ,3  
100 to 249  ,57  ,%  ,33  ,2  
250+  ,11  ,%  ,**  ,**  
Sector  
Primary Sector & Utilities  ,72  ,%  ,26  ,2  
Manufacturing  ,116  ,%  ,21  ,1  
Construction  ,96  ,%  ,34  ,3  
Wholesale & Retail  ,378  ,%  ,26  ,2  
Hotels & Restaurants  ,183  ,%  ,31  ,3  
Transport & Storage  ,52  ,%  ,29  ,*  
Information & Communications  ,30  ,%  ,31  ,0  
Financial Services  ,20  ,%  ,**  ,**  
Business Services  ,250  ,%  ,26  ,3  
Public Admin.  ,32  ,%  ,30  ,6  
Education  ,135  ,%  ,30  ,6  
Health & Social Work  ,213  ,%  ,29  ,2  
Arts & Other Services  ,127  ,%  ,25  ,3  
