﻿,Total  ,England  ,Northern Ireland  ,Wales  
Overall number of establishments  ,"1,830,802  ","1,683,072  ","58,663  ","89,067  "
All establishments with current apprentices  ,"189,378  ","177,414  ","3,491  ","8,473  "
All establishments that have / offer apprenticeships  ,"338,470  ","317,024  ","7,294  ","14,152  "
"All establishments that have / offer apprenticeships, or have offered in the last three years  ","474,166  ","445,086  ","9,868  ","19,212  "
All establishments that do not currently have / offer apprenticeships  ,"1,492,332  ","1,366,048  ","51,369  ","74,915  "
