﻿Structural  ,Active choice  ,Lack of awareness  ,Reforms  
Apprenticeships are not offered for our industry  ,"All our staff fully skilled, no need  ",Don't know enough about them  ,Because of recent reforms (needing to make a 5% contribution to the costs)  
Apprenticeships are only for manual staff / not for professionals  ,Bad experience with training providers in the past  ,Never have before so haven't considered it  ,Because of recent reforms (minimum of 20% of apprentices’ hours being off-the-job training  
Decision made by Head Office / someone else  ,Don't suit our business model  ,Not heard of apprenticeships / don’t know at question PD28  ,
Don't have the work to offer them  ,No need (unspecified.)  ,No one has enquired about doing one lately  ,
Don't have time to train them  ,Past apprentices have not been of a good standard  ,,
Not relevant to business  ,Prefer other forms of training  ,,
Regulatory or bureaucratic restrictions or requirements  ,Prefer to recruit experienced staff  ,,
Specialist job roles / niche business*  ,,,
They are not suitable due to the size of establishment  ,,,
We are not looking to recruit new staff  ,,,
We cannot currently afford to  ,,,
We don't have the resources (various)  ,,,
We have struggled to find a suitable applicant  ,,,
