﻿Row percentages  ,Unweighted bases  ,%  ,They are not suitable due to the size of establishment  ,We are not looking to recruit new staff  ,"All our staff fully skilled, no need ",Apprenticeships are not offered for our industry  ,We cannot currently afford to  ,Prefer to recruit experienced staff  ,Summary: Structural  ,Summary: Active choice  ,Summary: Lack of awareness  
Total 2014  ,"10,696  ",%  ,21  ,15  ,14  ,7  ,8  ,7  ,56  ,33  ,10  
Total 2016  ,"10,571  ",%  ,20  ,19  ,13  ,8  ,7  ,7  ,61  ,33  ,9  
Total 2019  ,"11,784  ",%  ,20  ,18  ,13  ,9  ,8  ,6  ,62  ,32  ,9  
Country  
England  ,"9,632  ",%  ,21  ,18  ,13  ,8  ,8  ,6  ,62  ,32  ,9  
Northern Ireland  ,819  ,%  ,13  ,9  ,13  ,11  ,9  ,5  ,54  ,37  ,13  
Wales  ,"1,333  ",%  ,17  ,22  ,14  ,16  ,7  ,5  ,65  ,30  ,12  
Size  
2 to 4  ,"3,539  ",%  ,25  ,22  ,15  ,7  ,9  ,5  ,66  ,31  ,9  
5 to 24  ,"6,030  ",%  ,15  ,14  ,12  ,11  ,5  ,7  ,57  ,33  ,10  
25 to 49  ,"1,283  ",%  ,7  ,8  ,7  ,14  ,7  ,9  ,48  ,32  ,12  
50 to 99  ,649  ,%  ,5  ,8  ,8  ,12  ,7  ,8  ,49  ,31  ,10  
100 to 249  ,243  ,%  ,6  ,9  ,7  ,8  ,8  ,5  ,44  ,32  ,11  
250+  ,40  ,%  ,7  ,0  ,14  ,15  ,5  ,12  ,45  ,29  ,9  
