﻿Structural  ,Active choice  ,Reforms  
Apprenticeships are not offered for our industry  ,"All our staff fully skilled, no need  ",Because of recent reforms (needing to make a 5% contribution to the costs)  
Bureaucracy  ,Apprentices tend to leave soon after their training  ,Because of recent reforms (minimum of 20% of apprentices’ hours being off-the-job training  
Head Office decision  ,Bad experience with training providers in the past  ,
Takes up too much time  ,No benefits to business  ,
They are not suitable due to the size of establishment  ,Past apprentices have not been of a good standard  ,
We are not looking to recruit new staff  ,Prefer other forms of training  ,
We cannot currently afford to  ,Prefer to recruit experienced staff  ,
