﻿Row percentages  ,Unwtd Base:  ,,Awareness of Traineeships  
,,,Have not heard of Traineeships  ,Aware of them but do not know what they are  ,Aware of them and have some knowledge of what they involved  ,Have a good knowledge of them and what they involve  ,Had someone undertake a traineeship in the last 12 months  ,Summary: Any awareness of Traineeships  
England  ,"13,358  ",%  ,53  ,20  ,19  ,6  ,3  ,45  
Size  
2 to 4  ,"3,215  ",%  ,53  ,20  ,19  ,6  ,2  ,46  
5 to 24  ,"6,676  ",%  ,54  ,19  ,19  ,6  ,3  ,44  
25 to 49  ,"1,818  ",%  ,52  ,22  ,20  ,6  ,5  ,47  
50 to 99  ,979  ,%  ,51  ,18  ,23  ,6  ,5  ,47  
100 to 249  ,504  ,%  ,49  ,17  ,23  ,9  ,5  ,49  
250+  ,166  ,%  ,45  ,14  ,23  ,16  ,11  ,53  
Sector  
Primary Sector & Utilities  ,439  ,%  ,56  ,22  ,17  ,4  ,1  ,43  
Manufacturing  ,992  ,%  ,58  ,19  ,17  ,5  ,1  ,40  
Construction  ,842  ,%  ,57  ,17  ,18  ,6  ,2  ,41  
Wholesale & Retail  ,"2,906  ",%  ,57  ,18  ,18  ,6  ,2  ,42  
Hotels & Restaurants  ,"1,168  ",%  ,51  ,21  ,19  ,7  ,2  ,47  
Transport & Storage  ,358  ,%  ,48  ,23  ,21  ,6  ,2  ,50  
Information & Communications  ,470  ,%  ,58  ,19  ,18  ,4  ,2  ,41  
Financial Services  ,289  ,%  ,56  ,21  ,18  ,5  ,3  ,43  
Business Services  ,"2,690  ",%  ,52  ,20  ,19  ,6  ,2  ,46  
Public Admin.  ,133  ,%  ,51  ,18  ,24  ,7  ,3  ,48  
Education  ,822  ,%  ,45  ,21  ,23  ,8  ,7  ,53  
Health & Social Work  ,"1,289  ",%  ,45  ,20  ,25  ,8  ,4  ,54  
Arts & Other Services  ,960  ,%  ,44  ,22  ,23  ,9  ,5  ,54  
