﻿Acquiring talent  ,Nurturing talent  ,Altruistic  ,Financial  
Good way to get skilled staff  ,Demand among existing staff  ,Good way to give young people a chance in employment  ,Availability of grants to support it  
To ensure young people continue to enter the industry / company  ,Improve staff morale / retention  ,To help people into work / give people experience  ,Because of the apprenticeship levy  
,To train people from scratch / to train apprentices to our needs  ,To help the community / corporate social responsibility  ,Good value for money / cost effective  
,To improve general skills / knowledge of new and existing staff  ,,
,We could shape our own Apprenticeship framework or standard  ,,
,We wanted to upskill current staff  ,,
