﻿Reasons for not currently offering apprenticeships  ,Total  ,England  ,Northern Ireland  ,Wales  
,"11,784 %  ","9,632 %  ",819 %  ,"1,333 %  "
They are not suitable due to the size of establishment  ,20  ,21  ,13  ,17  
We are not looking to recruit new staff  ,18  ,18  ,9  ,22  
"All our staff fully skilled, no need  ",13  ,13  ,13  ,14  
Apprenticeships are not offered for our industry  ,9  ,8  ,11  ,16  
We cannot currently afford to  ,8  ,8  ,9  ,7  
Prefer to recruit experienced staff  ,6  ,6  ,5  ,5  
Don't suit our business model  ,6  ,6  ,10  ,6  
Never have before so haven't considered it  ,6  ,5  ,8  ,6  
Don't have time to train them  ,5  ,5  ,3  ,5  
No need (unspecified)  ,4  ,4  ,7  ,3  
Don't have the work to offer them  ,3  ,3  ,4  ,3  
Regulatory or bureaucratic restrictions or requirements  ,3  ,3  ,1  ,3  
Decision made by Head Office / someone else  ,2  ,2  ,2  ,3  
Prefer other forms of training  ,2  ,2  ,3  ,3  
We don't have the resources (various)  ,2  ,2  ,2  ,1  
Past apprentices have not been of a good standard  ,2  ,2  ,1  ,2  
Not relevant to business  ,2  ,2  ,3  ,1  
Summary of reasons  
Structural  ,62  ,62  ,54  ,65  
Active choice  ,32  ,32  ,37  ,30  
Lack of awareness  ,9  ,9  ,13  ,12  
