﻿Row percentages  ,Unwtd Base:  ,,Have not heard ofapprenticeships  ,Have heard the term but do not know what is involved  ,Aware of them and have some knowledge of what is involved  ,Aware of them and have a good knowledge of what is involved  ,Aware of them and have a very good knowledge of what is involved.  
Total  ,"11,784  ",%  ,1  ,9  ,47  ,29  ,14  
Country  
England  ,"9,632  ",%  ,1  ,9  ,46  ,29  ,14  
Northern Ireland  ,819  ,%  ,2  ,10  ,49  ,25  ,13  
Wales  ,"1,333  ",%  ,1  ,12  ,50  ,24  ,12  
Size  
2 to 4  ,"3,539  ",%  ,1  ,9  ,46  ,28  ,15  
5 to 24  ,"6,030  ",%  ,1  ,9  ,48  ,29  ,13  
25 to 49  ,"1,283  ",%  ,1  ,7  ,50  ,29  ,12  
50 to 99  ,649  ,%  ,1  ,8  ,49  ,29  ,11  
100 to 249  ,243  ,%  ,0  ,8  ,41  ,38  ,11  
250+  ,40  ,%  ,0  ,3  ,42  ,31  ,17  
Sector  
Primary Sector & Utilities  ,480  ,%  ,1  ,11  ,52  ,26  ,9  
Manufacturing  ,825  ,%  ,1  ,8  ,48  ,29  ,14  
Construction  ,653  ,%  ,1  ,8  ,43  ,33  ,15  
Wholesale & Retail  ,"2,687  ",%  ,2  ,10  ,48  ,27  ,12  
Hotels & Restaurants  ,"1,032  ",%  ,2  ,8  ,46  ,28  ,14  
Transport & Storage  ,359  ,%  ,<1  ,9  ,46  ,28  ,15  
Information & Communications  ,435  ,%  ,1  ,10  ,45  ,28  ,17  
Financial Services  ,264  ,%  ,1  ,8  ,53  ,29  ,8  
Business Services  ,"2,324  ",%  ,1  ,9  ,45  ,28  ,16  
Public Admin.  ,129  ,%  ,1  ,7  ,44  ,37  ,11  
Education  ,620  ,%  ,1  ,11  ,43  ,33  ,11  
Health & Social Work  ,"1,101  ",%  ,2  ,7  ,49  ,28  ,13  
Arts & Other  ,875  ,%  ,2  ,9  ,46  ,28  ,14  
