﻿Row percentages  ,Unweighted bases  ,%  ,Good way to get skilled staff  ,Good way to give young people a chance in employment  ,To ensure young people continue to enter the industry / company  ,We wanted to upskill current staff ,Anticipating the Apprenticeship Levy being introduced in 2017  ,We could shape our own Apprenticeship framework or standard  ,Summary: Acquiring talent  ,Summary: Nurturing talent  ,Summary: altruistic  ,Summary: financial  
Total 2016  ,"1,203  ",%  ,39  ,20  ,14  ,8  ,N/A  ,7  ,48  ,25  ,22  ,12  
Total 2019  ,"1,148  ",%  ,37  ,20  ,19  ,10  ,6  ,4  ,50  ,21  ,23  ,9  
Country  
England  ,"1,030  ",%  ,38  ,19  ,19  ,9  ,6  ,4  ,50  ,21  ,23  ,10  
Northern Ireland  ,34  ,%  ,48  ,17  ,26  ,13  ,0  ,0  ,60  ,16  ,17  ,8  
Wales  ,84  ,%  ,26  ,36  ,19  ,18  ,1  ,6  ,42  ,30  ,38  ,7  
Size  
2 to 4  ,88  ,%  ,39  ,21  ,26  ,4  ,0  ,4  ,58  ,18  ,26  ,2  
5 to 24  ,526  ,%  ,36  ,21  ,17  ,10  ,3  ,4  ,47  ,21  ,23  ,7  
25 to 49  ,224  ,%  ,41  ,21  ,17  ,13  ,5  ,3  ,49  ,23  ,24  ,8  
50 to 99  ,150  ,%  ,42  ,15  ,17  ,13  ,16  ,2  ,50  ,27  ,17  ,22  
100-249  ,119  ,%  ,34  ,12  ,16  ,19  ,24  ,4  ,44  ,27  ,14  ,31  
250+  ,41  ,%  ,20  ,15  ,11  ,17  ,43  ,2  ,25  ,24  ,27  ,47  
