﻿Row percentages  ,Unwtd Base:  ,,5% employer contribution ,Providers’ premium  ,20% off the job training  
England  ,"13,188  ",%  ,27  ,22  ,35  
Size  
2 to 4  ,"3,156  ",%  ,22  ,20  ,29  
5 to 24  ,"6,599  ",%  ,29  ,22  ,37  
25 to 49  ,"1,801  ",%  ,41  ,28  ,49  
50 to 99  ,969  ,%  ,48  ,34  ,59  
100 to 249  ,499  ,%  ,58  ,41  ,71  
250+  ,164  ,%  ,64  ,51  ,78  
Sector  
Primary Sector & Utilities  ,436  ,%  ,21  ,17  ,27  
Manufacturing  ,985  ,%  ,28  ,18  ,34  
Construction  ,837  ,%  ,29  ,20  ,38  
Wholesale & Retail  ,"2,865  ",%  ,21  ,18  ,30  
Hotels & Restaurants  ,"1,136  ",%  ,24  ,25  ,33  
Transport & Storage  ,354  ,%  ,26  ,21  ,27  
Information & Communications  ,465  ,%  ,25  ,20  ,31  
Financial Services  ,284  ,%  ,23  ,20  ,33  
Business Services  ,"2,657  ",%  ,28  ,24  ,35  
Public Admin.  ,131  ,%  ,33  ,26  ,44  
Education  ,819  ,%  ,50  ,35  ,60  
Health & Social Work  ,"1,273  ",%  ,35  ,27  ,40  
Arts & Other  ,946  ,%  ,31  ,27  ,41  
