﻿"Row to nearest 1,000  ",Currently offers ap-prenticeships and plans to continue of-fering them  ,Plans to start offering apprenticeships in the future  ,Currently offers ap-prenticeships but plan to stop / unsure if will continue to of-fer  
Total  ,"295,000  ","264,000  ","44,000  "
Sector  
Primary Sector & Utilities  ,"7,000  ","14,000  ","1,000  "
Manufacturing  ,"18,000  ","14,000  ","2,000  "
Construction  ,"34,000  ","23,000  ","8,000  "
Wholesale & Retail  ,"55,000  ","44,000  ","9,000  "
Hotels & Restaurants  ,"25,000  ","21,000  ","5,000  "
Transport & Storage  ,"6,000  ","8,000  ","1,000  "
Information & Communica-tions  ,"9,000  ","19,000  ","1,000  "
Financial Services  ,"5,000  ","7,000  ",*  
Business Services  ,"61,000  ","65,000  ","7,000  "
Public Admin.  ,"3,000  ","3,000  ",*  
Education  ,"18,000  ","10,000  ","2,000  "
Health & Social Work  ,"27,000  ","18,000  ","3,000  "
Arts & Other  ,"27,000  ","18,000  ","4,000  "
