﻿Row percentages  ,Unwtd Base:  ,Currently offer ap-prenticeships %  ,Plan to offer appren-ticeships in the future %  
Total  ,"16,070  ",18  ,30  
Country  
England  ,"13,358  ",19  ,31  
Northern Ireland  ,"1,008  ",12  ,29  
Wales  ,"1,704  ",16  ,27  
Size  
2 to 4  ,"3,908  ",9  ,21  
5 to 24  ,"8,080  ",24  ,37  
25 to 49  ,"2,146  ",41  ,54  
50 to 99  ,"1,153  ",44  ,60  
100 to 249  ,592  ,59  ,73  
250+  ,191  ,80  ,82  
Sector  
Primary Sector & Utilities  ,559  ,9  ,21  
Manufacturing  ,"1,196  ",21  ,33  
Construction  ,"1,024  ",24  ,32  
Wholesale & Retail  ,"3,516  ",19  ,29  
Hotels & Restaurants  ,"1,429  ",17  ,27  
Transport & Storage  ,442  ,11  ,23  
Information & Communications  ,520  ,10  ,31  
Financial Services  ,323  ,14  ,31  
Business Services  ,"3,053  ",16  ,30  
Public Admin.  ,175  ,25  ,40  
Education  ,1047  ,36  ,50  
Health & Social Work  ,"1,606  ",25  ,38  
Arts & Other  ,"1,180  ",23  ,34  
