﻿,"No. of apprentices per 1,000 employees – employers with apprentices  ",,,"No. of apprentices per 1,000 employees – all employers  "
,2016  ,2019  ,% change  ,2016  ,2019  ,% change  
Base  ,2.273  ,"2,618  ",,"14,019  ","16,070  ",
Total  ,49  ,47  ,-3  ,16  ,18  ,+12  
Sector  ,,,,,,
Transport & Storage  ,23  ,26  ,+13  ,8  ,11  ,+29  
Education  ,38  ,30  ,-23  ,13  ,12  ,-9  
Information & Comms  ,71  ,33  ,-53  ,12  ,12  ,-5  
Health and Social Work  ,45  ,39  ,-12  ,19  ,18  ,-7  
Public Administration  ,21  ,36*  ,+76  ,13  ,20  ,+54  
Wholesale & Retail  ,60  ,42  ,-30  ,12  ,12  ,+9  
Financial Services  ,31*  ,43*  ,+39  ,14  ,16  ,+20  
Manufacturing  ,36  ,46  ,+28  ,17  ,25  ,+45  
Hotels & Restaurants  ,58  ,49  ,-16  ,9  ,10  ,+19  
Business Services  ,45  ,54  ,+21  ,15  ,23  ,+50  
Primary Sector & Utilities  ,69  ,74*  ,+7  ,17  ,20  ,+15  
Arts & Other Services  ,130  ,90  ,-31  ,32  ,26  ,-20  
Construction  ,111  ,108  ,-2  ,46  ,39  ,-15  
