﻿Row percentages  ,Unwtd Base:  ,,Existing em-ployees  ,New employees recruited as ap-prentices  ,Both  
Total  ,"4,286  ",%  ,52  ,87  ,41  
Country  
England  ,"3,726  ",%  ,52  ,87  ,42  
Northern Ireland  ,189  ,%  ,43  ,92  ,36  
Wales  ,371  ,%  ,53  ,86  ,43  
Size  
2 to 4  ,369  ,%  ,36  ,89  ,30  
5 to 24  ,"2,050  ",%  ,52  ,89  ,42  
25 to 49  ,863  ,%  ,65  ,85  ,52  
50 to 99  ,504  ,%  ,66  ,84  ,52  
100 to 249  ,349  ,%  ,77  ,77  ,54  
250+  ,151  ,%  ,75  ,83  ,59  
Sector  
Primary Sector & Utilities  ,79  ,%  ,42  ,84  ,31  
Manufacturing  ,371  ,%  ,49  ,92  ,43  
Construction  ,371  ,%  ,33  ,94  ,28  
Wholesale & Retail  ,829  ,%  ,53  ,83  ,39  
Hotels & Restaurants  ,397  ,%  ,72  ,83  ,57  
Transport & Storage  ,83  ,%  ,49  ,80  ,31  
Information & Communications  ,85  ,%  ,35  ,92  ,32  
Financial Services  ,59  ,%  ,54  ,88  ,43  
Business Services  ,729  ,%  ,49  ,91  ,41  
Public Admin.  ,46  ,%  ,71  ,88  ,62  
Education  ,427  ,%  ,62  ,89  ,52  
Health & Social Work  ,505  ,%  ,69  ,80  ,52  
Arts & Other Services  ,305  ,%  ,46  ,87  ,38  
