﻿,2014/15  ,2015/16  ,2016/17  ,2017/18  ,2018/19  ,% change 2014/15-2018/19  
Level 2  
Accounting and Finance  ,"2,500  ","2,346  ","1,850  ","1,921  ","1,840  ",-26%  
Building and Construction  ,"3,357  ","2,305  ","3,762  ","3,868  ","3,939  ",17%  
Business Management  ,"5,509  ","5,473  ","5,792  ","4,839  ","4,836  ",-12%  
Engineering  ,"1,370  ",879  ,820  ,862  ,703  ,-49%  
Environmental Conservation  ,107  ,49  ,16  ,12  ,909  ,750%  
Manufacturing Technologies  ,"1,305  ",463  ,355  ,463  ,508  ,-61%  
Transportation Operations and Maintenance  ,"2,181  ","1,303  ","1,683  ","2,111  ","1,747  ",-20%  
Level 3  
Accounting and Finance  ,"1,117  ","1,145  ",911  ,697  ,528  ,-53%  
Building and Construction  ,"1,457  ","2,024  ","2,539  ","2,600  ","2,691  ",85%  
Business Management  ,"2,359  ","3,539  ","3,881  ","2,485  ","3,295  ",40%  
Engineering  ,590  ,704  ,759  ,534  ,430  ,--27%  
Environmental Conservation  ,0  ,0  ,0  ,0  ,0  ,-  
Manufacturing Technologies  ,1  ,15  ,102  ,324  ,216  ,N/A  
Transportation Operations and Maintenance  ,288  ,195  ,139  ,130  ,149  ,-48%  
Above Level 3  
Accounting and Finance  ,657  ,426  ,406  ,351  ,205  ,-69%  
Building and Construction  ,23  ,73  ,70  ,33  ,60  ,161%  
Business Management  ,145  ,64  ,130  ,118  ,226  ,56%  
Engineering  ,71  ,47  ,68  ,55  ,49  ,-31%  
Environmental Conservation  ,0  ,0  ,0  ,0  ,0  ,-  
Manufacturing Technologies  ,0  ,0  ,13  ,17  ,5  ,-  
Transportation Operations and Maintenance  ,13  ,2  ,7  ,2  ,0  ,N/A  
Total  ,"23,050  ","21,052  ","23,303  ","21,422  ","22,336  ",-3%  
