﻿,Central London Forward  ,,Local London  ,,South London Partnership  ,,West London Alliance  
,Numbers of jobs  ,% of total employment  ,Numbers of jobs  ,% of total employment  ,Numbers of jobs  ,% of total employment  ,Numbers of jobs  ,% of total employment  
Climate adaptation  ,"2,400  ",0.1%  ,<100  ,0.0%  ,<100  ,0.0%  ,<100  ,0.0%  
Climate change Research and Development  ,"1,800  ",0.1%  ,700  ,0.1%  ,500  ,0.1%  ,600  ,0.1%  
"Climate change strategy, policy, monitoring and planning  ","2,300  ",0.1%  ,600  ,0.1%  ,400  ,0.1%  ,600  ,0.1%  
Green and Blue infrastructure  ,700  ,0.0%  ,<100  ,0.0%  ,800  ,0.2%  ,200  ,0.0%  
Green finance  ,"50,100  ",1.6%  ,200  ,0.0%  ,100  ,0.0%  ,300  ,0.0%  
Homes and Buildings  ,"30,700  ",1.0%  ,"10,500  ",1.5%  ,"6,200  ",1.3%  ,"9,300  ",0.9%  
"Industrial decarbonisation, hydrogen and carbon capture  ",400  ,0.0%  ,200  ,0.0%  ,100  ,0.0%  ,200  ,0.0%  
Low Carbon Transport  ,"8,700  ",0.3%  ,"1,300  ",0.2%  ,"1,100  ",0.2%  ,"2,400  ",0.2%  
Power  ,"42,700  ",1.4%  ,"14,900  ",2.1%  ,"7,900  ",1.7%  ,"15,200  ",1.5%  
"Reduce, reuse, recycle  ","6,400  ",0.2%  ,"3,300  ",0.5%  ,"1,900  ",0.4%  ,"2,400  ",0.2%  
Reducing localised pollution  ,700  ,0.0%  ,300  ,0.0%  ,200  ,0.0%  ,300  ,0.0%  
All green jobs  ,"146,900  ",4.8%  ,"32,100  ",4.8%  ,"19,200  ",4.1%  ,"31,500  ",3.2%  
