﻿Low Carbon and Renewable Economy survey sectors  
Alternative fuels  ,Low emission vehicles and infrastructure  
Bioenergy  ,Nuclear power  
Carbon capture and storage  ,Offshore wind  
Energy efficient products  ,Onshore wind  
"Energy monitoring, saving or control systems  ",Other renewable electricity  
Fuel cells and energy storage systems  ,Renewable combined heat and power  
Hydropower  ,Renewable heat  
Low carbon financial and advisory services  ,Solar photovoltaic  
Energy efficient lighting  ,
