﻿LDCS code  ,LDCS code description  ,JACS  code  ,JACS code description  
TH.  ,Building Maintenance / Services  ,K290  ,Building not elsewhere classified  
TH.1  ,Building Services  ,K290  ,Building not elsewhere classified  
TH.11  ,Energy Efficiency (Buildings)  ,K210  ,Building technology  
TH.12  ,Building Services Engineering  ,K290  ,Building not elsewhere classified  
TH.2  ,Building Electrical Work  ,K290  ,Building not elsewhere classified  
TH.21  ,Building Electrical Work (DIY)  ,Z990  ,Combined/general subject unspecified  
TH.22  ,Electrical Installation (Buildings/Construction)  ,K290  ,Building not elsewhere classified  
TH.23  ,Electrical Maintenance (Buildings)  ,Z990  ,Combined/general subject unspecified  
TH.24  ,Emergency Lighting / Power Supply  ,Z990  ,Combined/general subject unspecified  
TH.25  ,Lighting (Building Work)  ,Z990  ,Combined/general subject unspecified  
TH.3  ,Plumbing (Building Work)  ,Z990  ,Combined/general subject unspecified  
TH.31  ,Plumbing (Professional)  ,Z990  ,Combined/general subject unspecified  
TH.32  ,Plumbing (DIY)  ,Z990  ,Combined/general subject unspecified  
TH.33  ,Plumbing Installation Work  ,Z990  ,Combined/general subject unspecified  
TH.34  ,Drainage (Building Work)  ,Z990  ,Combined/general subject unspecified  
TH.35  ,Water Supply (Building Work)  ,Z990  ,Combined/general subject unspecified  
TH.37  ,Lead Work (Plumbing)  ,Z990  ,Combined/general subject unspecified  
TH.4  ,Heating Installation (Building Work)  ,Z990  ,Combined/general subject unspecified  
TH.41  ,Heating Appliance Installation / Servicing  ,Z990  ,Combined/general subject unspecified  
TH.42  ,Boiler Installation / Servicing  ,Z990  ,Combined/general subject unspecified  
TH.43  ,Central Heating Installation / Servicing  ,Z990  ,Combined/general subject unspecified  
TH.6  ,Ventilation (Building Work)  ,Z990  ,Combined/general subject unspecified  
TH.7  ,Air Conditioning (Building Work)  ,H150  ,Engineering design  
TH.91  ,Building Maintenance  ,K290  ,Building not elsewhere classified  
