﻿,2021-2030  ,2031-2040  ,2042-2050  
Green finance  ,11%  ,5%  ,5%  
Power  ,4%  ,4%  ,2%  
Homes and Buildings  ,7%  ,1%  ,1%  
Low Carbon Transport  ,18%  ,4%  ,4%  
"Climate change strategy, policy, monitoring and planning  ",11%  ,5%  ,5%  
Climate change Research and Development  ,11%  ,5%  ,5%  
"Reduce, reuse, recycle  ",2%  ,1%  ,1%  
"Industrial decarbonisation, hydrogen and carbon capture  ",22%  ,6%  ,6%  
Climate adaptation  ,5%  ,5%  ,5%  
Reducing localised pollution  ,5%  ,5%  ,5%  
Green and Blue infrastructure  ,4%  ,2%  ,2%  
Total  ,8%  ,4%  ,4%  
