﻿,Central London Forward  ,,Local London  ,,West London Alliance  ,,South London Partnership  
,Number of jobs requiring upskilling  ,Number of new and in-demand jobs  ,Number of jobs requiring upskilling  ,Number of new and in-demand jobs  ,Number of jobs requiring upskilling  ,Number of new and in-demand jobs  ,Number of jobs requiring upskilling  ,Number of new and in-demand jobs  
Total  ,"297,000  ","254,000  ","74,000  ","68,000  ","113,000  ","102,000  ","45,000  ","40,000  "
(Proportion of total jobs)  ,9%  ,8%  ,11%  ,10%  ,12%  ,11%  ,10%  ,9%  
of which:  
Manufacturing  ,"6,100  ","11,600  ","5,300  ","10,300  ","7,100  ","13,600  ","1,800  ","3,400  "
Construction  ,"22,900  ","23,300  ","13,900  ","14,100  ","13,300  ","13,500  ","7,300  ","7,400  "
Wholesale and retail trade  ,"22,200  ","20,200  ","12,200  ","10,600  ","18,000  ","15,800  ","7,000  ","6,100  "
Transportation and storage  ,"19,700  ","14,700  ","12,800  ","9,600  ","29,400  ","22,000  ","5,300  ","3,900  "
Information and communication  ,"25,500  ","29,600  ","1,900  ","2,200  ","5,600  ","6,600  ","1,900  ","2,200  "
Financial and insurance activities  ,"29,800  ","23,800  ",700  ,600  ,"1,100  ",900  ,800  ,700  
"Professional, scientific and technical activities  ","71,400  ","55,100  ","4,300  ","3,300  ","10,200  ","7,900  ","5,400  ","4,200  "
Hospitality and arts & recreation  ,"12,100  ","6,700  ","2,200  ","1,200  ","3,000  ","1,600  ","1,800  ","1,100  "
Business administration & support services  ,"45,500  ","38,100  ","10,500  ","8,800  ","14,500  ","12,100  ","7,800  ","6,500  "
Education / health / social work  ,"8,300  ","6,100  ","3,000  ","2,300  ","3,200  ","2,400  ","1,800  ","1,400  "
Other  Source: Place-Based  ,"Climate  33,600  ","Action Network  24,600  ","Just Transition  6,700  ","Jobs  5,300  ","Tracker136  8,000  ","5,500  ","3,900  ","3,100  "
