﻿Environmental Goods and Services Sector activities  
Energy saving and sustainable energy systems  ,Management of forest ecosystems  
Environmental charities  ,Managerial activities  
Environmental consultancy and engineering  ,Organic agriculture  
"Environmental low emission vehicles, carbon capture and inspection and control  ",Production of industrial environmental equipment  
Environmental related construction  ,Production of renewable energy  
Environmental related education  ,Recycling  
In-house environmental activities  ,Waste  
Insulation activities  ,Wastewater  
Water quantity management  ,
