﻿,Green jobs  ,,HE provision  ,,% of total  ,HE Cohort as % of employme nt  
,% of graduate workers  ,Estimated number  ,Total first degree enrolments  ,Estimated annual cohort  
Business/finance  ,22.3  ,"33,400  ","44,300  ","14,800  ",17.5  ,44.2  
Engineering  ,13.5  ,"20,300  ","16,100  ","5,400  ",6.4  ,26.5  
Social Studies  ,12.1  ,"18,100  ","25,100  ","8,400  ",9.9  ,46.2  
Physical/Env. Sciences  ,9.6  ,"14,300  ","6,800  ","2,300  ",2.7  ,15.8  
Biological Sciences  ,7.2  ,"10,800  ","9,000  ","3,000  ",3.5  ,27.6  
Maths and Computing  ,6.3  ,"9,500  ","19,500  ","6,500  ",7.7  ,68.5  
Architecture  ,3.4  ,"5,100  ","6,200  ","2,100  ",2.4  ,40.3  
