﻿Broad green skills area  ,FE broad headings  ,HE broad headings  
Green social sciences  ,Environmental (Green) Studies Natural Resource Economics Environmental Economics Environmental Law  ,Politics not elsewhere classified Applied economics Law by topic  
Environmental Protection/ Conservation  ,Environmental Studies Environmental Conservation / Policies Environmental Science Landscape Conservation Conservation / Protection Of Specific Environments  ,Applied environmental sciences Landscape studies Environmental conservation Environmental sciences Environmental biology Environmental chemistry  
Energy Economics / Management / Conservation  Pollution / Pollution Control  ,Energy Economics (Applied) Alternative Energy Research Electric Power Economics Vegetable Crop Fuel Economics Waste Materials Fuel Economics Renewable Energy Resources Environmental Pollution Environmental Pollution Control Air Pollution / Pollution Control Soil Pollution / Pollution Control Water Pollution / Pollution Control Control Of Specific Pollutants  ,Applied economics Energy resources  Pollution control  
Recycling Collection / Treatment  ,Recycling Collection / Treatment  ,Technologies not elsewhere classified  
Building / Construction Operations  ,Glazing (Buildings) Building Insulation  ,Combined/general subject unspecified  
Building Maintenance / Services  ,Building Services Building Electrical Work Plumbing (Building Work) Heating Installation (Building Work) Ventilation (Building Work) Air Conditioning (Building Work) Building Maintenance  ,Building technology Building not elsewhere classified Engineering design Combined/general subject unspecified  
Mechanical engineering  ,Mechanical engineering Hydraulic Engineering Fluid Engineering Pneumatic Engineering Thermal Engineering Heating / Ventilation Engineering  ,Mechanical engineering Thermodynamics Turbine technology  
Power/Energy engineering  ,Energy Engineering Electric Power Engineering Nuclear Power Engineering Electric Power Storage / Transmission Electromagnetic Engineering  ,Electrical power Electrical power generation Electrical power distribution Electronic & electrical engineering not elsewhere classified Combined/general subject unspecified  
