﻿Sector  ,"Jobs in London, 2019  Latest data  ","Estimated jobs in London, 2030  ",,,"Estimated jobs in London, 2050  "
,,Based on current policies  ,With net zero policies  ,Change due to net zero policies  ,Based on current policies  ,With net zero policies  ,Change due to net zero policies  
Agriculture  ,"1,800  ","1,600  ","1,600  ",0  ,"1,200  ","1,300  ",100  
Mining and refinery  ,"2,500  ","2,300  ","2,100  ",-200  ,"1,700  ","1,600  ",-100  
Utilities  ,"28,000  ","25,300  ","26,500  ","1,200  ","19,600  ","26,500  ","6,900  "
Manufacturing and construction  ,"328,000  ","325,900  ","329,500  ","3,600  ","311,400  ","312,900  ","1,500  "
"Distribution, retail, hotel and catering  ","1,054,000  ","1,106,800  ","1,126,800  ","20,000  ","1,134,900  ","1,145,100  ","10,200  "
Transport and communications  ,"708,000  ","766,900  ","782,200  ","15,300  ","838,000  ","838,800  ",800  
Services  ,"3,246,000  ","3,624,200  ","3,631,500  ","7,300  ","4,136,000  ","4,136,000  ",0  
Total  ,"5,368,000  ","5,853,000  ","5,900,000  ","47,200  ","6,443,000  ","6,462,000  ","19,400  "
