﻿Climate adaptation  ,,"Climate change strategy, research & monitoring  ",,Green Finance  
Environmental consulting activities  ,21  ,Environmental consulting activities  ,75  ,Management consultancy activities other than financial  ,20  
Engineering related scientific and technical consulting  ,11  ,Management consultancy activities other than financial  ,59  ,Other business support service activities n.e.c.  ,14  
Management consultancy activities other than financial  ,11  ,Other business support service activities n.e.c.  ,38  ,Financial intermediation not elsewhere classified  ,12  
Green and blue infrastructure  ,,Homes and Buildings  ,,"Industrial decarbonisation, hydrogen and  CCUS  "
Other business support service activities n.e.c.  ,11  ,"Plumbing, heat and air-conditioning installation  ",59  ,Engineering related scientific and technical consulting  ,11  
Landscape service activities  ,8  ,Other business support service activities n.e.c.  ,27  ,Other business support service activities n.e.c.  ,8  
Environmental consulting activities  ,8  ,Electrical installation  ,16  ,Management consultancy activities other than financial  ,8  
Low Carbon Transport  ,,Power  ,,"Reduce, re-use and recycle  "
Electrical installation  ,29  ,Production of electricity  ,409  ,Collection of non-hazardous waste  ,34  
Retail sale via mail order houses or via Internet  ,19  ,Other business support service activities n.e.c.  ,140  ,Recovery of sorted materials  ,31  
Other business support service activities n.e.c.  ,12  ,Management consultancy activities other than financial  ,82  ,Treatment and disposal of non-hazardous waste  ,30  
Reducing localised pollution  
Environmental consulting activities  ,37  ,,,,
"Other professional, scientific and technical activities n.e.c.  ",25  ,,,
Engineering related scientific and technical consulting  ,16  ,,,,
