﻿Low Carbon and Environmental Goods and Services Sector  
,Level 1 sub-sectors  
Environmental  ,Renewable  ,Low Carbon  
,Level 2 sub-sectors  ,
Air Pollution Control  ,Biomass  ,Additional Energy Sources  
Contaminated Land Reclamation and Remediation  ,Geothermal  ,Alternative Fuels and Vehicles  
Environmental Consultancy  ,Hydro  ,Alternative Fuels  
Environmental Monitoring  ,Photovoltaic  ,Building Technologies  
Marine Pollution Control  ,Renewable Energy Consultancy  ,Carbon Capture and Storage  
Noise and Vibration Control  ,Wave and Tidal  ,Carbon Finance  
Recovery and Recycling  ,Wind  ,Energy Management  
Waste Management  ,,Nuclear Power  
Water Supply and Waste Water Treatment  ,,
