﻿LDCS code  ,LDCS code description  ,JACS code  ,JACS code description  
QA.  ,Environmental Protection/Conservation  ,F751  ,Applied environmental sciences  
QA.1  ,Environmental Studies  ,F751  ,Applied environmental sciences  
QA.11  ,Landscape Studies  ,K320  ,Landscape studies  
QA.2  ,Environmental Conservation/Policies  ,D447  ,Environmental conservation  
QA.21  ,Environmental Management  ,F751  ,Applied environmental sciences  
QA.22  ,Environmental Policy  ,F751  ,Applied environmental sciences  
QA.23  ,Environmental Analysis  ,F751  ,Applied environmental sciences  
QA.24  ,Environmental Planning  ,F751  ,Applied environmental sciences  
QA.25  ,Environmental Regeneration Planning  ,F751  ,Applied environmental sciences  
QA.26  ,Renewable Resources Planning  ,F751  ,Applied environmental sciences  
QA.3  ,Environmental Science  ,F750  ,Environmental sciences  
QA.31  ,Environmental Monitoring  ,F751  ,Applied environmental sciences  
QA.32  ,Environmental Biology  ,C150  ,Environmental biology  
QA.33  ,Environmental Chemistry  ,F140  ,Environmental chemistry  
QA.35  ,Global Warming  ,Z990  ,Combined/general subject unspecified  
QA.4  ,Landscape Conservation  ,D447  ,Environmental conservation  
QA.41  ,Soil Conservation  ,D447  ,Environmental conservation  
QA.9*  ,Conservation/Protection of Specific Environments  ,D447  ,Environmental conservation  
QA.91  ,Nature Conservation/Protection (Land)  ,D447  ,Environmental conservation  
QA.911  ,Wildlife Conservation/Protection  ,D447  ,Environmental conservation  
QA.912  ,Wild Plant Conservation/Protection  ,D447  ,Environmental conservation  
QA.913  ,Habitat Management  ,D447  ,Environmental conservation  
QA.914  ,Nature Reserve Management  ,D447  ,Environmental conservation  
QA.92  ,Wetland/River Conservation/Protection  ,D447  ,Environmental conservation  
QA.93  ,Marine/Coastal Conservation/Protection  ,D447  ,Environmental conservation  
QA.931  ,Coastal Conservation/Protection  ,D447  ,Environmental conservation  
QA.934  ,Marine Wildlife Conservation/Protection  ,D447  ,Environmental conservation  
