﻿LDCS code  ,LDCS code description  ,JACS code  ,JACS code description  
QC.  ,Pollution / Pollution Control  ,F753  ,Pollution control  
QC.1  ,Environmental Pollution  ,F753  ,Pollution control  
QC.2  ,Environmental Pollution Control  ,F753  ,Pollution control  
QC.3  ,Air Pollution / Pollution Control  ,F753  ,Pollution control  
QC.4  ,Soil Pollution / Pollution Control  ,F753  ,Pollution control  
QC.5  ,Water Pollution / Pollution Control  ,F753  ,Pollution control  
QC.51  ,Water Supply Pollution / Pollution Control  ,F753  ,Pollution control  
QC.6*  ,Control Of Specific Pollutants  ,F753  ,Pollution control  
QC.62  ,Industrial Effluent Control  ,F753  ,Pollution control  
QC.621  ,Smoke Pollution Control  ,F753  ,Pollution control  
QC.66  ,Oil Pollution Control  ,F753  ,Pollution control  
