﻿,Current  ,2030  ,Change  ,% change  ,% of total increase  
3539 'Business and related associate professionals n.e.c.'  ,"40,800  ","65,700  ","24,900  ",61  ,9.2  
5241 'Electricians and electrical fitters'  ,"12,400  ","29,900  ","17,500  ",140  ,6.4  
2423 'Management consultants and business analysts'  ,"9,100  ","24,400  ","15,200  ",167  ,5.6  
5113 'Gardeners and landscape gardeners'  ,"7,900  ","20,500  ","12,600  ",161  ,4.7  
5314 'Plumbers and heating and ventilating engineers'  ,"6,200  ","16,100  ","9,900  ",161  ,3.7  
1122 'Production mngrs and directors in construction'  ,"6,100  ","15,900  ","9,800  ",161  ,3.6  
1132 'Marketing and sales directors'  ,"9,000  ","17,100  ","8,100  ",89  ,3.0  
5319 'Construction and building trades n.e.c.'  ,"5,200  ","13,100  ","7,900  ",150  ,2.9  
1131 'Financial mngrs and directors'  ,"4,700  ","12,400  ","7,700  ",163  ,2.8  
2136 'Programmers and software development professionals'  ,"11,000  ","18,500  ","7,500  ",69  ,2.8  
