﻿,Total sales - 2017/18  ,Projected sales - 2020/21  
Climate adaptation  ,£0.4bn  ,£0.4bn  
Climate change research and development  ,£0.5bn  ,£0.6bn  
"Climate change strategy, policy, monitoring and planning  ",£0.5bn  ,£0.6bn  
Green and blue infrastructure  ,£0.2bn  ,£0.2bn  
Green finance  ,£12.7bn  ,£14.1bn  
Homes and Buildings  ,£8.3bn  ,£9.2bn  
"Industrial decarbonisation, hydrogen and CCUS  ",£0.1bn  ,£0.1bn  
Low Carbon Transport  ,£1.9bn  ,£2.2bn  
Power  ,£11.3bn  ,£12.5bn  
"Reduce, reuse, recycle  ",£1.8bn  ,£2.1bn  
Reducing localised pollution  ,£0.2bn  ,£0.2bn  
Total  ,£38bn  ,£42bn  
