﻿Name  ,Definition  ,Date  ,Total output  ,Total jobs  
Environmental  ,Areas of the economy engaged in producing goods and services for  ,2018  ,£84bn  ,0.4m  
Goods and Services Sector (EGSS)  ,"environmental protection purposes, as well as those engaged in conserving and maintaining natural resources  ",Latest available (2018)  ,£84bn  ,0.4m  
Low Carbon and Renewable Energy Economy estimates  (LCREE)  ,"Economic activities that deliver goods and services that are likely to help the UK generate lower emissions of greenhouse gases, predominantly carbon dioxide  ",2018  Latest available (2019)  ,£46bn £43bn  ,0.2m 0.2m  
Low Carbon and Environmental Goods and Services Sector (LCEGS)  ,"EGSS sectors expanded to include activities that contribute and enable growth in the sector, including value and supply chains  ",2017/18 Latest available (2020/21)  ,£185bn £206bn  ,1.3m 1.3m  
