﻿,Central London Forward  ,Local London  ,West London Alliance  ,South London Partnership  
Total employment (2019)  Of which:  ,3.2m  ,0.7m  ,1.0m  ,0.4m  
Manufacturing  ,1%  ,5%  ,4%  ,2%  
Construction  ,2%  ,7%  ,5%  ,6%  
Wholesale and retail trade  ,8%  ,17%  ,16%  ,16%  
Transportation and storage  ,2%  ,7%  ,12%  ,5%  
Information and communication  ,10%  ,3%  ,7%  ,5%  
Financial and insurance activities  ,11%  ,1%  ,1%  ,2%  
"Professional, scientific and technical activities  ",18%  ,5%  ,8%  ,9%  
Hospitality and arts & recreation  ,12%  ,9%  ,10%  ,10%  
Education / health / social work  ,14%  ,24%  ,18%  ,22%  
Other  ,21%  ,21%  ,19%  ,23%  
