﻿LDCS code  ,LDCS code description  ,JACS  code  ,JACS code description  
TG.3  ,Glazing (Buildings)  ,Z990  ,Combined/general subject unspecified  
TG.31  ,Double Glazing  ,Z990  ,Combined/general subject unspecified  
TG.32  ,Leaded Lights Glazing  ,Z990  ,Combined/general subject unspecified  
TG.33  ,Replacement Window Fixing  ,Z990  ,Combined/general subject unspecified  
TG.34  ,Plastic / Polycarbonate Glazing Work  ,Z990  ,Combined/general subject unspecified  
TG.5  ,Building Insulation  ,Z990  ,Combined/general subject unspecified  
