﻿,Starts  ,,,Achievements  
,Number  ,% of total in that level  ,Number  ,% of total in that level  
"Construction, Planning and the Built Environment  "
Intermediate Apprenticeship  ,720  ,6.1  ,420  ,6.8  
Advanced Apprenticeship  ,450  ,2.4  ,190  ,2.3  
Higher Apprenticeship  ,390  ,3.8  ,20  ,1.4  
Total  ,"1,560  ",3.8  ,630  ,4.0  
Engineering and Manufacturing Technologies  
Intermediate Apprenticeship  ,"1,560  ",13.1  ,"1,000  ",16.2  
Advanced Apprenticeship  ,"2,030  ",11.0  ,920  ,11.3  
Higher Apprenticeship  ,120  ,1.2  ,10  ,0.7  
Total  ,"3,710  ",9.1  ,"1,930  ",12.3  
"Business, Administration and Law  "
Intermediate Apprenticeship  ,"2,480  ",20.8  ,"1,560  ",25.3  
Advanced Apprenticeship  ,"6,260  ",33.9  ,"2,010  ",24.7  
Higher Apprenticeship  ,"5,980  ",57.7  ,690  ,47.9  
Total  ,"14,720  ",36.1  ,"4,260  ",27.0  
