﻿,SIC code section  ,"Employment, 2019  ","Proportion of employees that identify as an ethnicity other than ""White""  ",,Proportion of people in employment that identify as female  ,,Proportion of people in employment aged 16-64 that are under 25  ,,Proportion of people in employment aged 16-64 that are over 50  
,,London  ,London  ,Great Britain  ,London  ,Great Britain  ,London  ,Great Britain  ,London  ,Great Britain  
NB/ This data is at the SIC code section level only  
Construction  ,F  ,"205,000  ",24%  ,7%  ,-  ,14%  ,4%  ,10%  ,35%  ,38%  
Land Transport  ,H  ,"112,700  ",55%  ,18%  ,39%  ,22%  ,4%  ,7%  ,22%  ,31%  
Aviation  ,H  ,"37,000  ",55%  ,18%  ,39%  ,22%  ,4%  ,7%  ,22%  ,31%  
Waste and sewerage  ,E  ,"12,750  ",56%  ,7%  ,-  ,23%  ,8%  ,8%  ,19%  ,31%  
"Electricity, gas, steam and air conditioning supply  ",D  ,"12,000  ",44%  ,10%  ,-  ,23%  ,8%  ,8%  ,19%  ,31%  
Carbon intensive manufacturing  ,C  ,"6,260  ",38%  ,9%  ,-  ,27%  ,10%  ,9%  ,35%  ,36%  
Shipping and fishing  ,Mostly H  ,"3,050  ",55%  ,18%  ,39%  ,22%  ,4%  ,7%  ,22%  ,31%  
Oil and gas  ,B  ,"1,750  ",44%  ,7%  ,-  ,23%  ,8%  ,8%  ,19%  ,31%  
Agriculture  ,A  ,"1,000  ",4%  ,1%  ,-  ,26%  ,N/A  ,14%  ,30%  ,62%  
Steel  ,C  ,185  ,38%  ,9%  ,-  ,27%  ,10%  ,9%  ,35%  ,36%  
Coal and lignite mining  ,B  ,0  ,,,Not applicable as zero jobs in London  ,,,,,
Total in carbon intensive sectors  ,,"390,000  ",38%  ,11%  ,-  ,18%  ,5%  ,9%  ,29%  ,35%  
All industries  ,,"5,252,000  ",36%  ,13%  ,-  ,48%  ,7%  ,11%  ,27%  ,34%  
