﻿Power  ,Homes  ,RRR  ,Consultancy/ finance  
"Retail trade, except vehicles  ",Specialised construction activities  ,Wholesale retail trade repair vehicles  ,Computer programming and consultancy  
Manufacturing  ,"Retail trade, except vehicles  ",Manufacturing  ,Manufacturing  
Computer programming and consultancy  ,Construction of buildings  ,Land transport incl. via pipelines  ,Advertising and market research  
Financial ex insurance and pension  ,Manufacturing  ,"Retail trade, except vehicles  ","Public admin, defence, social security  "
Food and beverage service activities  ,Services to buildings and landscape  ,Food and beverage service activities  ,Auxiliary to financial and insurance  
