﻿Sector  ,Definition  ,London  
,,Numbers of jobs  ,% of total employment  
Climate adaptation  ,"Including flood defences, retrofitting of buildings to be resilient to extreme weather/climate events, nature-based solutions to reduce climate impacts and civil and mechanical engineering for infrastructure adaptation  ","2,500  ",0.05%  
Climate change Research and Development  ,"Including private sector, academic and public research  ","3,700  ",0.1%  
"Climate change strategy, policy, monitoring and planning  ","Including public, private and NGO sector strategy and policy, outreach to citizens, environmental monitoring and use of planning system to achieve net zero  ","4,100  ",0.1%  
Green and blue infrastructure  ,"Within a London context this will focus on urban green infrastructure, and include activity aimed at increasing biodiversity directly or through offsetting.  ","1,600  ",0.03%  
Green finance  ,Structured financial activity that’s been created to ensure  a better environmental outcome  ,"50,700  ",0.9%  
Homes and Buildings  ,"Retrofit, building new energy-efficient homes, heat pumps, smart devices and controls, heat networks and hydrogen boilers  ","58,200  ",1.1%  
"Industrial decarbonisation, hydrogen and carbon capture  ","Including hydrogen production and industrial use, carbon capture, utilisation & storage (CCUS) and industrial decarbonisation  ",900  ,0.02%  
Low Carbon Transport  ,"Low or zero emission vehicles, aviation and maritime, rail, public transport and walking or cycling  ","13,700  ",0.3%  
Power  ,"Including renewables (such as wind, solar and hydropower), nuclear power, grid infrastructure, energy storage and smart systems technology;  ","82,900  ",1.5%  
"Reduce, reuse, recycle  ",Waste management and circular economy  ,"14,500  ",0.3%  
Reducing localised pollution  ,"Reduction of air pollution, water pollution and noise; London has ambitious goals across all three of these areas  ","1,600  ",0.03%  
Total  ,,"234,300  ",4.4%  
