﻿LDCS code  ,LDCS code description  ,JACS code  ,JACS code description  
QB.*  ,Energy Economics/Management/C onservation  ,Z990  ,Combined/general subject unspecified  
QB.1  ,Energy Economics (Applied)  ,L110  ,Applied economics  
QB.12  ,Energy Resources  ,H221  ,Energy resources  
QB.13  ,Energy Conservation  ,H221  ,Energy resources  
QB.14  ,Energy Management  ,H221  ,Energy resources  
QB.2  ,Alternative Energy Research  ,H221  ,Energy resources  
QB.3  ,Electric Power Economics  ,L110  ,Applied economics  
QB.7  ,Vegetable Crop Fuel Economics  ,L110  ,Applied economics  
QB.8  ,Waste Materials Fuel Economics  ,L110  ,Applied economics  
QB.9  ,Renewable Energy Resources  ,H221  ,Energy resources  
