﻿LDCS code  ,LDCS code description  ,JACS  code  ,JACS code description  
XH.  ,Mechanical Engineering  ,H300  ,Mechanical engineering  
XH.1  ,Mechanical Engineering (General)  ,H300  ,Mechanical engineering  
XH.13  ,Mechanical Production Engineering  ,H300  ,Mechanical engineering  
XH.2  ,Hydraulic Engineering  ,H300  ,Mechanical engineering  
XH.21  ,Hydraulic Power Systems  ,H300  ,Mechanical engineering  
XH.3  ,Fluid Engineering  ,H300  ,Mechanical engineering  
XH.31  ,Flow Systems  ,H300  ,Mechanical engineering  
XH.312  ,Pipework Engineering  ,H300  ,Mechanical engineering  
XH.32  ,Steam Engineering  ,H311  ,Thermodynamics  
XH.321  ,Boiler Engineering  ,H311  ,Thermodynamics  
XH.33  ,Blowers / Fans  ,H321  ,Turbine technology  
XH.34  ,Mixing Machines  ,H300  ,Mechanical engineering  
XH.35  ,Turbine Engineering  ,H321  ,Turbine technology  
XH.36  ,Pneumatic Equipment / Processes  ,H300  ,Mechanical engineering  
XH.361  ,Compressors  ,H300  ,Mechanical engineering  
XH.362  ,Pumps  ,H300  ,Mechanical engineering  
XH.363  ,Valves  ,H300  ,Mechanical engineering  
XH.4  ,Pneumatic Engineering  ,H300  ,Mechanical engineering  
XH.41  ,Pressure Vessels  ,H300  ,Mechanical engineering  
XH.43  ,Refrigeration Engineering  ,H311  ,Thermodynamics  
XH.44  ,Heat Pumps  ,H311  ,Thermodynamics  
XH.45  ,Heat Exchanger Technology  ,H311  ,Thermodynamics  
XH.6  ,Thermal Engineering  ,H311  ,Thermodynamics  
XH.62  ,Gas Turbines  ,H321  ,Turbine technology  
XH.9  ,Heating / Ventilation Engineering  ,H300  ,Mechanical engineering  
XH.91  ,Air Conditioning Engineering  ,H300  ,Mechanical engineering  
XH.92  ,Heating Engineering  ,H300  ,Mechanical engineering  
XH.93  ,Ventilation Engineering  ,H300  ,Mechanical engineering  
