﻿LDCS code  ,LDCS code description  ,JACS  code  ,JACS code description  
XK.  ,Power / Energy Engineering  ,H630  ,Electrical power  
XK.1  ,Energy Engineering  ,H630  ,Electrical power  
XK.2  ,Electric Power Engineering  ,H631  ,Electrical power generation  
XK.21  ,Electric Power  ,H631  ,Electrical power generation  
XK.211  ,Power Plants  ,H631  ,Electrical power generation  
XK.213  ,Electric Generators  ,H631  ,Electrical power generation  
XK.22  ,Hydroelectric Power  ,H631  ,Electrical power generation  
XK.23  ,Wind Powered Generators  ,H631  ,Electrical power generation  
XK.26  ,Solid Fuelled Power Generators  ,H631  ,Electrical power generation  
XK.3  ,Nuclear Power Engineering  ,H631  ,Electrical power generation  
XK.4  ,Electric Power Storage / Transmission  ,H632  ,Electrical power distribution  
XK.41  ,Power Supply (General)  ,H632  ,Electrical power distribution  
XK.42  ,Power Transformers  ,Z990  ,Combined/general subject unspecified  
XK.43  ,Switchgear  ,Z990  ,Combined/general subject unspecified  
XK.44  ,Power Transmission  ,Z990  ,Combined/general subject unspecified  
XK.45  ,Electric Power Storage  ,Z990  ,Combined/general subject unspecified  
XK.5  ,Electromagnetic Engineering  ,H690  ,Electronic & electrical engineering not elsewhere classified  
