﻿Name  ,Definition  ,Government recognised definition?  ,Comprehensibility & strength of relationship to political narrative  ,Feasibility  ,Broader than net zero?  ,Sector coverage  Up to date with modern economy  ,In London context?  
Environmental Goods and Services Sector (EGSS)  ,"Areas of the economy engaged in producing goods and services for environmental protection purposes, as well as those engaged in conserving and maintaining natural resources  ",✓✓✓National statistic  ,✓ ,Would require data  ✓✓ONS to provide  ,✓✓✓ ,Based on SIC codes  ✓ ,✓ 
Low Carbon and Renewable Energy Economy estimates  (LCREE)  ,"Economic activities that deliver goods and services that are likely to help the UK generate lower emissions of greenhouse gases, predominantly carbon dioxide  ",✓✓✓National statistic  ,✓✓ ,Would require data  ✓✓ONS to provide  ,X  ,Survey updated annually but still  ✓✓misses areas due  to SIC code limitations  ,✓ 
Low Carbon and Environmental Goods and Services Sector (LCEGS)  ,"EGSS sectors expanded to include activities that contribute and enable growth in the sector, including value and supply chains  ",GLA  ✓✓commissioned  report  ,✓✓ ,Requires data purchase  ✓✓✓ ,✓✓✓ ,Approach updated regularly  ✓✓✓ ,✓✓✓ 
Task-based approaches  ,"Approaches typically from the United States that identify green tasks, and then the proportion of each job type that is spent on green tasks  ",Current based  X applications US  ,✓✓✓ ,Timescale too short  X  ,✓✓✓ ,Depending on approach  ✓✓✓ ,✓✓✓ 
International Labor Organization  ,"Jobs which reduce the consumption of energy and raw materials, limit greenhouse gas emissions, minimize waste and pollution, protect and restore ecosystems and enable enterprises and communities to adapt to climate change. In addition, green jobs have to be decent.  ",Internationally recognised  ✓ ,✓✓ ,Not operationalised  X  ,N/A  ,N/A  ,N/A  
Mission-based definition following Green Jobs Taskforce  ,"Employment in an activity that directly contributes to - or indirectly supports - the achievement of the UK's net zero emissions target and other environmental goals, such as nature restoration and mitigation against climate risks. 7 specific policy areas identified  ",National Government commissioned report  ✓✓ ,✓✓✓ ,With modern  ✓✓✓methods    With publicly available data  ✓✓  ,✓✓✓ ,Can use modern methods  ✓✓✓ ,✓✓ 
Mission-based definition: tailored to London context  ,"Same as above but tailored to London context - suggested 11 areas including Green Finance, Environmental R&D and Reducing Localised Pollution (air, water and noise)  ",Adapting a government recognised approach  ✓ ,✓✓✓ ,With modern  ✓✓✓methods    With publicly available data  ✓✓  ,✓✓✓ ,Can use modern methods  ✓✓✓ ,✓✓✓ 
