﻿JOB FAMILY  Summary of function  Job family  Core competencies:  Key external drivers for the change:  Green skills:  ,"Key:  Current state     Transition to 2030    Final state by 2050   The standard abilities and characteristics required to perform the role, these are non-sustainability related.  "
,Knowledge  ,A summary of trends that are shifting the requirements for this role and how it will be performed in the future.  Technical skills  ,Behaviours  ,Competencies  
Leadership  Management  Operational  ,"The scale below shows the level of knowledge technical skills,  Describes the sustainability knowledge, awareness and understanding required  to fulfil the job role based on level  of seniority. E.g. awareness of the  Sustainable Development Goals.  ",Describes the technical skills capabilities  required to drive sustainability in a job role based on level of seniority.  E.g. carbon footprint analysis.  ,"Describes the behaviours, attitudes and  mindset required to embed sustainability  in a job role based on level of seniority.  E.g. championing sustainability initiatives  across the organisation.  behaviours and competencies required to transition from current  ", state to future state.  Describes the sustainability competencies  required to effectively perform a job role based on level of seniority. E.g. horizon  scanning for the latest sustainability trends and solutions.  
States:  ,High Low  ,High Low  ,High Low  ,High Low  
Variance by sector:  ,An indication and example of how the role of the job family may  ,," vary from sector to sector, organisation to organisation.  ",Experience:  High Low  
45 CONTENTS BACK NEXT  
