﻿,to enable a reduction in total waste  production of 50%/FTE; recycling rates  ,opportunities to deliver waste  reduction of 75%/FTE; and eliminated  Maturity example indicators:  all single-use plastic and all avoidable  
,single-use plastic from workplaces.  Theme:  ,waste from our workplaces.  Understanding  ,Developing  ,Performing  ,Leading  
,Management  ,• Has set a commitment to reduce carbon emissions in line with 1.5°C pathway and identify wider sustainability goals.   • Identified executive sponsor to be accountable for delivery of firmwide    strategy.  ,"• Identified climate-related risks and physical and transition risks over short, medium and long term.   • Embedded risk management processes into business operations and create a governance structure to oversee.   • Identified sustainability initiatives.    ",• Utilises performance management system to incentivise actions in support of sustainability commitments   • Certified internal procedures against relevant local and international standards.   • Planned and tracks sustainability actions.    ,• Has set out and obtained more ambitious targets e.g. gross zero emissions.   • Recognised as a leading organisation for championing acceleration towards low-carbon sustainable future.    
,Procurement  ,• Engaged and continues to work with procurement team to embed sustainability requirements/KPIs into processes.   • Identified sustainability risks associated with each procurement category.    ,• Requires that suppliers share their emissions data.   • Established and implemented process to ensure minimum standards are met and include compliance function.    ,• Included supplier requirement to set net zero/sustainability strategy commitment.   • Developed and tracks supplier sustainability KPIs for further monitoring and analytics.    ,• All new strategic contracts meet set requirements.   • Built capacity for training suppliers on building sustainable supply chains.    
,IT  ,• Understands negative environmental impacts of IT across end-to-end use   • Educated employees on digital pollution and mitigation.    ,• Developed procedures to manage impacts and promote circularity.   • Developed long-term data storage and legacy hardware/software policies.    ,• Inserted sustainability requirements into all major IT contracts.   • Demonstrated that 100% of eWaste has been re-used or recycled.    ,• Migrated on-site storage and services to a cloud-based solution.   • Built eminence and alliances by sharing best practices across the industry.    
,Finance  ,• Reviewed *ESG credentials of pension fund providers and ensured these are clear to employees.   • Understands the role ESG plays in investment decisions.    ,• Ensured that employees have the option to invest in ESG specialist funds.   • Created an investment framework that integrates ESG targets into the decision-making criteria.    ,• Ensured that ESG specialist funds are available as default options to all employees.   • Assessed and reflected on investments made via ESG framework.    ,"• ESG pension fund divested fully from fossil fuel extraction.   • Further enhanced and refined the ESG investment framework, including best practices and learnings.    "
,HR/people  ,• Understands where sustainability/ green skills capability gaps exist in the workforce.  ,• Ensured that employees are offered training to develop base level of understanding of sustainability.   • Built plan for developing future green skills aligned to the needs and strategy of the organisation and external macro trends.    ,• Uses incentives against green/sustainability metrics for performance management of leadership and some management roles.   • Embedded technical sustainability training in **L&D and career pathways    for specific job roles.  ,• Leveraged incentives and messaging at all levels to fully internalise the principles of sustainability in organisational culture.   • Offered specialist and relevant green skills/sustainability training programmes for employees in all job families.    
