﻿Customer service/support  
Core competencies:  ,"Effective communication, influence and persuasion, data analysis.  "
Key external drivers for the change:  ,"• Consumerism and the circular economy. • AI, automation, robotics and blockchain.   • Economy and universal basic income. • Purpose and value-led organisations.    "
Green skills:  ,Knowledge  ,Technical skills  ,Behaviours  ,Competencies  
Leadership  ,• Understands the importance of sustainability credibility and transparency.  ,• Ability to analyse customer feedback to identify sustainability-related product/organisational opportunities .  ,• Mindset shift from transactional to experiential customer service (enhancing service and advice across whole product/service lifecycle) .  ,• Inspires customers to lead more sustainable lifestyles.  
Management  ,"• Deep understanding of low carbon product ranges and alternatives.   • Understands product lifecycle, supply chain impacts and carbon labelling.    ","• Ability to diagnose fixes, offer sustainable alternatives and offer  advise on products from cradle to grave.  ","• Highly collaborative across internal teams, driving toward climate positive solutions for customers.  ","• Combines problem-solving, and commercial awareness to work with adjacent teams to address customer sustainability concerns.  "
Operational  ,"• Knowledge of company sustainability vision, credentials and sustainability related product information.  ",• Ability to fix and repair modular parts and show customers how to keep/ maintain products for longer.  ,• Engages and supports customers to  fulfil their sustainable lifestyle needs.  ,• Strong communicative skills and empathy to engage with customers on sustainability queries or issues.  
States:  ,High Low  ,High Low  ,High Low  ,High Low  
Variance by sector:  ,"The knowledge and support customer service teams provide to their customers will vary based on the product and customer  base. For example, in a B2B transaction, showcasing standardised sustainability metrics, KPIs and certificates will be vital for  sales. Whereas in a B2C transaction, more storytelling and customer friendly metrics (e.g. carbon labelling) will be used to sell to customers. The type of product will also dictate the level of sustainability knowledge and advice teams will need to provide  e.g. across food, fashion, tech, travel etc.  ",,,Experience:  High Low  
