﻿Maturity  ,Blocker  ,Description  ,Potential Enablers  
Level 1: Understanding  ,Establishing a base level of knowledge  ,"Employees have limited understanding of the green transition, why sustainable practices are important, and how they will affect their day-to-day roles, business, sector, and the UK economy generally  ",• Employee engagement campaigns with clear and consistent messaging on sustainability   • Role-specific training   • Interactive Environmental Management System (EMS) that shows environmental performance and impact     Case study: 2 Sisters Food Group  
,Leadership understanding of the value of green skills  ,Leaders have limited understanding of how sustainability and green skills could add value in their organisation and are unclear on the business case for change  ,• Presenting the business case for green skills   • Showcasing quick wins with job families that are already changing    
Level 2: Developing  ,"Limited strategy, planning and investment  ","Organisations are not sure where the gaps in green skills are, or how to measure and prioritise them. Lack of a clear strategy and plan of action means investment is hard to secure  ",• Use the model organisation blueprint to identify green skill gaps across job families in your organisation   • Work with Learning and Development functions to create development plans    
,Rigid processes and structures inflexible to change  ,"While governance is important for supporting change, bureaucracy and red tape can hinder the ability to flex ways of working in order to adopt new green behaviours and develop a green culture  ","• Forming mission-based teams to focus on outcomes   • Utilise green networks which may sit across organisation structures, to share learning    Case study: TT Electronics  "
,Competing priorities and time management challenges  ,Green skills training is seen as time-intensive  Competing priorities mean that sustainability practices are seen as less important or as an additional ask on top of busy schedules  ,• Blended learning in the form of modular training and on the job learning    Case study: Deloitte  • Prioritisation of work based on company values   • Reorganisation of team structures to reflect priorities   • Adoption of agile working    
