﻿Maturity  ,Blocker  ,Description  ,Potential Enablers  
Level 3: Performing  ,Leaders wary of acting first  ,Future uncertainty and cautious risk management mean that leadership is unwilling to pursue sustainability innovation  ,• Clear policy and regulatory direction from government   • Green grants and investments into early-stage innovation   • Leadership peer-to-peer networks and sharing of lessons learned     
,Green skills are not embedded for the long term  ,"Investment in green skills and initiatives consists of one-off activities, with limited focus on maintaining green capabilities and behaviours across the organisation  It is difficult to track and measure the value green skills bring to job families and the organisation as a whole  ","• Climate related financial disclosure, science based targets and social value objectives set at the organisational level   • Role-specific incentives, performance reviews and KPIs linked to environmental and wider sustainable practices     Case study: Speedy Services  • Continuous green skills learning and development e.g. conferences, professional networks, peer-to-peer learning   • Management and leadership role modelling of green behaviours to instil a positive culture    "
Level 4: Leading  ,Supply chain and partners maturity  ,"Suppliers and partners are not so advanced in their green skills journey, causing misalignment in ways of working  ","• Supplier forums and engagement to collaboratively improve, supplier upskilling, and certification   • Building social value KPIs into the lifecycle of contracts to enable monitoring and measurement    Case study: Deloitte  "
,Lack of specialist talent  ,"Limited specialist talent with technical green skills, and the organisation struggles to attract or access specialist talent  ",• Government and industry working together to develop early career learning pathways and apprenticeship routes for new talent   • Government and industry run green jobs and careers fairs and school outreach programmes     Case study: National Grid  
