﻿Level  ,Description  
1  ,Basic knowledge may be linked to job competence  e.g. lower grade GCSE or basic literacy and numeracy  
2  ,Good knowledge and appropriate for many roles e.g. 5 A*-C GCSEs  
3  ,Demonstrate ability to apply knowledge in detail e.g. 2+ A Levels  
4  ,Specialist and appropriate for technical jobs e.g. certificate of HE  
5  ,High level of expertise and competence e.g. diploma of HE  
6  ,Knowledge-based professional e.g. Honors degree or advanced BTEC  
7  ,Highly developed complex professional knowledge e.g. Masters degree  
8  ,Leading experts or practitioners with in-depth knowledge e.g. Doctorates  
