﻿SKILLS GROUP  ,COMPONENT SKILLS  ,Description  ,Innovation Execution  The act of doing the innovation – skills are used in the execution of the innovation project.  ,Innovation Management  Is required to enable innovation - skills are used to manage innovation within an organisation.  
,Pattern recognition  ,"Recognises emotional, intellectual, and physical patterns to identify and articulate how they logically connect and to predict future connections.  ","The ability to seek and understand patterns and apply those insights to the innovation process.  Concept development, market research, product design, research, risk assessment, testing  ","The ability to seek and understand patterns and apply those insights to the interaction between innovation, the organisation and the external context.  Concept development, market research, risk assessment, strategic positioning, portfolio management  "
,Critical analysis  ,"Draws on available evidence to challenge assumptions and produce well-reasoned analysis and understanding that lead to new ideas, applications, and questions.  ","The ability to develop and apply cognitive tools and techniques to available evidence in order to evaluate the comparative value of ideas, solutions or courses of action.  Concept development, risk assessment, product design, research, testing  ","The ability to develop and apply cognitive tools and techniques to available evidence in order evaluate the comparative value of solutions or courses of action, in context of organisational constraints and opportunities.  Business case development, concept development, portfolio management, resource deployment, strategic positioning, risk assessment  "
,Problem- solving  ,"Applies a range of cognitive approaches to define and diagnose the cause of difficult and complex problems, and identifies, prioritises, and selects practical solutions.  ","The ability to define the range of feasible options from which to determine optimal ideas, solutions, or courses of action.  Testing, product design  ","The ability to define the range of feasible options from which to determine optimal solutions or courses of action in context of organisational constraints and opportunities.  Production process design, portfolio management, resource deployment  "
,Comparative reasoning  ,Draws on evidence and prior experience to compare two entities or states as the basis for interpretation and explanation.  ,"The capacity to analyse the relative strengths, weaknesses, and trade-offs of ideas, concepts, and solutions in relation to the problem being addressed.  Concept development, risk assessment, testing, product design  ","The capacity to analyse the relative strengths, weaknesses, and trade-offs of options and courses of action in context of organisational constraints.  Concept development, strategic positioning, production process design, resource deployment, portfolio management, organisational development, risk assessment  "
,Strategic thinking  ,Evaluates and anticipates threats and vulnerabilities to protect advantage and pursue value-creating opportunities.  ,"The ability to account for the broader context within which innovation is taking place in evaluating the strengths, weaknesses, and feasibility of various courses of action.  Market research, product design, risk assessment  ","The ability to account for the broader context within the organisation and its environment in evaluating the strengths, weaknesses, and feasibility of various courses of action.  Business case development, launch, IP management/protection, market research, strategic positioning, production process design, resource deployment, portfolio management, organisational development, risk assessment  "
,Decision making  ,Draws on available credible evidence to determine an appropriate course of action in pursuit of a defined objective or goal.  ,The ability to select between multiple viable courses of action within the context of a project based on credible evidence.  ,The ability to select between multiple viable courses of action within and across different projects based on credible evidence.  
,,,"Concept development, product design, production process design, prototyping, resource deployment, testing  ","Concept development, strategic positioning, production process design, resource deployment, portfolio management, organisational development  "
