﻿Task  ,Description  ,Innovation Execution skills  ,Innovation Management skills  
Business case development  ,Creating a compelling argument for investing in and pursuing an innovation.  ,Evidence gathering Forecasting Modelling  ,Communication Critical analysis Environment scanning Evidence gathering Forecasting Modelling Organisation Strategic thinking Synthesis  
Concept development  ,"Exploring and refining ideas, turning them into a well-defined and feasible concept that can be tested, validated and implemented.  ",Abstract thinking Active listening Communication Comparative reasoning Creativity Critical analysis Decision making Environment scanning Evidence gathering Interpretation Mental agility Pattern recognition Synthesis Systems thinking  ,Comparative reasoning Critical analysis Decision making Evidence gathering Interpretation Pattern recognition  
Demonstration  ,"Showcasing an innovation to potential customers, investors and partners.  ",Active listening Communication External self-awareness Feedback Internal self-awareness Mental agility Self-regulation  ,Active listening Communication Feedback Internal self-awareness Self-regulation  
Financing  ,Determining and obtaining the funding to develop and commercialise an innovation.  ,,Forecasting Modelling Organisation Prioritisation Resource evaluation  
Idea generation  ,Creating and producing new and innovative ideas to solve problems or meet needs.  ,Abstract thinking Creativity Mental agility Synthesis Systems thinking  ,
IP management/ protection  ,"Identifying and securing the rights to any potential patents,  ",Knowledge brokering  ,Knowledge brokering Resource evaluation Strategic thinking  
,"trademarks, copyrights and trade secrets related to the innovation.  ",,
Launch  ,Bringing an innovation to end users in a timely and cost effective way by marketing and selling to the target audience.  ,Delegation Feedback Influencing  ,Creativity Delegation Feedback Influencing Organisation Prioritisation Resource evaluation Strategic thinking  
Market research  ,"Gathering and analysing information about customer needs, market trends, and potential competition to inform the development and commercialization of an innovation.  ",Environment scanning Evidence gathering Pattern recognition Strategic thinking  ,Environment scanning Evidence gathering Pattern recognition Strategic thinking  
Organisational development  ,"Improving and transforming an organisation’s structure, processes, culture and capabilities to enhance its ability to innovate.  ",,Abstract thinking Comparative reasoning Decision making External self-awareness Internal self-awareness Knowledge brokering Mental agility Negotiation Prioritisation Resource evaluation Self-regulation Strategic thinking Synthesis  
Portfolio management  ,"Considering and optimising the risks, impacts, market, and resource use of an innovation in the context of the basket of innovation within an organisation.  ",,Comparative reasoning Critical analysis Decision making Delegation Evidence gathering External self-awareness Feedback Forecasting Internal self-awareness Interpretation Modelling Organisation Pattern recognition Prioritisation  
,,,Problem-solving Strategic thinking  
Product design  ,Developing the functional and aesthetic aspects of an innovation.  ,Active listening Communication Comparative reasoning Critical analysis Decision making Delegation Environment scanning Evidence gathering External self-awareness Internal self-awareness Knowledge brokering Modelling Organisation Pattern recognition Problem-solving Resource evaluation Self-regulation Strategic thinking Synthesis Systems thinking  ,
Production  ,"Producing the new product, process, service, or business model.  ",Delegation Feedback Forecasting Organisation Prioritisation  ,Delegation Feedback Influencing Organisation Prioritisation Resource evaluation  
Production process design  ,Developing the processes used to deliver a new or improved product or service to end users.  ,Active listening Communication Decision making Delegation Forecasting Influencing Modelling Organisation Prioritisation Resource evaluation Systems thinking  ,Active listening Comparative reasoning Decision making Delegation Evidence gathering Forecasting Influencing Knowledge brokering Organisation Prioritisation Problem-solving Resource evaluation Strategic thinking Synthesis Systems thinking  
Project socialisation  ,"Communicating and aligning the tasks, timelines, responsibilities  ",Creativity Feedback Influencing  ,Abstract thinking Communication Creativity  
,and objectives of a project across an organisation and its stakeholders.  ,Negotiation  ,External self-awareness Feedback Internal self-awareness Influencing Negotiation Self-regulation  
Prototyping  ,Creating a functional model for testing and evaluation.  ,Decision making Delegation Evidence gathering Interpretation Mental agility Modelling  ,
Research  ,Collecting and analysing information to inform decision-making and support the development of innovations.  ,Critical analysis Environment scanning Evidence gathering Interpretation Knowledge brokering Pattern recognition  ,
Resource deployment  ,"Obtaining, allocating, prioritising, and managing competing demands for the infrastructure, assets and talent needed to develop and implement an innovation.  ",Decision making Delegation Negotiation Organisation Resource evaluation  ,Comparative reasoning Creativity Critical analysis Decision making Delegation External self-awareness Feedback Internal self-awareness Mental agility Negotiation Organisation Problem-solving Resource evaluation Strategic thinking Systems thinking  
Risk assessment  ,Identifying and evaluating the risks associated with an innovation and ensuring that they are adequately militated and mitigated.  ,Abstract thinking Active Listening Comparative reasoning Critical analysis Environment scanning Interpretation Mental agility Pattern recognition Strategic thinking Systems thinking  ,Abstract thinking Active listening Comparative reasoning Critical analysis Environment scanning Interpretation Mental agility Pattern recognition Strategic thinking Systems thinking  
Strategic positioning  ,"Determining the price, unique benefits, target segment and  ",,Active listening Communication Comparative reasoning Creativity  
,messaging for an innovation that will maximise its success.  ,,Critical analysis Decision making Evidence gathering Forecasting Interpretation Modelling Pattern recognition Strategic thinking Synthesis  
Supply chain development  ,"Creating and managing a network of suppliers and distribution channels that support the development, implementation and accessibility of an innovation.  ",,Feedback Forecasting Modelling Negotiation Resource evaluation Systems thinking  
Testing  ,"Evaluating the quality, performance and functionality of an innovation.  ",Active listening Communication Comparative reasoning Critical analysis Decision making Delegation Evidence gathering External self-awareness Feedback Forecasting Internal self-awareness Interpretation Knowledge brokering Mental agility Modelling Organisation Pattern recognition Problem-solving Self-regulation Synthesis  ,
Vision socialisation  ,"Communicating and aligning the vision for an innovation with stakeholders including colleagues, customers, investors and partners.  ",Abstract thinking Communication Creativity Influencing Negotiation  ,Abstract thinking Creativity Influencing Negotiation  
