﻿,Step  ,Description  ,Scenario 1: Deploying Skills Organisational effectiveness  ,Scenario 2: Developing Skills HR development  ,Scenario 3: Sourcing Skills Candidate selection  
1.  ,Identify Goals  ,What are we trying to achieve?  ,Better informed decisions regarding the effective utilisation and organisation of available human resources to support innovation  ,Learning interventions that effectively develop relevant innovation skills  ,Candidate selection techniques better able to target the demonstrable possession of relevant innovation skills  
2.  ,Identify Relevant Innovation Tasks  ,What tasks in the innovation process are relevant to the achievement of our goals?  ,What innovation tasks are critical to successful job performance at different levels and sections of the organisations?  ,What innovation tasks are critical to the work of the target population for whom the learning and development intervention is to be designed?  ,What tasks are important in the execution of the advertised post?  
3.  ,Design and Execute the Evaluation Process  ,How do we assess our current position in relation to the required innovation skills?  ,"Review the application of innovation skills in relevant tasks by using the Framework (or parts thereof) to inform, for example, direct observation of job performance, peer assessment, or self-reporting  ","Use the template to map the coverage of required innovation skills development across a learning intervention (for instance, a training or educational programme) through review of the curriculum, pedagogy, and assessment to identify gaps  ",Draw on the Framework to review the candidate assessment and selection processes to ensure appropriate focus on critical innovation skills  
4.  ,Design in Innovation Skills  ,What organisational interventions are required to ensure sufficient focus on necessary innovation skills?  ,"Collect and use innovation skills-related performance data as the basis for decisions on role assignment and structure, or team/work unit composition.  ",(Re)design programmes or development interventions to ensure alignment of content and approach to delivery to best develop and assess the required innovation skills  ,Develop candidate selection tasks and activities oriented towards an active assessment of specified innovation skills  
5.  ,Review outcomes  ,How do we best understand the effectiveness of our interventions in maximising our stock of necessary innovation skills?  ,"Draw on the Framework to evaluate the task performance of individuals, teams and units, post-intervention  ","Draw on the Framework to evaluate effectiveness of the programme via participation reaction, formal pre-and post-assessment, evaluating behavioural change, and subsequent impact on individual and/or unit performance.  ",Draw on the Framework to review the innovation skills performance of new hires during initial job performance  
