﻿SKILLS GROUP  ,COMPONENT SKILLS  ,Description  ,Innovation Execution  The act of doing the innovation – skills are used in the execution of the innovation project.  ,Innovation Management  Is required to enable innovation - skills are used to manage innovation within an organisation.  
CONCEPTUAL SKILLS  Cognitive skills concerned with the relationship between the abstract and the concrete and that act as the basis for evaluation  How one relates to ideas  ,Creativity  ,Draws on available resources to turn ideas into practical solutions to problems or challenges.  ,"The capacity to draw on experience and inputs to find novel ways to solve a problem, develop a new (or improved) product, process, or business model.  Concept development, idea generation, vision socialisation, project socialisation  ","The capacity to draw on experience and inputs to enable innovators to be creative themselves, to secure resources and support for innovation, and arrive at novel solutions to organisational problems.  Project socialisation, vision socialisation, strategic positioning, launch, resource deployment  "
,Synthesis  ,Integrates information from multiple sources to formulate conclusions as the basis for action.  ,"The ability to combine and integrate different sources of information to identify opportunities and envision solutions.  Concept development, idea generation, testing, product design  ","The ability to combine and integrate different sources of information to identify innovative solutions/exploitable opportunities, to make the case to internal and external stakeholders regarding the potential impact of innovation.  "
,,,,"Business case development, production process design, organisational development, strategic positioning  "
,Systems thinking  ,Makes evidence-based connections between multiple inputs in a scenario and infer the determinants of identified outputs.  ,"The ability to connect and infer causality between conceptual or practical inputs to a problem and its outputs, and the feedback between the two.  Concept development, idea generation, product design, production process design, risk assessment  ","The ability to develop productive and efficient systems that enable the delivery of a product or service, and to perceive the organisation’s positioning within external systems.  Risk assessment, supply chain development, resource deployment, production process design  "
,Mental agility  ,Flexibly responds to changing circumstances by moving quickly between different ideas and foci.  ,"The capacity to move quickly between close focus on detail to the bigger picture, switch between different ideas, and consider different parts of a problem without losing sight of the whole.  Concept development, demonstration, idea generation, prototyping, risk assessment, testing  ","The capacity to move quickly between strategic and operational concerns, and between those of the short and longer term.  Resource deployment, risk assessment, organisational development  "
,Abstract thinking  ,Understands abstract (non-physical) concepts and can apply them productively.  ,"The ability to conceptualise and simplify complex problems as the basis for identifying possible solutions.  Concept development, idea generation, risk assessment, vision socialisation  ","The ability to understand the value and application of abstract concepts to strategic development of the organisation - e.g., creating cultures of innovation etc.  "
,,,,"Project socialisation, vision socialisation, risk assessment, organisational development  "
