﻿SKILLS GROUP  ,COMPONENT SKILLS  ,Description  ,Innovation Execution  The act of doing the innovation – skills are used in the execution of the innovation project.  ,Innovation Management  Is required to enable innovation - skills are used to manage innovation within an organisation.  
IMPLEMENTATION SKILLS  Technical skills associated with the active planning and undertaking of innovation execution and management  How one relates to discrete tasks  ,Knowledge brokering  ,"Purposefully and judiciously collects, assesses, organises, extracts, and shares informational assets to maximise their productive value.  ","The ability to construct and manage a practice of information clearing, knowledge access/distribution, sharing knowledge (tacit → codified, etc).  Product design, research, testing, IP management/protection  ","The ability to create and manage processes and incentives for information and knowledge sharing.  Organisational development, production process design, IP management/protection  "
,Organisation  ,Purposefully initiates plans of action to achieve desired outcomes.  ,"The capacity to design workflows and task allocation for project execution.  Product design, production process design, production, resource deployment, testing  ","The capacity to design innovation workflows and tasks allocation in the context of organisational plans, resources, and priorities.  Launch, production, production process design, resource deployment, portfolio management, business case development, financing  "
,Resource evaluation  ,"Systematically assess the value of resources (financial, human, capital, time) in relation to their productive utility.  ","The ability to identify and acquire the necessary resources for the operational execution of the project.  Product design, production process design, resource deployment  ","The ability to identify and acquire the necessary resources to support innovation and ensure organisational efficiency and effectiveness.  Financing, IP management/protection, organisational development, production, production process design, supply chain development, launch, resource deployment  "
,Prioritisation  ,Assesses the relative importance of tasks and actions to ensure their timely completion.  ,"The ability to assess the relative importance of tasks and actions as the basis for efficient project execution.  Production process design, production  ","The ability to assess the relative importance of tasks, actions and projects as the basis for the effective achievement of organisational objectives.  Launch, portfolio management, production, production process design, organisational development, financing  "
,Modelling  ,"Discerns the relationship between relevant variables to understand, define, quantify, visualise or simulate these relationships (for experimentation or forecasting).  ","The capacity to apply data and modelling techniques to generate insights about potential project outcomes.  Business case development, product design, production process design, prototyping, testing  ","The capacity to apply data and modelling techniques to generate insights about potential organisational or market outcomes.  Business case development, portfolio management, strategic positioning, supply chain development, financing  "
,Forecasting  ,Draws upon past and current data to predict the likelihood of a future scenario.  ,"The ability to use past and current data and predictive methodologies to envision possible futures related to the problem.  Business case development, production process design, production, testing  ","The ability to use past and current data and predictive methodologies to envision possible futures for the innovation and its impact for/in the organisation.  Business case development, portfolio management, strategic positioning, production process design, supply chain development, financing  "
