﻿Sector  ,Progress Towards Decarbonisation  ,Policy and Funding Commitments Announced in 2020 and 2021 (Q1)  
Transport  ,"Progress towards decarbonisation of the transport sector has been slow. Surface transport emissions account for 22% of UK Greenhouse Gas Emissions and between 2008 and 2018, emissions only fell by 3%.  ","Key Funding Announcements  £12.1 Billion new spending on sustainable transport in 2020, committed over the next 5 years.  • £2 Billion pledge for walking and cycling infrastructure.   • £1.3 Billion to improve Electric Vehicle (EV) charging infrastructure.   • Extension of plug-in vehicle grants. £500 million has also been committed towards the development and production of EV batteries.    Key Policy Announcements  • Phase out date for sales of new petrol and diesel cars and vans shifted from 2040 to 2030, with sales of certain hybrid cars and vans permitted until 2035.   • The Transport Decarbonisation Plan was delayed and will be published in 2021. The Hydrogen Strategy is also expected.22   • Subject to business case, the Government will provide £4.8 million to enable the development of a Hydrogen Hub in Holyhead, Wales to trial hydrogen production.    "
Buildings  ,Buildings account for 18% of UK carbon emissions and progress to decarbonise the building stock has slowed in the last decade.  ,"Key Funding Announcements  • £50 million via the Social Housing Decarbonisation Fund (SHDF) which seeks to pilot innovative energy efficiency retrofit in social housing.   • £500 million via the Local Authority Delivery (LAD) element of the Green Homes Grant, which supports households with an annual income of under £30,000 to retrofit their home.   • The GHG Voucher Scheme (GHGVS), which provided vouchers to cover 2/3 of the cost of eligible energy efficiency improvements up to a value of £5,000, has closed leaving no scheme to drive uptake in the able to pay sector. The funding has been re-allocated to the council led scheme.    Key Policy Announcements  • The Prime Minister’s 10 Point Plan announced a target to deploy 600,000 heat pumps a year by 2028. The Clean Heat Grant is expected to replace the Renewable Heat Incentive. The Home Upgrade Grant will also be introduced to support low income households in off grid areas.   • In 2020, the Government consulted on minimum energy performance standards for the Private Rental Sector (PRS).   • In Q1 2021, the Government consulted on improving the energy performance of homes through mortgage lenders, to target the owner- occupied sector.   • The Future Homes Standard will require new homes to be future proofed with low carbon heat and high levels of energy efficiency and will be introduced by 2025.   • The Government also consulted on the Future Buildings Standard which looks at non-domestic buildings and opened a consultation on minimum energy efficiency standards in the non-domestic private rented sector.   • The long- awaited Heat and Buildings Strategy is due for publication imminently.    "
Power  ,"Decarbonisation of the power sector has been strong, with emissions from the sector 62% below 1990 levels.  However, it should be cautioned that one of the dominant drivers for emissions reductions was the switch from coal to gas in the so called “dash for gas”23 .  ","Key Funding Announcements  • £715 Million new spending on sustainable energy in 2020, committed over the next 5 years.   • Key announcements in the Chancellor’s Budget included a £20 million programme to support floating offshore wind and a £68 million competition to support the development of energy storage prototypes.   • £500 million new funding and support for nuclear power, with some focus on Small Modular Reactors and a further £100 million for nuclear fusion.    Key Policy Announcements  • Support for onshore wind and solar via the next Contract for Difference (CfD) auction in 2021.   • Target to double the capacity of renewables in the next CfD auction.   • Increase in offshore wind capacity target to 40 GW by 2030.    "
Industry  ,"Carbon emissions from industry have reduced by over 50% compared to 1990 levels.  However, emissions from industry still account for greater than a fifth of UK emissions.  ","Key Funding Announcements  • £2.6 Billion new spending on low carbon industry in 2020, committed over the next 5 years.   • £315 million to improve the energy efficiency of industry via the Industrial Energy Transformation Fund (IETF).   • £350 million package of support for decarbonising heavy industry, of which £139 million is designated towards CCS and Hydrogen.   • A total of £1 billion has now been committed towards    CCS.  • £90 million funding from the Energy Innovation Fund towards the development of hydrogen, with a further £500 million pledged via the Ten Point Plan, £240 million of which is dedicated to Hydrogen production facilities.    Key Policy Announcements  • Target to remove 10 MT of CO2 by 2030 through the development of two carbon capture sites by the mid-2020s and a further two by 2030.   • Aim for a Hydrogen Neighbourhood in 2023, a Hydrogen Village in 2025 and a Hydrogen Town by the end of the decade.   • The Industrial Decarbonisation Strategy is the first strategy published by a major economy which sets out how industries can decarbonise in line with net zero, whilst remaining competitive and ensuring emissions are not simply exported.    "
Natural Environment  ,"The land use and forestry sector in the UK removes approximately 15 MTCO2e per annum.  There have been key policy announcements surrounding job creation in the natural environment.  However, commitments towards wider Nature Based Solutions (NBS) have been limited, with no significant funding or announcements towards the Peat Strategy, for example.  ","Key Funding Announcements  • The Green Jobs Challenge Fund was announced in 2020. The fund of £80 million will be used to support conservation organisations, as well as suppliers, in the creation of up to 3000 jobs and the safeguarding of 2000 jobs in areas including nature-based solutions. According to research by Friends of the Earth, land restoration, reforestation and agricultural improvements could create 81,000 jobs for young people, nationally24 .   • A £4 million competition will form the first phase of a Biomass Feedstocks programme which will enable the rural economy to improve green energy crop production and the production of forestry products.    Key Policy Announcements  • In July, the UK Government made a commitment to plant 75,000 acres of trees every year by 2025.   • The Agriculture Bill sets out a strategy for the way in which farmers and land managers in England will be funded public money to improve ‘public goods’, including air, water and soil.    "
