﻿Qualification Level  ,Legal Apprenticeship  ,Training Provider  
Low  ,C&G Level 2 Diploma in Legal Administration (5528 - 12)  ,This Level 2 course is offered by Pitman Training in Bristol and Taunton as well as other locations in the UK.  
Intermediate  ,C&G Level 3 Diploma in Legal Administration (5528-13)  ,"A Law Firm based across the UK, including in Bristol and Taunton take on individuals wishing to undertake the Legal Administrator Level 3 Apprenticeship.  "
,NALP Level 3 Paralegal Qualification  ,"A Law Firm based across the UK, including in Bristol and Taunton take on individuals wishing to undertake the  Paralegal Level 3 Apprenticeship.   "
,Level 4 Probate Technician  ,"According to GOV.UK, there are currently no training providers of this course.  "
High  ,Chartered Legal Executive Level 6 Diploma in Law and Practice  ,This course is offered at Weston College as well as other locations in the UK.  
,Level 6 Diploma in Conveyancing Law and Practice  ,"According to SQA, the closest location offering this course is Newport, with other providers across the UK.  "
,Level 7 Solicitor  ,"According to GOV.UK, there are providers of this course within Bristol, with other providers across the UK.  "
