﻿Low-carbon economy: ONS definition  ,,Low-carbon economy: WECA definition  
Sectors  ,Sub-sectors  ,Sectors  ,Sub-sectors  
Low-carbon electricity  ,"Offshore wind, onshore wind, solar photovoltaic, hydropower, other renewable electricity, nuclear, carbon capture & storage  ",Low-carbon electricity  ,"Offshore wind, onshore wind, solar photovoltaic, hydropower, other renewable electricity, nuclear, carbon capture & storage  "
Low-carbon heat  ,"Renewable heat, renewable CHP  ",Low-carbon heat  ,"Renewable heat, heat networks  "
Energy from waste & biomass  ,Bioenergy and  alternative fuels  ,Alternative fuels  ,Bioenergy and hydrogen  
Energy efficient products  ,"Energy-efficient products, energy-efficiency lighting, energy monitoring, saving or control systems  ",Energy efficient products  ,"Energy-efficient products, energy-efficiency lighting, energy monitoring, saving or control systems  "
Low-carbon services  ,Low-carbon financial and advisory services  ,Low-carbon services  ,"Advisory, green finance and digital  "
Low-carbon transport & infrastructure  ,"Low-emission vehicles and infrastructure, fuel  ",Low-carbon transport & infrastructure  ,"Low-emission vehicles and infrastructure, fuel  "
