﻿Group  ,Sectors  
Low-carbon electricity  ,"Offshore wind, onshore wind, solar photovoltaic, hydropower, other renewable electricity, nuclear, carbon capture & storage  "
Low-carbon heat  ,"Renewable heat, renewable CHP  "
Energy from waste and biomass  ,Bioenergy and alternative fuels  
Energy efficient products  ,"Energy-efficient products, energy-efficiency lighting, energy monitoring, saving or control systems  "
Low-carbon services  ,Low-carbon financial and advisory services  
Low-emission vehicles and infrastructure  ,"Low-emission vehicles and infrastructure, fuel cells and energy storage systems  "
