﻿Sector and Occupational Strategic Priorities  ,Short term  ,Long term  
Construction (including Retrofit)  
"Skills curriculum/offer should include further reference to future skills like retrofit, sustainable building materials, modular building, and wider modern methods of construction.  ",x  ,x  
"Encourage employers to take ownership of the skills challenge themselves, supporting the future talent pipeline by opening up traineeship, apprenticeship, and other entry level positions for young people to gain occupational competence as well as qualifications  ",x  ,x  
Respond to appetite from young people to consider environmental and sustainability issues in careers pathways by positioning construction occupations/careers as “Green jobs” where possible.  ,x  ,x  
Work with government and CITB to review incentive schemes to ensure they are meeting objectives appropriately. Grant eligibility criteria should not disincentivise employers from taking on young people / job seekers who have already completed a relevant qualification.  ,x  ,
"Local authorities, developers, and main contractors should review social value commitments included as part of procurement and planning permissions, to ensure they are fully meeting the needs of the sector.  ",x  ,
Digital  
"Digital skills are needed in all sectors due to digital transformation. There is a need for “digital champions” in existing IT and wider non-technical roles to support with digital skills related to data, information governance, digital marketing, and digital finance applications.  ",x  ,
"Careers: the digital industry offers lots of opportunity, but it is complex and some areas of the industry do not have clear progression pathways. Careers advice should include key messages around real life stories of those who have successfully navigated their route into the sector.  ",x  ,x  
"There needs to be more transition activity supporting individuals from training into employment, preferably by industry experts through mentoring activity which supports individuals with digital portfolio development, interview and CV techniques and navigating the sector.  ",x  ,
Inclusivity should be embedded in all skills initiatives with programming designed to remove barriers to engagement and target specific groups who may otherwise miss out.  ,x  ,
"The wealth of inspiration activity promoting digital skills and careers needs to be joined up for maximum impact, including shared messaging, targeting, and better signposting and transition between them  ",x  ,
Education  
"Immediate skills gaps include SEN training, careers guidance training (incl. SEN-specific), upskilling to support staff around child development delays due to COVID-19 pandemic; behaviour management; supply teachers training  ",x  ,
"Staff throughout the education sector are dealing with children and young people with affected by the pandemic – from being less ‘school ready’ in early years settings to emotional / social difficulties across all settings. This cuts across many policy areas but in the short term, training is needed to help staff in better identifying and supporting those affected.  ",x  ,
Need for greater flexibility in training delivery models to meet the needs of both employers and employees (eg options for evening and weekend learning)  ,x  ,
"Careers in the adult education sector need the same parity of esteem as working in schools. Since full teaching qualifications are not needed, there is a huge imbalance in pay.  ",,x  
"High staff turnover in Early Years, in part due to low pay (often apprenticeship minimum rather than NMW/NLW) and feeling of being undervalued. Use GM Good Employment Charter and other levers to encourage improvements in pay and conditions.  ",,x  
"Diversification of the workforce, both relating to gender balance and underrepresented groups within the education workforce. Whilst gender imbalance is a national issue, in GM the proportion of male working in the sector is lower than the UK average; male role models, as well as individuals from other underrepresented groups, to advocate for careers in the sector.  ",,x  
Green Economy  
"Work with central government to understand their policies around preferred technologies and green solutions, so that we can work with employers and providers to build capacity in relevant parts of the system and the employer market can respond by upskilling staff.  ",x  ,x  
"GM to seize opportunities to become a centre of excellence around Retrofit training and technology, electric vehicle infrastructure skills, and electrical engineering skills.  ",x  ,
"Prioritise reskilling individuals working in so-called “sunset jobs” – roles which will see decline in the shift to Net Zero (eg Gas Heating Engineers, Oil/Gas Extraction & Refinery, Mining, some ‘dirty’ Manufacturing jobs. Similar issues in supply chains: no big auto manufacturers or aerospace businesses in GM, but lots of firms operating in supply chains for components like combustion engines.)  ",x  ,x  
"Careers: enthusiasm from young people leaving schools and colleges for a career in a “Green” role should be harnessed and used to promote key in-demand occupations that aren’t traditionally thought of as Green Jobs, eg elements of construction, logistics, etc. Also need advice and resources in place to advise and support adults in ‘sunset jobs’.  ",x  ,x  
"Improve links between local skills policy, planning authorities, and transport authorities, including around schemes proposed under HS2/Integrated Rail Plan and Places for Everyone strategies, to ensure that skills capacity and development are given due thought in early project stages.  ",x  ,x  
"Work is required to increase basic carbon literacy across the economy: increasing all businesses’ awareness of Net Zero, and their understanding of/strategies for sustainability and carbon reduction in their business processes and practices.  ",x  ,x  
Health and Social Care  
"In addition to core skills, additional training is needed across the sector with topics such as compassionate management, values-based recruitment, sector specific language training and improved digital skills all being required.  ",x  ,
"Resilience and wider Health & Wellbeing training should be available to all HSC staff, since burnout and stress are often attributed to high turnover and retention issues.  ",x  ,
"Many staff have indicated a desire for upskilling and to be given additional responsibility within their role. Successful pilot projects should be rolled out further. Linked to this, further operation of multi-disciplinary teams is recommended. For example, pilot schemes involving care workers assuming some district nurse roles and supporting with some designated healthcare tasks have (anecdotally) improved job satisfaction helped recruitment and retention. This type of re-design helps strengthen more integrated career pathways.  ",x  ,x  
"Careers: perception of the sector must be changed, and HSC promoted as a career choice with good prospects and progression, and not just as a short-term role/last resort. This includes building better links with schools and colleges, career  ",x  ,x  
"and employability support organisations and job centres, dispelling myths, highlighting positive role models and key skills / values which make people successful in the role. Also ensuring that there are adequate work experience and placement opportunities  ",,
"There are clear issues around pay, terms and conditions particularly around entry level positions. GMCA and the HSCP would like to see more employers from the Sector sign up to the Greater Manchester Good Employment Charter and look at how this can immediately be linked to the procurement process.  ",,x  
Work should be done around removing barriers into employment. Application processes should be changed to open the sector to a more diverse workforce. Values-based recruitment has been shown to be successful but isn’t always understood.  ,,x  
Logistics  
"Skills and labour shortages across all sub sectors: high numbers of vacancies and an unprecedented labour market shortage of HGV drivers. Highest vacancies are for Delivery Drivers, HGV Drivers, Transport Planners, Logistics Administrators, Transport Managers and Transport Co-ordinators.  ",x  ,
"Skills gaps exist in the planning, control, and scheduling aspect of the sector, in roles such as planning supervisor and controller, and import/export specialists, as well as in warehousing roles, particularly workers with higher level digital skills.  ",x  ,
"Work with government/IFATE to address gaps in Apprenticeship standards: Fleet Managers, Logistics Operations Maintenance / Procurement / Warehousing Managers, Supply Chain Managers.  ",X  ,x  
"Urgent demand for skills linked to automation and digital transformation, which are being driven at pace due to need for growth and efficiency.  ",x  ,
"Soft skills continue to be a common theme for development in the sector, to improve efficiency and cohesion at all organisational levels.  ",x  ,
"Following Brexit, businesses face challenges around the rules of import and export. Transport Management teams require upskilling around new rules, documentation and associated processes.  ",x  ,
Impact of net zero targets: introduction of low-emission schemes and an increase in sustainable technology innovation and development will drive higher costs and the demand for new skills in the sector.  ,x  ,x  
"Wider labour shortages linked to conditions and perceptions of the industry need to be addressed: whilst high recent demand has pushed wages up in some parts of the industry, the age profile of the workforce shows few young people entering the sector, particularly in driving roles.  ",,x  
Hospitality  
"In addition to occupationally specific skills and labour shortages around chefs and other roles, wider training needs include sales and customer service skills, with a focus on business innovation.  ",x  ,
Explore modular approach to training programmes to meet the needs of businesses and emerging hospitality trends.  ,x  ,
"Skills development needed in Recruitment & Selection to create more diverse talent pipeline, and raising better awareness amongst hospitality employers on the benefits of workforce development (beyond compulsory training) and government initiatives.  ",x  ,x  
"Careers: consider a campaign to invigorate appetite amongst young people and career switchers who may wish to explore a future career in hospitality, and to encourage the return of workers who might have left the sector during the pandemic.  ",x  ,
Hospitality associations and employers should consider designing a sector specific health and wellbeing charter in conjunction with staff working in the sector.  ,x  ,x  
Life Sciences  
Shorter courses and modular alternatives to degree / Master’s courses are required. Employers’ specific skills needs may be more immediate and not need the full breadth of a longer course.  ,x  ,x  
"Promote/facilitate increased collaboration between SMEs to explore how, by working together, more training courses and apprenticeships become viable. Shared learning and networking also create a stronger ecosystem.  ",x  ,x  
Careers: more must be done to position health and life sciences careers as rewarding - both financially and emotionally. The chance to make a social impact is a high priority for young people when choosing a career pathway – the sector should use this to encourage young people to take up roles in the sector and make a difference to human health.  ,x  ,x  
"Diversification of the workforce: employers should ensure that that they are working to improve representation in the sector. While this is a long-standing issue, more and better engagement with young people from underrepresented groups and disadvantaged backgrounds would be beneficial.  ",x  ,x  
Need for greater clarity around Incentive payments from government and a ‘funding map’ to address confusion across the sector around the support available to support learning and growth.  ,x  ,
Manufacturing  ,,
"Support employers with the transition to digitalisation and automation – these developments are a great opportunity to develop some staff into subject matter experts within their business, improving job satisfaction and productivity.  ",x  ,x  
Facilitate and enhance peer-to-peer business networks around skills delivery. Many networks exist but have been hampered by the pandemic.  ,x  ,
"Progression routes, potential future careers, and occupation pathways should be made clearer and linked to formal qualifications, to improve transparency for existing staff.  ",x  ,x  
Work with business networks to increase number of STEM Ambassadors across GM.  ,x  ,
"Build better and more valuable links between local employers and schools to dispel myths and improve reputation of the Manufacturing sector. In particular, role models from technical engineering and production backgrounds should be encouraged to engage.  ",x  ,x  
"Encourage diverse hiring practices within the GM manufacturing sector, targeting under-represented groups and promoting the sector to remove barriers and increase opportunities.  ",x  ,x  
