﻿COVID Impact - Trends  
,"Shift to online shopping and away from city centre retail  • Rise of logistics sector, importance of drivers and warehousing   • Lower high street footfall means fewer jobs in retail   • Shifting use of city centre space and changing nature of high streets, with increasing number of hospitality venues as number of shops decline    "
,"Shift to home working and away from office-based roles  • Decrease in commercial property, city centre residential   • Impact of decrease in city centre based workers on foundation economy   • Rise in suburban centres    "
,Shift towards local tourism and away from international/inbound travel  • Airport and related industries/roles in turmoil   • Some signs of a rise in domestic travel and tourism    
Wider Economic Trends  
,"Shift towards use of digital technology and away from traditional manual methods  • Increasing need for digital specialists, software dev, cyber, cloud, AI, machine learning   • Increasing use of tech in traditional sectors (manufacturing, construction, hospitality)    "
,"Automation of workplaces  • Software being used to automate certain roles – finance, HR, production processes, etc.   • Shift towards the value of human-based roles – sales, management, care, education    "
,"Shift towards insecure/temporary/flexible career pathways and away from “jobs for life”  • Jobseekers more flexible, career-switching options more prevalent   • More uncertainty among young people    "
,"Systemic / structural labour market issues  • Changes to supply of labour, regulatory frameworks, trade, supply chains, etc following Brexit   • Capacity within the training and assessment system    "
