﻿"Action Plan, 2022-23  ",Partners  ,Timescale  
"Young people leave education and training ready to succeed in the labour market, with a balance of academic, technical and ‘life ready’ skills  "
Ensure high quality technical pathways into priority sectors by supporting further T-level roll-out across GM  ,Colleges Employers/ ERBs  ,Ongoing collaboration and support ahead of roll-out in September 2022  
"Work with employers/ERBs to support talent pipeline activity to strengthen links between the worlds of education and employment through generation of:  • T level placements   • Apprenticeship and Traineeship opportunities (all ages)   • Employer/workplace encounters and related activity (through Pledge5, Meet Your Future and similar campaigns)    ",ESAP LEP  Employers/ ERBs  ,Ongoing  
"Continue to support education leaders to bring about sustainable change in careers education and embed careers and enterprise in education by:  • facilitating links between schools/colleges and employers through the GM Enterprise Adviser Network, including dedicated support for schools/employers around young people with special educational needs and/or disabilities (SEND)   • expansion of the GM Careers Hub to deliver full coverage across GM.    ",ESAP GMCA  Careers & Enterprise Company Employers/ ERBs  LEP  Local Authorities  ,Ongoing  Specialist SEND specialist Careers & Enterprise Co-ordinator from Spring 2022  
"Continue to develop services for young people that help to build and improve life- and work-readiness, including:  • Review and refresh the Greater Manchester Apprenticeships & Careers Service (GMACS) platform to include: financial literacy/digital inclusion/health & wellbeing support, dedicated pages for employers/post-16 providers/LAs/teachers, Young Person’s Guarantee  ",GMCA  Employers Providers  ,GMACS refresh: Spring 2022  
"commitments, GM Curriculum for Life, live opportunities from employers/social capital, young person’s blog, social action/citizenship resources, and improved navigation/ease of use  • Continued development and testing of early beta Curriculum for Life, designed by young people   • Scale up/roll out the #BeeWell programme which focuses on wellbeing as a key factor in tackling inequalities in education attainment and health outcomes, following a successful pathfinder phase in Autumn 2021 that saw almost 40,000 secondary school pupils across GM take part in a survey co-designed by young people and building on GM’s previous Life Readiness surveys.    ",,CfL testing:  #BeeWell – ongoing  
"Adults can acquire the skills, mindset and support they need to fulfil their career potential and adapt to changing employer needs throughout their lives, from entering employment for the first time through to highly skilled careers and retraining  "
"Ensure AEB funded adult skills provision continues to meet needs, including:  • English, maths and digital skills (linked to statutory entitlements) to residents without relevant qualifications   • Working with providers to shift the offer in ways that build progression pathways into priority occupations/sectors, from entry level upwards   • ongoing delivery, monitoring and review of the Level 3 entitlement (Lifetime Skills Guarantee) including the GM Level 3 offer, which extends eligibility to qualifications in local priority sectors not covered by the national offer.    ","AEB funded skills providers (Colleges, Local Authorities, Independent Training Providers, VCSE sector)  ",Ongoing. AEB funding arrangements extended for AY 2022/23. New qualifications to be added from April 2022  
"Work with DfE to support development and roll-out of government’s UKSPF-funded Multiply numeracy initiative, in partnership with local providers and other relevant organisations to integrate the programme into the GM essential skills and employability offer in ways that avoid duplication, displacement and competition with existing numeracy/maths provision – further details awaited from government.  ","ESAP, GMCA, DfE,  HMT, DWP/JCP  Local skills & employment support providers, VCSE sector  ",Details to be confirmed bu DfE  – expected launch in Aug 22 (for delivery in AY22/23 to 24/25)  
"Develop AEB commissioning strategy for 2023/24 onwards, with particular consideration given to:  • stronger links between AEB funded provision and pathways into/within GM’s priority sectors   • a more place-based approach, recognising different needs across districts, with reference to Growth Locations   • focus on outcomes and progression   • improved analysis of learner journeys.    ",GMCA ESAP  All providers Local Authorities Employers  ,Autumn 2022  
"Developing, evaluating and, where appropriate, scaling up targeted test & learn activity, including:  • Work with DWP and Tameside Borough Council to deliver the Tameside In Work Progression Service pilot   • Targeted support for the over-50s – including launch of age-friendly employer toolkit   • Removing Barriers to Apprenticeship pilots – including scaling up supported apprenticeships model for people with special educational needs and/or disabilities (SEND) based on successful Salford Supported Apprenticeships project    ",ESAP GMCA DWP/JCP  LAs All providers  ,Ongoing IWPS – from January 2022  Launch toolkit: Spring 2022  Supported Apps: Spring 2022  
"GM Works: As set out in the Mayor’s manifesto, we will develop a ‘one stop’ platform for residents to access information and advice on the range of services and provision available to help them move into work, progress in their careers, undertake training and upskill, and move into or progress in self-employment. This will pull together all of the activity outlined above, plus services commissioned/ delivered by partners in GM, and will build/develop existing tools to incorporate access to personal coaching, an interactive skills builder and job matching.  ",GMCA  ESAP (and members’ wider networks)  ,Development: spring/summer 2022. Testing phase: late 2022. Launch: spring/ summer 2023  
"Employers have access to a system that is flexible, resilient and adaptable, and which meets their needs in the rapidly changing 21st century world of work, driving a sustainable economic future for GM in which companies compete on the basis of high productivity, good quality work, and excellent employment practices  "
"Subject to confirmation of funding by DfE, expand Bootcamps provision at levels 3-5, funded via the National Skills Fund, to provide intensive training to address employers’ hard-to fill/skills shortage vacancies in priority sectors and support residents with the technical skills needed for roles:  ",DfE  GMCA/ESAP  Providers Employers  ,In-principle approach considered by ESAP in Jan  
"• Commission new bootcamp projects across GM’s frontier sectors (including Digital & Creative, Advanced Materials/Manufacturing, Green Economy, Life Sciences), supporting 2,500 people into live job vacancies   • Explore the potential of the bootcamp model to support foundation economy sectors with labour shortages such as health & social care and hospitality   • Building upon the recommendations of the Inequalities Commission, we will target groups of residents underrepresented in key sectors and facing disadvantage in the labour market, learning from successes in overcoming barriers in bespoke, targeted projects within GM’s Fast Track Digital Workforce Fund pilot.    ",,2022 and GMCA in Feb 2022.  Develop specifications/ launch commissioning in early Spring 2022 for delivery from May/June onwards  
"Continue implementation of GM’s £42m ESF Skills for Growth programme, supporting up-skilling and progression for 25,000 residents, and support for 3,000 SMEs to September 2023:  • Ongoing delivery of SME Support (launched October 2021)   • Ongoing delivery of provision commissioned to date: Retrofit, Digital (Reskill/Upskill), Digital (Skills for Growth & Productivity), Health & Social Care, Manufacturing (Lean Manufacturing & Management), Manufacturing (Digitalisation), Construction, Hospitality.   • Commissioning and launch of new skills provision across Allied Health Professions, Life Sciences, Logistics, and Cross-sector professional skills (Sales, Marketing & Business Development).   • Complete remaining industry intelligence reports to build the evidence base and work with industry, employers and providers to implement individual action plans for each sector: Green Economy, Advanced Manufacturing, Finance, Business & Professional Services, FinTech, Rail, Retail, Culture/Creative, Education, Digital (Public Sector Digitalisation).    ",GMCA  Skills Observatory Employers/ERBs Providers  ,SME Support: from Oct 2021  From June 2021  Jan-March 2022  Complete all reports and associated commissioning by Summer 2022  
"Work with GM LEP to explore opportunities to champion improved carbon literacy and carbon management within businesses (especially SMEs) across the GM economy, with the expansion/embedding of green skills and low carbon business practices  ",GM LEP  Employers/ERBs  ,Spring/Summer 2022  
"Work with Greater Manchester Institute of Technology partners to ahead of launch, including engagement across wider system to ensure pipeline and clear pathways into IoT provision  ","GMIoT partnership, led by University of Salford (HE / FE / industry) Employers  GMCA  ",Ongoing ahead of formal launch in Sept 2023  
Continue to support collective approach to/commissioning of Apprenticeships provision within GM public service employers via Public Sector Apprenticeships network  ,Public sector employers  GMCA  ,Ongoing  
"Continue implementation of GM’s £42m ESF Skills for Growth programme, supporting up-skilling and progression for 25,000 residents, and support for 3,000 SMEs to September 2023:  • Ongoing delivery of SME Support (launched October 2021)   • Ongoing delivery of provision commissioned to date: Retrofit, Digital (Reskill/Upskill), Digital (Skills for Growth & Productivity), Health & Social Care, Manufacturing (Lean Manufacturing & Management), Manufacturing (Digitalisation), Construction, Hospitality.   • Commissioning and launch of new skills provision across Allied Health Professions, Life Sciences, Logistics, and Cross-sector professional skills (Sales, Marketing & Business Development).   • Complete remaining industry intelligence reports to complete the evidence base and work with industry, employers and providers to implement individual action plans for each sector: Green Economy, Advanced Manufacturing, Finance, Business & Professional Services, FinTech, Rail, Retail, Culture/Creative, Education, Digital (Public Sector Digitalisation).    ",GMCA  Skills Observatory Employers/ERBs Providers Growth Location partners/LAs  ,SME Support: from Oct 2021  From June 2021  Jan-March 2022  Ongoing Jan-March 2022  
"Residents are supported by a welfare system, under Universal Credit, that provides access to good work for those who can, support for those who could, and care for those who can’t.  "
"Work with JCP to align locally funded skills provision (including AEB, Sector-based Work Academies, bootcamps) with GM Working Well suite of programmes to support jobseekers into roles within priority sectors, including social care, hospitality, logistics.  ",GMCA JCP  Skills providers  ,Ongoing  
"Continue to develop the Elemental social prescribing platform linked to the GM Working Well suite to test innovative approaches to referring residents to a wide menu of integrated support and services, including skills and employability interventions, in order to tackle the link between poor health, low skills and worklessness.  ",GMCA GMHSCP JCP  Ingeus  ,Ongoing  
Work with partners delivering UK Community Renewal Fund and Levelling Up Fund projects in 2022 to ensure successful delivery and integration into existing GM/district labour market support landscape.  ,ESAP/GMCA  Providers  DLUHC  ,CRF: to June 2022 LUF: ongoing  
