﻿"Young people leave education and training ready to succeed in the labour market, with a balance of academic, technical and ‘life ready’ skills  ","Careers & Enterprise: GM Careers Hub extended to deliver full coverage with Careers Leaders across GM, together with 190 Enterprise Advisers matched to almost every school and college across GM, with all school/college Careers Leaders receiving regular CPD alongside support from their Enterprise Coordinator and Enterprise Adviser  "
,"Wellbeing and Life Readiness: 40,000 secondary school pupils across GM took part in the #BeeWell survey in autumn 2021, co-designed by young people and building on GM’s previous year 10 Life Readiness surveys  "
,Gatsby Benchmarks: 34 schools/colleges are fully implementing all eight Benchmarks and nearly a quarter are fully implementing seven Benchmarks  
,"GMACS: Over 100,000 student users of GMACS  "
,"Meet Your Future: campaign reached just under 50,000 young people in 2020/2021, with more opportunities to engage planned in 2022  "
,"Pledge 5: Over 300 employer pledges received for opportunities (eg workplace experiences, apprenticeships, mentoring and traineeships) for c.1,500 young people as part of a Mayoral initiative to engage new GM employers in supporting the talent pipeline  "
,"NEET: £10m ESF NEET and Youth Employment programme commissioned to support 6,000 young people and young adults (15-24yrs) not in education, employment or training  "
,"Young Person’s Guarantee: System engagement across GM’s public sector, VCSE sector and corporate partnerships, to join up services/offers and deliver against the YPG priorities identified by young people themselves.  "
"Adults can acquire the skills, mindset and support they need to fulfil their career potential and adapt to changing employer needs  ","Adult Education Budget: Funded almost a quarter of a million adult skills courses for 100,000 residents during the first two years of the devolved Adult Education Budget (c.£96 million/pa).  "
,"Level 3 Lifetime Skills Guarantee: rolled out the new L3 entitlement, supplemented with a GM qualifications list to extend the entitlement to occupational areas in GM not covered by the national offer  "
,Tackling Barriers: provided targeted funding to support access to AEB provision including a £1.5m Local Authority grants programme to tackle digital exclusion and barriers to accessing AEB and ESOL courses  
"throughout their lives, from entering employment for the first time through to highly skilled careers and retraining  ","ESOL Advice Service: worked with Local Authorities to scale up Manchester City Council’s ESOL Advice Service model, which has improved the assessment, referral and enrolment process for residents waiting for English language provision and shortened waiting lists  "
,"Retraining and Upskilling: Supported over 1,200 residents to date through Bootcamp pilots, with more in development, as well as supporting low-income self-employed people and individuals working in the gig economy to upskill through EnterprisingYou  "
,Covid-19 responsiveness: Introduced flexibilities to respond to changing needs during the pandemic and to fill gaps in national support  
,Older Apprentices: 160 over 50s were surveyed to understand their views of undertaking an apprenticeship to further their career or re-train to help develop our skills offer for older workers  
"Employers have access to a system that is flexible, resilient and adaptable, and which meets their needs in the rapidly changing 21st century world of work, driving a sustainable economic future for GM in which companies compete on the basis of high productivity, good quality work, and excellent employment practices  ","Skills for Growth SME Support: £7m programme has supported over 1,000 businesses and 1,300 individuals to Jan 2022  "
,"Sector-focused skills provision:  Seven specialist skills programmes with total value of £12.5m in place at Jan 2022, delivering higher level modular programmes for upskilling workers across priority sectors, with further specifications in development  "
,"GM Apprenticeship Levy Matchmaking Service: 500 new apprenticeship starts funded by levy transfers within GM since service launch in in August 2019, with a total value of £5m  "
,Removing Barriers to Apprenticeships: 7 small-scale pilot projects funded to tackle and better understand under-representation in our apprentice population. 99 learners engaged across the 7 projects  
,"Technical skills pipeline: By September 2022, all GM FE colleges will be delivering T levels, across four sectors. All nine FE colleges and three sixth form colleges have worked with Gatsby to prepare for roll-out, with five ‘community of practice’ networks established for subject specialists to share best practice  "
,"GM Public Sector Network: Continued collaboration / collective commissioning of apprenticeship provision across GM’s LAs, blue-light services and health & social care employers  "
"Residents are supported by a welfare system,  ","Work & Health Programme: Supported 19,200 residents to date through the devolved Working Well (Work & Health Programme), of whom more than 7,500 have entered work  "
"under Universal Credit, that provides access to good work for those who can, support for those who could, and care for those who can’t  ","Job Entry Targeted Support: £19.5m programme to support 20,000 newly/recently unemployed. Supported >10,000 residents, achieving 125% of the referral target and more than 200% of the job outcome target  "
,"Elemental: Launched social prescribing platform, enabling referral to a menu of integrated support & services to WW clients in GM  "
,"WW Early Help: £6.5m programme testing early intervention system; supported 3,000 residents who were newly unemployed or at risk of becoming so due to adverse health conditions  "
,"Specialist Employment Support: Launched £4m three-year service that will support 1,200 people with complex health needs and disabilities  "
