﻿From (status quo)  ,To (outcomes we want to achieve)  
People  
"Skills shortages in particular disciplines, sectors, places and roles, for example research managers or technicians.  ","Attracting enough people with the right skills, across all roles. Skills gaps filled. Future needs anticipated. A full pipeline bringing in the research and innovation workers of the future.  "
"Narrow career paths in R&D encourage fierce competition. Low awareness of the variety of career opportunities, precarity at early career stages and difficulty in securing long-term roles & moving between sectors, roles and disciplines.  ","Dynamic, varied and sustainable career paths that allow movement across the system – especially between academia and other sectors, including business, the third sector and public sector.  "
There is a variable quality of leadership practice and models of leadership that need to change to bring about wider culture change and enable the sector to get the best out of everyone.  ,"Great leadership skills at all levels, making the sector fit for the challenges it faces and enabling a positive and inclusive culture.  "
Culture  ,
"A research culture which is not seen as open and inclusive puts off and drives out talent, preventing individuals from producing their very best work.  ","There is a positive, inclusive and respectful culture that attracts a diversity of people to work and thrive in R&D in the UK and encourages them to stay.  "
"Incentives, particularly in academia, that value too narrow a range of contributions, drive undue pressures and undermine research in both its culture and its outputs.  ",Everyone working in research is encouraged to excel by clear recognition and reward of all the people and activities that lead to excellent research and innovation.  
"Issues with various forms of bullying and harassment, particularly in academia.  ",Bullying and harassment is no longer an issue in the sector because of a strong focus on prevention and tackling the root causes of these behaviours.  
"Research, to a large extent, being perceived as an activity separate from the rest of society. This hampers development of an open and collaborative culture.  ",The sector works with wider society to make sure people feel confident to engage with and contribute to research and innovation.  
"A complex array of frameworks, assessment processes and incentives which have some unintended consequences, lead to unnecessary bureaucracy and hamper positive culture change.  ","Frameworks, assessment and incentives at an institutional level that encourage positive behaviours and support an inclusive culture.  "
Talent  
Gaps in the UK’s talent offer at different career stages results in a failure to develop and support people with potential  throughout their careers and creates a risk that we might lose them from the R&D sector in the UK for good.  ,People from all backgrounds are inspired into careers in research and innovation by the UK’s talent offer that supports them through all career stages.  
"The UK has a strong offer to globally mobile talent, but many nations are centring their recovery on R&D. We need to adapt to  increased competition for top global talent.  ","The UK will be the most exciting place in the world for top research and innovation talent to pursue a career, collaborate and enjoy an excellent quality of life.  "
