﻿Title  ,"One sentence description of the moonshot, ensuring it meets the 7 principles of a moonshot, is well-defined and timebound.  "
Rationale and Alignment:  What is the need for change in this area and how does it align with government priorities?  ,"The need for change and market or system failure that moonshot relates to, including the risks and/or negative consequences of not acting. This should be specific to the consequences for the UK, taking into account the global context. It should include how the moonshot aligns with current government strategy and priorities.  "
Innovation:  How is this novel / new / different?  ,How the moonshot is innovative in both concept and proposed execution.  
Capability:  In what ways is the UK well placed to become a world leader in this area?  ,"How the moonshot builds on existing strengths within the UK, and how this work would seek to deliver a significant acceleration of the UK’s global influence and strategic advantage in this area. Any specific weaknesses which the UK needs to improve or overcome in order to succeed in this moonshot.  "
Impact & Outcomes:  What are the anticipated impacts? When will these be realised?  ,"The anticipated short, medium and long term impacts and benefits of the moonshot (and it’s component missions) on the UK economy, it’s citizens, and the UK’s positioning on the world stage. This should include the direct impacts of the moonshot, and also potential opportunities which could reasonably be expected to arise as a consequence. Impacts and benefits should be expressed with timescales, to show those that are delivered at intermediate stages, and those which are only fully realised on successful delivery of the whole moonshot.  "
Deliverability:  What and who do you require to be involved to deliver this proposal successfully?  ,"The resources and organisations / institutions needed in order to deliver the moonshot successfully, including any risks and mitigations. This should show the distinct stages of work and the links between them. Any dependencies on other programmes of work, and any policy or regulatory changes which may pose a risk to or influence delivery.  "
International Collaboration:  How will you capitalise on the international community to maximise the benefits to the UK?  ,"How the moonshot includes utilisation of the international community to maximum effect, ensuring the UK is well placed to benefit from such collaboration and coordination. Clearly articulate the expected incremental value of working with international partners or collaborators relative to not doing so.  "
