﻿Name of programme  ,Programme summary (from programme websites)  ,Address/website link  
3M Young Innovators Challenge  ,"Competition-based STEM programme for primary and secondary schools across Berkshire, Leicestershire and Nottinghamshire. All entries to the competition are submitted for a British Science Association CREST Award at Discovery or Bronze Level.  ","3M Cain Road, Binfield, Bracknell, RG12 8HT  3M website  "
Apps for Good  ,"Technology education programme in which students create mobile apps and Internet of Things products that solve a social problem. Apps for Good provides free courses for teachers to use as part of the curriculum, as enrichment, or as a club, and runs a set of awards that the projects can be entered into.  ","White Bear Yard, Second Floor, 144a Clerkenwell Road, London, EC1R 5DF  Apps for Good website  "
BP Ultimate STEM Challenge  ,Competition-based STEM programme for UK students aged 11-14 which asks participants to design an innovative solution to a real-life problem.  ,BP Ultimate STEM Challenge website  
Equinor Young Imagineers  ,Nationwide competition for children aged 7-14 to inspire and engage more young people in STEM. The competition asks young people: “What one invention would you create to make tomorrow’s world a better place?  ,"88 Lower Marsh, Lambeth, London, SE1 7AB  Young Imagineers website  "
Faraday Challenge Days  ,"Delivered free of charge by the Institute of Engineering and Technology in partnership with 12 UK universities, Faraday Challenge Days are one-day STEM activities designed for six teams of six students aged 12-13 years.  ","Education 5-19, The IET, Michael Faraday House, Six Hills Way, Stevenage, Hertfordshire SG1 2AY  IET Faraday website  "
FixCamp  ,"Pilot programme delivered summer 2018 by Fixperts (see below). Workshops, day camps and week-long courses for 9-14 year olds. Using traditional and new materials and technologies attendees learn about problem-solving processes and devise creative solutions to the big problems of today. Teams are joined by expert ‘Coaches’(engineers, designers and makers).  ","First Floor, 16 Stannary Street, London, SE11 4AA  "
Fixperts  ,"Learning programme that challenges young people to use their imagination and skills to create ingenious solutions to everyday problems, developing a host of transferable skills from prototyping to collaboration. Fixperts offers a range of teaching formats to suit schools and universities, from hour-long workshops, to a term-long project, relevant to any creative design, engineering and STEM/STEAM studies.  ","First Floor, 16 Stannary Street, London, SE11 4AA  Fixperts website  "
Generation Innovation  ,Three-day work experience delivered in partnership with 10 of Northern Ireland’s most innovative companies.  ,"Catalyst Inc, The Innovation Centre, Queen’s Road, Belfast, BT3 9DT  Catalyst website  "
Google Science Fair  ,"Competition-based STEM programme for primary and secondary schools across Berkshire, Leicestershire and Nottinghamshi Competition-based STEM programme for 13-18 year olds which invites participants to identify a problem, develop and test solutions, and share their results in a report. Can be delivered in schools using teaching material and exercises developed by Google. re. All entries to the competition are submitted for a British Science Association CREST Award at Discovery or Bronze Level.  ",Google Science Fair website  
Innovate Guildford  ,"Competition-based STEM programme for 13-18 year olds which invites participants to identify a problem, develop and test solutions, and share their results in a report. Can be delivered in schools using teaching material and exercises developed by Google.  ","Millmead House, Millmead, Guildford GU2 4BB  Guildford Borough Council website  "
Institute of Imagination  ,"Runs events, camps, workshops and competitions for children and families at the Imagination Lab in Lambeth, including some free events focused on disadvantaged communities.  ","Second Home, 68 Hanbury St, London E1 5JL  Institute of Imagination website  "
Lab 13  ,"A space where children explore science, investigate their own questions and turn their ideas for inventions into reality. With the support of their Scientist/Inventor-in-Residence Carole Kenrick, pupils engage in enquiry-led and hands-on learning within and beyond their usual science lessons. The Lab_13 Management Committee (pupils aged nine to eleven) plan and lead whole-school STEAM engagement projects.  ","Gillespie Rd, Highbury, London N5 1LH  Gillespie School website  "
Leaders Award  ,"Competition-based programme that asks students “If you were an engineer, what would you do?” Children in early years, primary and secondary schools are invited to interview an engineer, identify a problem, draw and annotate a solution and explain why their solution should be manufactured by engineers.  ","MS Technology Park, Billington Road, Burnley,  BB11 5UB  Leaders Award website  "
Little Inventors  ,"Invites children to become the inventors of tomorrow, by drawing invention ideas to imagine what our world might look like in the future. The programme is delivered through regional challenges and in schools with resource packs for free download from the Little Inventors website  ","26 Granville Court, Newcastle Upon Tyne, England, NE2 1TQ  Little Inventors website  "
Longitude Explorer Prize  ,"STEM and enterprise competition which challenges young people (11-16) in school teams to develop innovative solutions to pressing societal issues. Teams come up with an idea, with the top 10 visiting an induction event and being supported to develop prototypes and workbooks, before pitching their ideas to a judging panel.  ","58 Victoria Embankment, London EC4Y 0DS  Longitude Explorer Prize website  "
Makerclub  ,"Runs clubs in innovation centres, colleges and community spaces in Brighton, Bournemouth, Beckton, and Greenwich where young people use kits to build solutions to challenges.  ","81 Palace Gardens Terrace, Kensington, London W8  4AT  Makerclub website  "
Micro:bit Global Challenge  ,"Micro:bit is a small programmable computer which is used to learn digital skills creativity. The Global Challenge 2018 asks children aged 8-12 to address one of the Sustainable Development Goals using the micro:bit. Children can enter individually or as teams, and are supported by teachers through resources developed by the Micro:bit Educational Foundation.  ","12 New Fetter Lane, London EC4A 1JP  Micro:bit Global Challenge website  "
Microsoft STEM Student Challenge  ,"The Challenge invites students to use their knowledge of STEM subjects together with research and creativity to imagine and depict (through a two minute video) an idea for a technology that could exist in 2037. Finalists are invited to a one-day event at Microsoft’s research lab in Cambridge, where they experience the future of computing first-hand and present their idea to world-leading computer science researchers and engineers, who select the winning teams.  ","21 Station Rd, Cambridge  CB1 2FB  Microsoft STEM Student Challenge website  "
Practical action: Design for a better world  ,A design challenge and competition for students to develop an idea for a technology that will address a global issue.  ,"Practical Action, The Robbins Building, 25 Albert Street, RUGBY, CV21 2SD  Practical Action website  "
Shell Bright Ideas Challenge  ,"Asking ‘What will cities look like in 2050?’, this STEM challenge for 11-14 year olds invites innovative ideas on how to solve a particular energy challenge that might face a future city.  ","Shell Centre, London SE1  7NA  Shell Bright Ideas website  "
Technovation Challenge  ,Coding challenge for girls aged 10-18 to produce an app that aims to solve a problem in the local community. Pitches and judging take place at regional and world levels.  ,Technovation website  
Teentech  ,"The Teentech Awards are a scheme for secondary and post-16 students that helps students to see how they might apply science and technology to real world problems. Teentech encourages students to develop their own ideas for making life better, simpler, safer or more fun. Participating schools are provided with a suggested structure and industry contacts.  ",Teentech website  
WIRED Next Generation of UK Innovators  ,"One-day event designed for students aged 13-19. Attendees are introduced to fascinating individuals who have forged new paths for their careers. Combining inspiring talks with hands-on workshops, this day motivates young people to dream up new ideas, and starts the important conversation on the type of future they want to build.  ","Vogue House, 1-2 Hanover Square, London W1S 1JU  WIRED website  "
WJEC Innovation Awards  ,"Working in conjunction with the Welsh Government, the WJEC Innovation Awards encourage young people in Wales to be technologically innovative and appreciate the importance of design and technology.  ","Eduqas (WJEC CBAC Ltd), 245 Western Avenue, Cardiff, CF5 2YX  WJEC website  "
Work West Thinc Schools  ,"Work West offers a unique innovators programme for school children with design thinking principles at the fore. The focus is on creativity, problem solving, teamwork and learning by doing.  ","Work West, 301 Glen Road, Belfast, BT11 8BU  Work West website  "
