﻿SIC 2007  letter  ,Sector description  ,Micro or small (1– 49 staff)  ,Medium (49–249 staff)  ,Large (250+ staff)  ,Total  
"B, C, D, E  ",Utilities or production (including manufacturing)  ,602  ,97  ,165  ,864  
F  ,Construction  ,768  ,47  ,62  ,877  
G  ,Retail or wholesale (including vehicle sales and repairs)  ,762  ,100  ,370  ,"1,232  "
H  ,Transport or storage  ,642  ,175  ,155  ,972  
I  ,Food or hospitality  ,431  ,78  ,86  ,595  
J  ,Information or communications  ,"1,112  ",115  ,211  ,"1,438  "
K  ,Finance or insurance  ,626  ,215  ,110  ,951  
"L, N  ",Administration or real estate  ,629  ,87  ,205  ,921  
M  ,"Professional, scientific or technical  ",911  ,86  ,197  ,"1,194  "
O  ,Other public sector  ,19  ,168  ,99  ,286  
P  ,Education (including academies)  ,819  ,106  ,69  ,994  
Q  ,"Health, social care or social work (including  NHS)  ",795  ,125  ,41  ,961  
"R, S  ","Entertainment, service or membership organisations  ",357  ,45  ,44  ,446  
,Total  ,"8,473  ","1,444  ","1,814  ","11,731  "
