﻿,Unweighted %  ,Weighted %  
Size  
Micro or small (1–49 staff)  ,78%  ,97%  
Medium (49–249 staff)  ,13%  ,3%  
Large (250+ staff)  ,9%  ,1%  
Sector  
Administration or real estate  ,8%  ,13%  
Construction  ,7%  ,13%  
"Entertainment, service or membership organisations  ",2%  ,7%  
Finance or insurance  ,8%  ,2%  
Food or hospitality  ,5%  ,10%  
Information or communications  ,11%  ,6%  
"Professional, scientific or technical  ",10%  ,15%  
Retail or wholesale  ,12%  ,18%  
Transport or storage  ,9%  ,4%  
Utilities or production (including manufacturing)  ,11%  ,7%  
Region  
East Midlands  ,7%  ,7%  
Eastern  ,10%  ,10%  
London  ,15%  ,12%  
North East  ,2%  ,2%  
North West  ,10%  ,9%  
Northern Ireland  ,4%  ,5%  
Scotland  ,8%  ,10%  
South East  ,16%  ,16%  
South West  ,9%  ,10%  
Wales  ,4%  ,4%  
West Midlands  ,8%  ,9%  
Yorkshire and Humberside  ,7%  ,8%  
