﻿Outcome  ,Total  
Total sample released  ,904  
Completed interviews  ,205  
Incomplete interviews  ,6  
Ineligible leads – established during screener  ,0  
Ineligible leads – established pre-screener  ,6  
Refusals  ,176  
Unusable leads with working numbers  ,122  
Unusable numbers  ,26  
Working numbers with unknown eligibility  ,363  
Expected eligibility of screened respondents  ,100%  
Expected eligibility of working numbers  ,75%  
Unadjusted response rate  ,22%  
Adjusted response rate  ,31%  
