﻿Top Four Factors Cited in 2016  ,Top Four Factors Cited in 2017  ,Top Four Factors Cited in 2018  
Increased workload on existing staff  ,Increased workload on existing staff  ,Increased workload on existing staff  
"Need to hire and train junior staff, rather than experienced cyber security professionals  ",Need to hire and train junior staff rather than experienced cyber security professionals  ,Inability to utilise/learn some security technologies to their full potential  
Inability to utilise/learn some security technologies to their full potential  ,Cyber security staff time is spent disproportionally on high priority events  ,Need to hire and train junior staff rather than experienced cyber security professionals  
Higher attrition and turnover in cyber security staff  ,Cyber security team has limited time to work with business units  ,Cyber security team has limited time to work with business units  
