﻿SIC 2007  letter  ,Sector description  ,Micro or small (1– 49 staff)  ,Medium (49–249 staff)  ,Large (250+ staff)  ,Total  
"B, C, D, E  ",Utilities or production (including manufacturing)  ,"1,393  ",102  ,181  ,"1,676  "
F  ,Construction  ,"3,939  ",52  ,69  ,"4,060  "
G  ,Retail or wholesale (including vehicle sales and repairs)  ,"2,433  ",108  ,410  ,"2,951  "
H  ,Transport or storage  ,"5,255  ",185  ,176  ,"5,616  "
I  ,Food or hospitality  ,"2,101  ",99  ,97  ,"2,297  "
J  ,Information or communications  ,"10,077  ",144  ,253  ,"10,474  "
K  ,Finance or insurance  ,1000  ,240  ,128  ,"1,368  "
"L, N  ",Administration or real estate  ,"3,924  ",110  ,224  ,"4,258  "
M  ,"Professional, scientific or technical  ","5,807  ",95  ,232  ,"6,134  "
O  ,Other public sector  ,76  ,199  ,113  ,388  
P  ,Education (including academies)  ,"3,396  ",122  ,70  ,"3,588  "
Q  ,"Health, social care or social work (including  NHS)  ","4,133  ",140  ,47  ,"4,320  "
"R, S  ","Entertainment, service or membership organisations  ","1,468  ",54  ,50  ,"1,572  "
,Total  ,"45,002  ","1,650  ","2,050  ","48,702  "
