﻿Outcome  ,Total  
Total sample released  ,"9,966  "
Completed interviews  ,"1,152  "
Incomplete interviews  ,51  
Ineligible leads – established during screener 12  ,315  
Ineligible leads – established pre-screener  ,84  
Refusals  ,"1,314  "
Unusable leads with working numbers13  ,"1,160  "
Unusable numbers14  ,"1,078  "
Working numbers with unknown eligibility15  ,"4,812  "
Expected eligibility of screened respondents16  ,79%  
Expected eligibility of working numbers17  ,55%  
Unadjusted response rate  ,11%  
Adjusted response rate  ,24%  
