﻿Outcome  ,Total  
Total sample released  ,562  
Completed interviews  ,201  
Incomplete interviews  ,5  
Ineligible leads – established during screener  ,9  
Ineligible leads – established pre-screener  ,10  
Refusals  ,69  
Unusable leads with working numbers  ,59  
Unusable numbers  ,15  
Working numbers with unknown eligibility  ,194  
Expected eligibility of screened respondents  ,92%  
Expected eligibility of working numbers  ,77%  
Unadjusted response rate  ,36%  
Adjusted response rate  ,48%  
