﻿Type of Training  ,Awareness / Board -Level  ,Introductory / Principles of Cyber Security  ,Introductory / Application Focus  ,Introductory (Bootcamp)  ,Intermediate / Advanced Courses  ,Online CPD (Ongoing)  
Level of Experience:  ,Limited – can be provided at all levels.  ,,Can be novice (no experience at all) to basic/intermediate (some background in networking/IT)  ,,Some background in IT / cyber security typically sought (applied experience or CompTIA Network+ etc)  ,Typically application / technique focused. Need to demonstrate experience.  
Time Commitment  ,Low (1-2 days)  ,"Step up from awareness, but typically 2-5 days.  ","With application focus  (i.e. a particular piece of software/technique), can be delivered within 1-4 weeks.  ","Core training delivered typically within an 8-12 week period, with cohort support for longer (9-12 months) period to find work opportunities. Can be augmented with prior online training.  ","Depends on course undertaken, but intermediate / practitioner courses can take 5-10 days (e.g. CISSP)  ",Varied (users can select modules for completion in own time).  
Training Platform  ,"Can be a mix of online theory, with time committed for board workshops  ",Can be online/classroom based.  ,"Typically uses online resources, but may require some F2F training and discussion. Can be online only (e.g. HackerHouse) but typically includes F2F interaction.  ",,Can become more classroom focused (with some access to online platforms) Can also do online courses/ book exams.  ,"Can be online/classroom based. Subject to experience, often online only.  "
Accreditatio ns / Qualification s?  ,No – but may enable organisational level accreditations / demonstrate commitment to good practice  ,Limited (basic)  ,More focus on certification / pass rate with respect to a single piece of software (e.g. IBM QRadar)  ,"Mixed. Training can be aligned to enabling completion of accreditation (CompTIA Network+/Security+, CISMP etc) or without accreditation/exam, but demonstration of skills-set (through meeting employers, completion of online labs)  ",Typically accreditation focused (exam at end). Customer knows end outcome.  ,"Can be gamified / platform certificates. Not necessarily formal qualifications, but often recognised in marketplace e.g. AWS Certified Security training.  "
Typical Entrants:  ,Board-level / staff  ,Open  ,"Can be from any background, but need to demonstrate basic aptitude / willingness to be involved within the sector. Recognition that entrance route must accommodate entrant requirements where diversity/inclusion is crucial e.g. 9-5pm can be challenging  ",,Intermediate-Level / those working within sector or IT aligned  ,"No formal barriers to entry, but prerequisite knowledge advised  "
Typical Financial Model:  ,Typically B2B (reflected in a business’ internal investment in cyber security)  ,Limited/low cost. Can either be B2B (classroom setting) or online courses often free/low cost.  ,"CSIIF projects currently receiving match funding. Stakeholder consultation indicating that industry is willing to engage and support financially; however, government funding needed to adequately finance projects and ensure diversity.  ",,"Privately funded – could be by individual or business. Costs for CISSP might vary from between £500 (for exam only) to £3,000 (incl. classroom training)  ","Can be low cost (online training at scale). Some providers B2B (e.g. Immersive Labs for Digital Academy model), others with individual and business pricing.  "
Example Providers:  ,"QA, Xyone Cyber, The Defence Works  ",Some private (incl. GCHQ accredited) also OU FutureLearn  ,"SaluteMyJob, Worcester Community SOC  ","CompTIA (CyberReady), QA with Women Tech Jobs  ","BlueScreen IT, Crucial Academy  ","Immersive Labs, CompTIA, QA – but also A Cloud Guru, Udemy, Udacity, Linux Academy etc.  "
