﻿Number  ,Title  ,Reference  
1st  ,Biodiversity in the UK: bloom or bust?  ,HC 136  
2nd  ,The UK’s footprint on global biodiversity  ,HC 674  
1st Special  ,Energy efficiency of existing homes: Government Response to the Committee’s Fourth Report of Session 2019–21  ,HC 135  
2nd Special  ,Growing back better: putting nature and net zero at the heart of the economic recovery: Government and Bank of England Responses to the Committee’s Third Report of Session 2019–21  ,HC 327  
3rd Special  ,Biodiversity in the UK: bloom or bust?: Government Response to the Committee’s First Report  ,HC 727  
Session 2019–21  
Number  ,Title  ,Reference  
1st  ,Electronic Waste and the Circular Economy  ,HC 220  
2nd  ,Pre-appointment hearing for the Chair-Designate of the Office for Environmental Protection (OEP)  ,HC 1042  
3rd  ,Growing back better: putting nature and net zero at the heart of the economic recovery  ,HC 347  
4th  ,Energy Efficiency of Existing Homes  ,HC 346  
1st Special  ,Invasive species: Government response to the Committee’s First report of Session 2019  ,HC 332  
2nd Special  ,"Our Planet, Our Health: Government Response to the Twenty-First Report of Session 2017–19  ",HC 467  
3rd Special  ,Electronic Waste and the Circular Economy: Government Response to the Committee’s First Report  ,HC 1268  
