﻿,Greenpeace UK (GRJ0027)  
31  ,"Greig, Dr Alison (Director of Education for Sustainability, Ruskin, Anglia University); and Strachen, Ms Sarah (Research Assistant, Anglia Ruskin University) (GRJ0032)  "
32  ,Groundwork UK (GRJ0015)  
33  ,Hubbub Foundation (GRJ0002)  
34  ,IEMA - Institute of Environmental Management and Assessment (GRJ0025)  
,Imperial College London (GRJ0045)  
36  ,Institute for Public Policy Research (GRJ0059)  
37  ,Institution of Engineering and Technology (GRJ0031)  
38  ,Investment Association (GRJ0040)  
39  ,Local Government Association (GRJ0016)  
,Mineral Wool Insulation Manufacturers Association (MIMA) (GRJ0026)  
41  ,"Moyo, Miss Nicolle (Student, University of East Anglia) (GRJ0010)  "
42  ,National Express West Midlands (GRJ0007)  
43  ,"National Union of Rail, Maritime & Transport Workers (RMT) (GRJ0012)  "
44  ,National Grid (GRJ0043)  
,New Anglia LEP (GRJ0037)  
46  ,NNB Generation Company (SZC) Ltd; Laing O’Rourke; Doosan Babcock; EDF Energy; EDF Energy; NNB Generation Company (SZC) Ltd; and Agilia Infrastructure Partners  (GRJ0061)  
47  ,OGUK (GRJ0033)  
48  ,"Petersen, Graham (Secretary, Greener Jobs Alliance) (GRJ0066)  "
49  ,Platform (GRJ0051)  
,Public and Commercial Services (PCS) trade union (GRJ0044)  
