﻿"Libby Peake, Head of Resource Policy, Green Alliance; Luke Murphy, Associate Director for Energy, Climate, Housing and Infrastructure, Institute for Public Policy Research; Mike Hemsley, Team Leader, Carbon Budgets, Climate Change Committee  ",Q1–37  
"Sue Ferns, Deputy General Secretary, Trades Union Congress (TUC); Professor Josie Fraser, Deputy Vice Chancellor, Open University, Skills & Education Panel member, Institution of Engineering and Technology; Mr Martin Baxter, Director of Policy and External Affairs and Deputy CEO, Institute of Environmental Management and Assessment  ",Q38–66  
"Wednesday 03 March 2021  Ms Charlotte Bonner, National Head of Education for Sustainable Development (ESD), Education and Training Foundation (ETF); Mr Iain Patton, Chief Executive Officer, EAUC - The Alliance for Sustainability Leadership in Education; Meg Baker, Director of Education, Students Organising for Sustainability UK (SOS-UK); Graham Petersen, Secretary, Greener Jobs Alliance; Lee Jowett, Fellow, National Association for Environmental Education, Sustainable Schools Coordinator, Leicester City Council  ",Q67–84  
"Samantha Smith, Director, Just Transition Centre; Kevin Bentley, Chair, Local Government Association’s People & Places Board, Conservative Councillor, Stanway & Pyefleet Division, Colchester, Essex County Council; Richard Kendall, Executive Director, Humber Local Enterprise Partnership  ",Q85–112  
Wednesday 12 May 2021  
"Jane Cooper, UK Stakeholder Relations & Regulatory Affairs, Orsted; Dr Adam Read, External Affairs Director, SUEZ Recycling and Recovery UK Ltd; Venetia Knight, Head of Employment and Enterprise at Groundwork Greater Manchester, Groundwork  ",Q113–137  
"Andrew Mennear, Director, UK Government Affairs, BP; Peter Walters, Head of Environment and Sustainability, Chemical Industries Association  ",Q138–169  
