﻿Characteristic  ,,R&I  workforce  ,Entire UK workforce  (LFS  2021)  ,R&D  workforce  (LFS 2020)  
Gender  ,Men  ,71%  ,53%  ,73%  
,Women  ,29%  ,47%  ,27%  
Age  ,16 – 34  ,7%  ,35%  ,36%  
,35 – 44  ,23%  ,22%  ,26%  
,45 – 54  ,30%  ,22%  ,21%  
,55 – 64  ,26%  ,17%  ,14%  
,65+  ,13%  ,4%  ,3%  
Ethnicity  ,White  ,89%  ,86%  ,84%  
,Asian / Asian British  ,5%  ,7%  ,10%  
,Black / Black British  ,2%  ,3%  ,2%  
,Mixed  ,2%  ,1%  ,2%  
,Other  ,3%  ,2%  ,2%  
Nationality  ,British (including dual citizenship)  ,86%  ,86%  ,83%  
,Non-British  ,14%  ,14%  ,17%  
Work limiting disability  ,Yes  ,9%  ,4%  ,2%  
,No  ,91%  ,96%  ,98%  
