﻿Location  ,This R&I workforce survey  ,UK workforce in R&D occupations  (LFS 2020)  ,Entire UK workforce  (LFS 2021)31  ,Higher Education staff  (HESA  2020/21)  
North East  ,4%  ,3%  ,4%  ,4%  
North West  ,7%  ,9%  ,11%  ,9%  
Yorkshire and The Humber  ,8%  ,7%  ,8%  ,7%  
East Midlands  ,6%  ,6%  ,7%  ,6%  
West Midlands  ,6%  ,7%  ,9%  ,7%  
East of England  ,10%  ,9%  ,10%  ,6%  
London  ,19%  ,18%  ,15%  ,22%  
South East  ,15%  ,16%  ,14%  ,14%  
South West  ,9%  ,8%  ,8%  ,7%  
England  ,84%  ,85%  ,85%  ,83%  
Scotland  ,10%  ,8%  ,8%  ,11%  
Wales  ,3%  ,5%  ,4%  ,4%  
Northern Ireland  ,1%  ,2%  ,3%  ,2%  
