﻿Highest educational attainment  ,Employment sector  
,Private sectorbusinesses  ,HE institutions  ,FE colleges  ,Public sectorresearch organisations ,NHS ,Local ornationalgovernment ,Other public sector ,Non-profit organisations  
Doctorate  ,34%  ,91%  ,43%  ,70%  ,70%  ,35%  ,34%  ,53%  
Master’s / other postgrad  ,27%  ,5%  ,29%  ,16%  ,16%  ,35%  ,33%  ,26%  
Undergrad degree  ,22%  ,2%  ,14%  ,8%  ,6%  ,21%  ,18%  ,11%  
Qualification below undergrad degree  ,10%  ,1%  ,8%  ,3%  ,5%  ,5%  ,10%  ,6%  
No qualifications (of those listed)  ,7%  ,1%  ,6%  ,2%  ,3%  ,3%  ,5%  ,3%  
Total  ,100%  ,100%  ,100%  ,100%  ,100%  ,100%  ,100%  ,100%  
