﻿,All (weighted)  ,Private sector businesses  ,Higher Education institutions  ,Further education colleges  ,Public sector research organisations  ,National Health Service  ,Local or national government  ,Other public sector  ,Non-profit  
"AI, Digital and Advanced Computing  ",32%  ,40%  ,25%  ,45%  ,37%  ,33%  ,34%  ,24%  ,32%  
Energy and Environment Technologies  ,22%  ,27%  ,16%  ,37%  ,27%  ,4%  ,26%  ,26%  ,22%  
Advanced Materials and Manufacturing  ,18%  ,23%  ,13%  ,27%  ,18%  ,5%  ,13%  ,14%  ,12%  
Bioinformatics and Genomics  ,11%  ,7%  ,15%  ,18%  ,23%  ,34%  ,8%  ,7%  ,14%  
Robotics and Smart Machines  ,11%  ,15%  ,7%  ,24%  ,12%  ,8%  ,12%  ,9%  ,13%  
"Electronics, Photonics and Quantum  ",10%  ,13%  ,8%  ,14%  ,14%  ,3%  ,7%  ,3%  ,7%  
Engineering Biology  ,7%  ,7%  ,9%  ,10%  ,9%  ,7%  ,5%  ,3%  ,4%  
None of the above  ,34%  ,24%  ,44%  ,24%  ,28%  ,41%  ,45%  ,45%  ,43%  
