﻿Sector  ,Mainly Frascati  R&D ,Basic research  ,Applied research ,Experimentaldevelopment ,Manly non-Frascati  R&D ,Market research  ,Acquisition and adaptation oftechnology new to  ,R&D or innovationmanagement  
Private sector  ,42%  ,36%  ,51%  ,67%  ,80%  ,88%  ,80%  ,75%  
Higher Education  ,59%  ,65%  ,50%  ,36%  ,22%  ,16%  ,23%  ,29%  
Further Education  ,1%  ,1%  ,1%  ,1%  ,1%  ,2%  ,1%  ,2%  
Public sector research organisation  ,4%  ,5%  ,5%  ,5%  ,4%  ,5%  ,6%  ,6%  
NHS  ,2%  ,2%  ,2%  ,2%  ,2%  ,2%  ,3%  ,3%  
Local or national government  ,3%  ,3%  ,3%  ,3%  ,4%  ,4%  ,4%  ,4%  
Other public sector  ,1%  ,2%  ,2%  ,2%  ,2%  ,3%  ,3%  ,2%  
Non-profit  ,5%  ,5%  ,5%  ,6%  ,7%  ,8%  ,7%  ,6%  
