{"version": {"json_export": "192", "page_segmentation": "5", "schema": "1.1.0", "structure": "1.1065.0", "table_structure": "5"}, "extended_metadata": {"ID_instance": "01 84 CF 3E 6D B8 B2 11 0A 00 67 45 8B 6B C6 23 ", "ID_permanent": "31 44 20 37 33 20 43 41 20 33 45 20 36 44 20 42 38 20 42 32 20 31 31 20 30 41 20 30 30 20 36 37 20 34 35 20 38 42 20 36 42 20 43 36 20 32 33 20 ", "pdf_version": "1.6", "pdfa_compliance_level": "", "is_encrypted": false, "has_acroform": false, "is_digitally_signed": false, "pdfua_compliance_level": "", "page_count": 11, "has_embedded_files": false, "is_certified": false, "is_XFA": false, "language": "en"}, "elements": [{"Bounds": [39.0147705078125, 786.1529388427734, 66.4852294921875, 805.8915710449219], "ClipBounds": [39.19007873535156, 786.1529388427734, 66.31007385253906, 805.8915710449219], "Page": 0, "Path": "//Document/Figure", "attributes": {"BBox": [39.238399999998364, 786.1219999999739, 66.23729999999705, 805.8009999999776], "Placement": "Block"}}, {"Bounds": [39.25, 776.8475036621094, 165.57305908203125, 813.7475128173828], "ClipBounds": [39.25, 776.8475036621094, 165.57305908203125, 813.7475128173828], "Font": {"alt_family_name": "Helvetica", "embedded": true, "encoding": "Identity-H", "family_name": "Helvetica", "font_type": "CIDFontType2", "italic": false, "monospaced": false, "name": "EAAAAA+Helvetica-Bold", "subset": true, "weight": 700}, "HasClip": true, "Lang": "en", "Page": 0, "Path": "//Document/Title/Reference", "Text": "(<https://www.gov.uk/>)GOV.UK ", "TextSize": 22.5, "attributes": {"LineHeight": 27, "SpaceAfter": 18}}, {"Bounds": [39.25, 727.6884002685547, 80.07342529296875, 750.1223907470703], "ClipBounds": [39.25, 727.6884002685547, 80.07342529296875, 750.1223907470703], "Font": {"alt_family_name": "Helvetica", "embedded": true, "encoding": "Identity-H", "family_name": "Helvetica", "font_type": "CIDFontType2", "italic": false, "monospaced": false, "name": "DAAAAA+Helvetica", "subset": true, "weight": 400}, "HasClip": true, "Page": 0, "Path": "//Document/P/StyleSpan/Reference", "Text": "Home ", "TextSize": 13.9949951171875}, {"Bounds": [39.25, 727.6884002685547, 384.9194641113281, 750.1223907470703], "ClipBounds": [39.25, 727.6884002685547, 384.9194641113281, 750.1223907470703], "Font": {"alt_family_name": "Helvetica", "embedded": true, "encoding": "Identity-H", "family_name": "Helvetica", "font_type": "CIDFontType2", "italic": false, "monospaced": false, "name": "DAAAAA+Helvetica", "subset": true, "weight": 400}, "HasClip": true, "Lang": "en", "Page": 0, "Path": "//Document/P", "Text": "(<https://www.gov.uk/government/publications/understanding-the-uk-ai-labour-market-2020>)Understanding the UK AI labour market: 2020 ", "TextSize": 13.9949951171875, "attributes": {"LineHeight": 16.75, "SpaceAfter": 18}}, {"Bounds": [45.25, 677.2302398681641, 113.60725402832031, 692.4109802246094], "ClipBounds": [45.25, 677.2302398681641, 113.60725402832031, 692.4109802246094], "Font": {"alt_family_name": "Helvetica Neue", "embedded": true, "encoding": "Identity-H", "family_name": "Helvetica Neue", "font_type": "CIDFontType2", "italic": false, "monospaced": false, "name": "FAAAAA+HelveticaNeue", "subset": true, "weight": 400}, "HasClip": true, "Page": 0, "Path": "//Document/P[2]/ParagraphSpan/Reference/Sub/StyleSpan", "Text": "Department for ", "TextSize": 9.75, "attributes": {"TextDecorationColor": [0, 0, 0], "TextDecorationThickness": 0, "TextDecorationType": "Underline"}}, {"Bounds": [45.25, 663.7302398681641, 114.50425720214844, 678.9109802246094], "ClipBounds": [45.25, 663.7302398681641, 114.50425720214844, 678.9109802246094], "Font": {"alt_family_name": "Helvetica Neue", "embedded": true, "encoding": "Identity-H", "family_name": "Helvetica Neue", "font_type": "CIDFontType2", "italic": false, "monospaced": false, "name": "FAAAAA+HelveticaNeue", "subset": true, "weight": 400}, "HasClip": true, "Page": 0, "Path": "//Document/P[2]/ParagraphSpan/Reference/Sub[2]", "Text": "Digital, Culture, ", "TextSize": 9.75, "attributes": {"Placement": "Block"}}, {"Bounds": [45.25, 650.2302398681641, 110.17524719238281, 665.4109802246094], "ClipBounds": [45.25, 650.2302398681641, 110.17524719238281, 665.4109802246094], "Font": {"alt_family_name": "Helvetica Neue", "embedded": true, "encoding": "Identity-H", "family_name": "Helvetica Neue", "font_type": "CIDFontType2", "italic": false, "monospaced": false, "name": "FAAAAA+HelveticaNeue", "subset": true, "weight": 400}, "HasClip": true, "Page": 0, "Path": "//Document/P[2]/ParagraphSpan/Reference/Sub[3]", "Text": "Media & Sport ", "TextSize": 9.75, "attributes": {"Placement": "Block"}}, {"Bounds": [193.28500366210938, 677.2302398681641, 201.07521057128906, 692.4109802246094], "ClipBounds": [193.28500366210938, 677.2302398681641, 201.07521057128906, 692.4109802246094], "Font": {"alt_family_name": "Helvetica Neue", "embedded": true, "encoding": "Identity-H", "family_name": "Helvetica Neue", "font_type": "CIDFontType2", "italic": false, "monospaced": false, "name": "FAAAAA+HelveticaNeue", "subset": true, "weight": 400}, "HasClip": true, "Page": 0, "Path": "//Document/P[2]/ParagraphSpan[2]/Reference/Sub/StyleSpan/DirectEntrySpan", "Text": "ffi", "TextSize": 9.75}, {"Bounds": [243.49740600585938, 677.2302398681641, 248.54795837402344, 692.4109802246094], "ClipBounds": [243.49740600585938, 677.2302398681641, 248.54795837402344, 692.4109802246094], "Font": {"alt_family_name": "Helvetica Neue", "embedded": true, "encoding": "Identity-H", "family_name": "Helvetica Neue", "font_type": "CIDFontType2", "italic": false, "monospaced": false, "name": "FAAAAA+HelveticaNeue", "subset": true, "weight": 400}, "HasClip": true, "Page": 0, "Path": "//Document/P[2]/ParagraphSpan[2]/Reference/Sub/StyleSpan/DirectEntrySpan[2]", "Text": "fi", "TextSize": 9.75}, {"Bounds": [185.875, 677.2302398681641, 265.78590393066406, 692.4109802246094], "ClipBounds": [185.875, 677.2302398681641, 265.78590393066406, 692.4109802246094], "Font": {"alt_family_name": "Helvetica Neue", "embedded": true, "encoding": "Identity-H", "family_name": "Helvetica Neue", "font_type": "CIDFontType2", "italic": false, "monospaced": false, "name": "FAAAAA+HelveticaNeue", "subset": true, "weight": 400}, "HasClip": true, "Page": 0, "Path": "//Document/P[2]/ParagraphSpan[2]/Reference/Sub/StyleSpan", "Text": "Oce for Articial ", "TextSize": 9.75, "attributes": {"TextDecorationColor": [0, 0, 0], "TextDecorationThickness": 0, "TextDecorationType": "Underline"}}, {"Bounds": [185.875, 663.7302398681641, 237.7840118408203, 678.9109802246094], "ClipBounds": [185.875, 663.7302398681641, 237.7840118408203, 678.9109802246094], "Font": {"alt_family_name": "Helvetica Neue", "embedded": true, "encoding": "Identity-H", "family_name": "Helvetica Neue", "font_type": "CIDFontType2", "italic": false, "monospaced": false, "name": "FAAAAA+HelveticaNeue", "subset": true, "weight": 400}, "HasClip": true, "Page": 0, "Path": "//Document/P[2]/ParagraphSpan[2]/Reference/Sub[2]", "Text": "Intelligence ", "TextSize": 9.75, "attributes": {"Placement": "Block"}}, {"Bounds": [61.75, 578.7619934082031, 248.32000732421875, 607.6159973144531], "ClipBounds": [61.75, 578.7619934082031, 248.32000732421875, 607.6159973144531], "Font": {"alt_family_name": "Helvetica", "embedded": true, "encoding": "Identity-H", "family_name": "Helvetica", "font_type": "CIDFontType2", "italic": false, "monospaced": false, "name": "BAAAAA+Helvetica", "subset": true, "weight": 400}, "HasClip": true, "Page": 0, "Path": "//Document/H1/Sub", "Text": "Research and analysis ", "TextSize": 18.0, "attributes": {"Placement": "Block"}}, {"Bounds": [150.70480346679688, 537.5303955078125, 170.25350952148438, 590.002197265625], "ClipBounds": [150.70480346679688, 537.5303955078125, 170.25350952148438, 590.002197265625], "Font": {"alt_family_name": "Helvetica", "embedded": true, "encoding": "Identity-H", "family_name": "Helvetica", "font_type": "CIDFontType2", "italic": false, "monospaced": false, "name": "CAAAAA+Helvetica-Bold", "subset": true, "weight": 700}, "HasClip": true, "Page": 0, "Path": "//Document/H1/Sub[2]/DirectEntrySpan", "Text": "fi", "TextSize": 31.9949951171875}, {"Bounds": [61.75, 464.0058898925781, 484.0235900878906, 590.002197265625], "ClipBounds": [61.75, 464.0058898925781, 484.0235900878906, 590.002197265625], "Font": {"alt_family_name": "Helvetica", "embedded": true, "encoding": "Identity-H", "family_name": "Helvetica", "font_type": "CIDFontType2", "italic": false, "monospaced": false, "name": "CAAAAA+Helvetica-Bold", "subset": true, "weight": 700}, "HasClip": true, "Page": 0, "Path": "//Document/H1/Sub[2]", "Text": "9 key ndings from Understanding the UK AI labour market: 2020 Report ", "TextSize": 31.9949951171875, "attributes": {"Placement": "Block"}}, {"Bounds": [61.75, 450.1883850097656, 211.510498046875, 472.62237548828125], "ClipBounds": [61.75, 450.1883850097656, 211.510498046875, 472.62237548828125], "Font": {"alt_family_name": "Helvetica", "embedded": true, "encoding": "Identity-H", "family_name": "Helvetica", "font_type": "CIDFontType2", "italic": false, "monospaced": false, "name": "DAAAAA+Helvetica", "subset": true, "weight": 400}, "HasClip": true, "Lang": "en", "Page": 0, "Path": "//Document/P[3]", "Text": "Published 18 May 2021 ", "TextSize": 13.9949951171875, "attributes": {"LineHeight": 16.75, "SpaceAfter": 18}}, {"Bounds": [28.0, 732.9199523925781, 86.5, 756.9199523925781], "ClipBounds": [28.0, 732.9199523925781, 86.5, 756.9199523925781], "Page": 1, "Path": "//Document/Figure[2]", "attributes": {"BBox": [27.95889999999963, 732.9639999999781, 86.5164999999979, 756.9629999999888], "Placement": "Block"}}, {"Bounds": [28.0, 673.7899932861328, 157.79681396484375, 688.2259979248047], "ClipBounds": [28.0, 673.7899932861328, 157.79681396484375, 688.2259979248047], "Font": {"alt_family_name": "", "embedded": true, "encoding": "Identity-H", "family_name": "", "font_type": "CIDFontType2", "italic": false, "monospaced": false, "name": "GAAAAA+_", "subset": true, "weight": 400}, "HasClip": true, "Lang": "en", "Page": 1, "Path": "//Document/P[4]", "Text": "\u00a9 Crown copyright 2021 ", "TextSize": 12.0, "attributes": {"LineHeight": 14.375, "SpaceAfter": 12}}, {"Bounds": [28.0, 619.0399780273438, 119.36799621582031, 633.4759826660156], "ClipBounds": [28.0, 619.0399780273438, 119.36799621582031, 633.4759826660156], "Font": {"alt_family_name": "", "embedded": true, "encoding": "Identity-H", "family_name": "", "font_type": "CIDFontType2", "italic": false, "monospaced": false, "name": "GAAAAA+_", "subset": true, "weight": 400}, "HasClip": true, "Page": 1, "Path": "//Document/P[5]/Reference/StyleSpan", "Text": "licence/version/3", "TextSize": 12.0, "attributes": {"TextDecorationColor": [0, 0, 0.9294129999999825], "TextDecorationThickness": 0, "TextDecorationType": "Underline"}}, {"Bounds": [27.999298095703125, 604.6699829101562, 567.8565216064453, 661.9759979248047], "ClipBounds": [27.999298095703125, 604.6699829101562, 567.8565216064453, 661.9759979248047], "Font": {"alt_family_name": "", "embedded": true, "encoding": "Identity-H", "family_name": "", "font_type": "CIDFontType2", "italic": false, "monospaced": false, "name": "GAAAAA+_", "subset": true, "weight": 400}, "HasClip": true, "Lang": "en", "Page": 1, "Path": "//Document/P[5]", "Text": "This publication is licensed under the terms of the Open Government Licence v3.0 except where (<https://www.nationalarchives.gov.uk/doc/open-government-licence/version/3>)otherwise stated. To view this licence, visit nationalarchives.gov.uk/doc/open-government- or write to the Information Policy Team, The National Archives, Kew, London TW9 4DU, or email: (<mailto:psi@nationalarchives.gov.uk>)psi@nationalarchives.gov.uk. ", "TextSize": 12.0, "attributes": {"LineHeight": 14.25, "SpaceAfter": 12}}, {"Bounds": [28.0, 564.2959899902344, 552.9371185302734, 592.9759826660156], "ClipBounds": [28.0, 564.2959899902344, 552.9371185302734, 592.9759826660156], "Font": {"alt_family_name": "", "embedded": true, "encoding": "Identity-H", "family_name": "", "font_type": "CIDFontType2", "italic": false, "monospaced": false, "name": "GAAAAA+_", "subset": true, "weight": 400}, "HasClip": true, "Lang": "en", "Page": 1, "Path": "//Document/P[6]", "Text": "Where we have identified any third party copyright information you will need to obtain permission from the copyright holders concerned. ", "TextSize": 12.0, "attributes": {"LineHeight": 14.25, "SpaceAfter": 11.875}}, {"Bounds": [28.0, 523.7899780273438, 552.2632293701172, 552.4759826660156], "ClipBounds": [28.0, 523.7899780273438, 552.2632293701172, 552.4759826660156], "Font": {"alt_family_name": "", "embedded": true, "encoding": "Identity-H", "family_name": "", "font_type": "CIDFontType2", "italic": false, "monospaced": false, "name": "GAAAAA+_", "subset": true, "weight": 400}, "HasClip": true, "Lang": "en", "Page": 1, "Path": "//Document/P[7]", "Text": "This publication is available at https://www.gov.uk/government/publications/understanding-the-uk-ai-labour-market-2020/9-key-findings-from-understanding-the-uk-ai-labour-market-2020-report ", "TextSize": 12.0, "attributes": {"LineHeight": 14.25, "SpaceAfter": 18}}, {"Bounds": [39.25, 774.5120086669922, 203.61880493164062, 804.0319976806641], "ClipBounds": [39.25, 774.5120086669922, 203.61880493164062, 804.0319976806641], "Font": {"alt_family_name": "Helvetica", "embedded": true, "encoding": "Identity-H", "family_name": "Helvetica", "font_type": "CIDFontType2", "italic": false, "monospaced": false, "name": "HAAAAA+Helvetica-Bold", "subset": true, "weight": 700}, "HasClip": true, "Lang": "en", "Page": 2, "Path": "//Document/H1[2]", "Text": "1. Skills shortages ", "TextSize": 18.0, "attributes": {"LineHeight": 21.625, "SpaceAfter": 18}}, {"Bounds": [39.25, 716.4440307617188, 554.7278594970703, 755.1402130126953], "ClipBounds": [39.25, 716.4440307617188, 554.7278594970703, 755.1402130126953], "Font": {"alt_family_name": "Helvetica", "embedded": true, "encoding": "Identity-H", "family_name": "Helvetica", "font_type": "CIDFontType2", "italic": false, "monospaced": false, "name": "IAAAAA+Helvetica-Bold", "subset": true, "weight": 700}, "HasClip": true, "Lang": "en", "Page": 2, "Path": "//Document/H2", "Text": "Firms reported shortages of candidates in the labour market with AI and data science skills ", "TextSize": 13.9949951171875, "attributes": {"LineHeight": 15.875, "SpaceAfter": 13.375}}, {"Bounds": [39.25, 366.9200134277344, 556.75, 711.9200134277344], "ClipBounds": [39.25, 366.9200134277344, 556.75, 711.9200134277344], "Page": 2, "Path": "//Document/Figure[3]", "attributes": {"BBox": [39.238399999998364, 366.9789999999921, 556.7769999999728, 711.9649999999965], "Placement": "Block"}}, {"Bounds": [40.5625, 340.4825134277344, 45.4375, 345.3575134277344], "ClipBounds": [40.5625, 340.4825134277344, 45.4375, 345.3575134277344], "Page": 2, "Path": "//Document/L/LI/Lbl/Figure", "attributes": {"BBox": [40.79829999999856, 340.5799999999872, 45.35819999999876, 345.1399999999994], "Placement": "Block"}}, {"Bounds": [54.24165344238281, 300.1938934326172, 536.1315002441406, 354.8723602294922], "ClipBounds": [54.24165344238281, 300.1938934326172, 536.1315002441406, 354.8723602294922], "Font": {"alt_family_name": "Helvetica", "embedded": true, "encoding": "Identity-H", "family_name": "Helvetica", "font_type": "CIDFontType2", "italic": false, "monospaced": false, "name": "DAAAAA+Helvetica", "subset": true, "weight": 400}, "HasClip": true, "Page": 2, "Path": "//Document/L/LI/LBody", "Text": "A third (35%) of firms said that existing employees lacking technical skills had prevented them from meeting their business goals, and 49% said that job applicants lacking technical skills had done the same. ", "TextSize": 13.9949951171875}, {"Bounds": [39.25, 257.01197814941406, 149.60079956054688, 286.53196716308594], "ClipBounds": [39.25, 257.01197814941406, 149.60079956054688, 286.53196716308594], "Font": {"alt_family_name": "Helvetica", "embedded": true, "encoding": "Identity-H", "family_name": "Helvetica", "font_type": "CIDFontType2", "italic": false, "monospaced": false, "name": "HAAAAA+Helvetica-Bold", "subset": true, "weight": 700}, "HasClip": true, "Lang": "en", "Page": 2, "Path": "//Document/H1[3]", "Text": "2. Skills gap ", "TextSize": 18.0, "attributes": {"LineHeight": 21.625, "SpaceAfter": 18}}, {"Bounds": [39.25, 198.94400024414062, 558.6324615478516, 237.6401824951172], "ClipBounds": [39.25, 198.94400024414062, 558.6324615478516, 237.6401824951172], "Font": {"alt_family_name": "Helvetica", "embedded": true, "encoding": "Identity-H", "family_name": "Helvetica", "font_type": "CIDFontType2", "italic": false, "monospaced": false, "name": "IAAAAA+Helvetica-Bold", "subset": true, "weight": 700}, "HasClip": true, "Lang": "en", "Page": 2, "Path": "//Document/H2[2]", "Text": "Firms reported skills gaps among their existing employees working with AI or data science. ", "TextSize": 13.9949951171875, "attributes": {"LineHeight": 15.75, "SpaceAfter": 18}}, {"Bounds": [39.25, 461.41990661621094, 556.75, 806.4199066162109], "ClipBounds": [39.25, 461.41990661621094, 556.75, 806.4199066162109], "Page": 3, "Path": "//Document/Figure[4]", "attributes": {"BBox": [39.238399999998364, 461.4149999999936, 556.7769999999728, 806.4009999999835], "Placement": "Block"}}, {"Bounds": [40.5625, 434.98240661621094, 45.4375, 439.85740661621094], "ClipBounds": [40.5625, 434.98240661621094, 45.4375, 439.85740661621094], "Page": 3, "Path": "//Document/L[2]/LI/Lbl/Figure", "attributes": {"BBox": [40.79829999999856, 435.01699999999255, 45.35819999999876, 439.6959999999963], "Placement": "Block"}}, {"Bounds": [54.222015380859375, 394.6938018798828, 512.7682037353516, 449.3722686767578], "ClipBounds": [54.222015380859375, 394.6938018798828, 512.7682037353516, 449.3722686767578], "Font": {"alt_family_name": "Helvetica", "embedded": true, "encoding": "Identity-H", "family_name": "Helvetica", "font_type": "CIDFontType2", "italic": false, "monospaced": false, "name": "DAAAAA+Helvetica", "subset": true, "weight": 400}, "HasClip": true, "Page": 3, "Path": "//Document/L[2]/LI/LBody", "Text": "Technical skills gaps were reported in: understanding of AI concepts and algorithms (55%), programming skills and languages (52%), software and systems engineering (52%), and user experience (51%). ", "TextSize": 13.9949951171875}, {"Bounds": [40.5625, 382.48240661621094, 45.4375, 387.35740661621094], "ClipBounds": [40.5625, 382.48240661621094, 45.4375, 387.35740661621094], "Page": 3, "Path": "//Document/L[2]/LI[2]/Lbl/Figure", "attributes": {"BBox": [40.79829999999856, 382.5789999999979, 45.35819999999876, 387.13799999999173], "Placement": "Block"}}, {"Bounds": [54.25, 358.69390869140625, 547.5337371826172, 396.8722686767578], "ClipBounds": [54.25, 358.69390869140625, 547.5337371826172, 396.8722686767578], "Font": {"alt_family_name": "Helvetica", "embedded": true, "encoding": "Identity-H", "family_name": "Helvetica", "font_type": "CIDFontType2", "italic": false, "monospaced": false, "name": "DAAAAA+Helvetica", "subset": true, "weight": 400}, "HasClip": true, "Page": 3, "Path": "//Document/L[2]/LI[2]/LBody", "Text": "In the survey, two-thirds of firms (67%) expected that the demand for AI skills in their organisation was likely to increase in the next 12 months. ", "TextSize": 13.9949951171875}, {"Bounds": [39.25, 314.7618713378906, 170.57080078125, 344.28187561035156], "ClipBounds": [39.25, 314.7618713378906, 170.57080078125, 344.28187561035156], "Font": {"alt_family_name": "Helvetica", "embedded": true, "encoding": "Identity-H", "family_name": "Helvetica", "font_type": "CIDFontType2", "italic": false, "monospaced": false, "name": "HAAAAA+Helvetica-Bold", "subset": true, "weight": 700}, "HasClip": true, "Lang": "en", "Page": 3, "Path": "//Document/H1[4]", "Text": "3. Recruitment ", "TextSize": 18.0, "attributes": {"LineHeight": 21.625, "SpaceAfter": 18}}, {"Bounds": [39.25, 273.1882781982422, 559.3717498779297, 296.14007568359375], "ClipBounds": [39.25, 273.1882781982422, 559.3717498779297, 296.14007568359375], "Font": {"alt_family_name": "Helvetica", "embedded": true, "encoding": "Identity-H", "family_name": "Helvetica", "font_type": "CIDFontType2", "italic": false, "monospaced": false, "name": "IAAAAA+Helvetica-Bold", "subset": true, "weight": 700}, "HasClip": true, "Lang": "en", "Page": 3, "Path": "//Document/H2[3]", "Text": "Firms reported finding it hard to fill all their AI and data science job vacancies ", "TextSize": 13.9949951171875, "attributes": {"LineHeight": 16.75, "SpaceAfter": 18}}, {"Bounds": [39.25, 461.41990661621094, 556.75, 806.4199066162109], "ClipBounds": [39.25, 461.41990661621094, 556.75, 806.4199066162109], "Page": 4, "Path": "//Document/Figure[5]", "attributes": {"BBox": [39.238399999998364, 461.4149999999936, 556.7769999999728, 806.4009999999835], "Placement": "Block"}}, {"Bounds": [40.5625, 434.98240661621094, 45.4375, 439.85740661621094], "ClipBounds": [40.5625, 434.98240661621094, 45.4375, 439.85740661621094], "Page": 4, "Path": "//Document/L[3]/LI/Lbl/Figure", "attributes": {"BBox": [40.79829999999856, 435.01699999999255, 45.35819999999876, 439.6959999999963], "Placement": "Block"}}, {"Bounds": [54.220306396484375, 394.6882781982422, 542.9025573730469, 449.3722686767578], "ClipBounds": [54.220306396484375, 394.6882781982422, 542.9025573730469, 449.3722686767578], "Font": {"alt_family_name": "Helvetica", "embedded": true, "encoding": "Identity-H", "family_name": "Helvetica", "font_type": "CIDFontType2", "italic": false, "monospaced": false, "name": "DAAAAA+Helvetica", "subset": true, "weight": 400}, "HasClip": true, "Page": 4, "Path": "//Document/L[3]/LI/LBody", "Text": "Two-thirds of surveyed firms had tried to recruit in the last two years. Of those who had tried to recruit, word of mouth or industry networks was the most common channel (42%), and one in five (22%) had partnered with a university. ", "TextSize": 13.9949951171875}, {"Bounds": [40.5625, 382.48240661621094, 45.4375, 387.35740661621094], "ClipBounds": [40.5625, 382.48240661621094, 45.4375, 387.35740661621094], "Page": 4, "Path": "//Document/L[3]/LI[2]/Lbl/Figure", "attributes": {"BBox": [40.79829999999856, 382.5789999999979, 45.35819999999876, 387.13799999999173], "Placement": "Block"}}, {"Bounds": [54.23600769042969, 326.44390869140625, 559.7429809570312, 396.8722686767578], "ClipBounds": [54.23600769042969, 326.44390869140625, 559.7429809570312, 396.8722686767578], "Font": {"alt_family_name": "Helvetica", "embedded": true, "encoding": "Identity-H", "family_name": "Helvetica", "font_type": "CIDFontType2", "italic": false, "monospaced": false, "name": "DAAAAA+Helvetica", "subset": true, "weight": 400}, "HasClip": true, "Page": 4, "Path": "//Document/L[3]/LI[2]/LBody", "Text": "Among those that had vacancies in the last 2 years, 69% said that at least one vacancy was hard to fill. This was higher than in the cyber sector (57%). The bulk of hard-to-fill vacancies were among middle-management and other senior roles, which required 3 or more years of experience. ", "TextSize": 13.9949951171875}, {"Bounds": [39.25, 282.5118713378906, 177.5727996826172, 312.03187561035156], "ClipBounds": [39.25, 282.5118713378906, 177.5727996826172, 312.03187561035156], "Font": {"alt_family_name": "Helvetica", "embedded": true, "encoding": "Identity-H", "family_name": "Helvetica", "font_type": "CIDFontType2", "italic": false, "monospaced": false, "name": "HAAAAA+Helvetica-Bold", "subset": true, "weight": 700}, "HasClip": true, "Lang": "en", "Page": 4, "Path": "//Document/H1[5]", "Text": "4. Job postings ", "TextSize": 18.0, "attributes": {"LineHeight": 21.625, "SpaceAfter": 18}}, {"Bounds": [39.25, 224.43817138671875, 557.051025390625, 263.89007568359375], "ClipBounds": [39.25, 224.43817138671875, 557.051025390625, 263.89007568359375], "Font": {"alt_family_name": "Helvetica", "embedded": true, "encoding": "Identity-H", "family_name": "Helvetica", "font_type": "CIDFontType2", "italic": false, "monospaced": false, "name": "IAAAAA+Helvetica-Bold", "subset": true, "weight": 700}, "HasClip": true, "Lang": "en", "Page": 4, "Path": "//Document/H2[4]", "Text": "2020 had the highest number to date of online job vacancies related to AI and data science ", "TextSize": 13.9949951171875, "attributes": {"LineHeight": 16.5, "SpaceAfter": 18}}, {"Bounds": [39.25, 461.41990661621094, 556.75, 806.4199066162109], "ClipBounds": [39.25, 461.41990661621094, 556.75, 806.4199066162109], "Page": 5, "Path": "//Document/Figure[6]", "attributes": {"BBox": [39.238399999998364, 461.4149999999936, 556.7769999999728, 806.4009999999835], "Placement": "Block"}}, {"Bounds": [40.5625, 434.98240661621094, 45.4375, 439.85740661621094], "ClipBounds": [40.5625, 434.98240661621094, 45.4375, 439.85740661621094], "Page": 5, "Path": "//Document/L[4]/LI/Lbl/Figure", "attributes": {"BBox": [40.79829999999856, 435.01699999999255, 45.35819999999876, 439.6959999999963], "Placement": "Block"}}, {"Bounds": [54.23600769042969, 410.43817138671875, 554.8651580810547, 449.3722686767578], "ClipBounds": [54.23600769042969, 410.43817138671875, 554.8651580810547, 449.3722686767578], "Font": {"alt_family_name": "Helvetica", "embedded": true, "encoding": "Identity-H", "family_name": "Helvetica", "font_type": "CIDFontType2", "italic": false, "monospaced": false, "name": "DAAAAA+Helvetica", "subset": true, "weight": 400}, "HasClip": true, "Page": 5, "Path": "//Document/L[4]/LI/LBody", "Text": "2020 was the highest year to date for the number of online job vacancies related to AI and Data Science, with an increase of 16% from 2019 levels. ", "TextSize": 13.9949951171875}, {"Bounds": [40.5625, 398.98240661621094, 45.4375, 403.85740661621094], "ClipBounds": [40.5625, 398.98240661621094, 45.4375, 403.85740661621094], "Page": 5, "Path": "//Document/L[4]/LI[2]/Lbl/Figure", "attributes": {"BBox": [40.79829999999856, 399.0179999999964, 45.35819999999876, 403.6979999999894], "Placement": "Block"}}, {"Bounds": [54.2308349609375, 374.43817138671875, 550.7174682617188, 413.3722686767578], "ClipBounds": [54.2308349609375, 374.43817138671875, 550.7174682617188, 413.3722686767578], "Font": {"alt_family_name": "Helvetica", "embedded": true, "encoding": "Identity-H", "family_name": "Helvetica", "font_type": "CIDFontType2", "italic": false, "monospaced": false, "name": "DAAAAA+Helvetica", "subset": true, "weight": 400}, "HasClip": true, "Page": 5, "Path": "//Document/L[4]/LI[2]/LBody", "Text": "The job postings search identified 110,495 postings in AI and Data science from January to December 2020. ", "TextSize": 13.9949951171875}, {"Bounds": [40.5625, 362.98240661621094, 45.4375, 367.85740661621094], "ClipBounds": [40.5625, 362.98240661621094, 45.4375, 367.85740661621094], "Page": 5, "Path": "//Document/L[4]/LI[3]/Lbl/Figure", "attributes": {"BBox": [40.79829999999856, 363.0189999999857, 45.35819999999876, 367.69899999999325], "Placement": "Block"}}, {"Bounds": [54.20802307128906, 290.4438018798828, 559.2555999755859, 377.3722686767578], "ClipBounds": [54.20802307128906, 290.4438018798828, 559.2555999755859, 377.3722686767578], "Font": {"alt_family_name": "Helvetica", "embedded": true, "encoding": "Identity-H", "family_name": "Helvetica", "font_type": "CIDFontType2", "italic": false, "monospaced": false, "name": "DAAAAA+Helvetica", "subset": true, "weight": 400}, "HasClip": true, "Page": 5, "Path": "//Document/L[4]/LI[3]/LBody", "Text": "The annual number of job postings had more than doubled since 2014. More than half of these job posts were in London and the South East. London was a major hotspot for AI and data science roles, with 36,715 roles identified. This was followed by Cambridge (5,453), Manchester (3,619), Bristol (2,505), Edinburgh (2,365), Oxford (2,311) and Birmingham (2,095). ", "TextSize": 13.9949951171875}, {"Bounds": [40.5625, 278.23240661621094, 45.4375, 283.10740661621094], "ClipBounds": [40.5625, 278.23240661621094, 45.4375, 283.10740661621094], "Page": 5, "Path": "//Document/L[4]/LI[4]/Lbl/Figure", "attributes": {"BBox": [40.79829999999856, 278.3029999999999, 45.35819999999876, 282.9829999999929], "Placement": "Block"}}, {"Bounds": [54.23600769042969, 254.44390869140625, 548.6373901367188, 292.6222686767578], "ClipBounds": [54.23600769042969, 254.44390869140625, 548.6373901367188, 292.6222686767578], "Font": {"alt_family_name": "Helvetica", "embedded": true, "encoding": "Identity-H", "family_name": "Helvetica", "font_type": "CIDFontType2", "italic": false, "monospaced": false, "name": "DAAAAA+Helvetica", "subset": true, "weight": 400}, "HasClip": true, "Page": 5, "Path": "//Document/L[4]/LI[4]/LBody", "Text": "The mean advertised salary was \u00a354,800 for an AI and data science related job posting (with a median value of \u00a350,000). ", "TextSize": 13.9949951171875}, {"Bounds": [39.25, 210.51187133789062, 300.6566162109375, 240.03187561035156], "ClipBounds": [39.25, 210.51187133789062, 300.6566162109375, 240.03187561035156], "Font": {"alt_family_name": "Helvetica", "embedded": true, "encoding": "Identity-H", "family_name": "Helvetica", "font_type": "CIDFontType2", "italic": false, "monospaced": false, "name": "HAAAAA+Helvetica-Bold", "subset": true, "weight": 700}, "HasClip": true, "Lang": "en", "Page": 5, "Path": "//Document/H1[6]", "Text": "5. Barriers to filling vacancies ", "TextSize": 18.0, "attributes": {"LineHeight": 21.625, "SpaceAfter": 18}}, {"Bounds": [39.25, 152.43817138671875, 540.8168182373047, 191.89007568359375], "ClipBounds": [39.25, 152.43817138671875, 540.8168182373047, 191.89007568359375], "Font": {"alt_family_name": "Helvetica", "embedded": true, "encoding": "Identity-H", "family_name": "Helvetica", "font_type": "CIDFontType2", "italic": false, "monospaced": false, "name": "IAAAAA+Helvetica-Bold", "subset": true, "weight": 700}, "HasClip": true, "Lang": "en", "Page": 5, "Path": "//Document/H2[5]", "Text": "Skills shortages were most often the reason AI and data science vacancies were hard to fill ", "TextSize": 13.9949951171875, "attributes": {"LineHeight": 16.5, "SpaceAfter": 18}}, {"Bounds": [39.25, 461.4201354980469, 556.75, 806.4201354980469], "ClipBounds": [39.25, 461.4201354980469, 556.75, 806.4201354980469], "Page": 6, "Path": "//Document/Figure[7]", "attributes": {"BBox": [39.238399999998364, 461.4149999999936, 556.7769999999728, 806.4009999999835], "Placement": "Block"}}, {"Bounds": [40.5625, 434.9826354980469, 45.4375, 439.8576354980469], "ClipBounds": [40.5625, 434.9826354980469, 45.4375, 439.8576354980469], "Page": 6, "Path": "//Document/L[5]/LI/Lbl/Figure", "attributes": {"BBox": [40.79829999999856, 435.01699999999255, 45.35819999999876, 439.6959999999963], "Placement": "Block"}}, {"Bounds": [54.25, 410.4384765625, 519.0538024902344, 449.37257385253906], "ClipBounds": [54.25, 410.4384765625, 519.0538024902344, 449.37257385253906], "Font": {"alt_family_name": "Helvetica", "embedded": true, "encoding": "Identity-H", "family_name": "Helvetica", "font_type": "CIDFontType2", "italic": false, "monospaced": false, "name": "DAAAAA+Helvetica", "subset": true, "weight": 400}, "HasClip": true, "Page": 6, "Path": "//Document/L[5]/LI/LBody", "Text": "Barriers to filling vacancies included: applicants lacking technical skills and knowledge (65%), work experience (40%), and industry knowledge (25%). ", "TextSize": 13.9949951171875}, {"Bounds": [39.25, 367.2621765136719, 141.59080505371094, 396.7821807861328], "ClipBounds": [39.25, 367.2621765136719, 141.59080505371094, 396.7821807861328], "Font": {"alt_family_name": "Helvetica", "embedded": true, "encoding": "Identity-H", "family_name": "Helvetica", "font_type": "CIDFontType2", "italic": false, "monospaced": false, "name": "HAAAAA+Helvetica-Bold", "subset": true, "weight": 700}, "HasClip": true, "Lang": "en", "Page": 6, "Path": "//Document/H1[7]", "Text": "6. Diversity ", "TextSize": 18.0, "attributes": {"LineHeight": 21.625, "SpaceAfter": 18}}, {"Bounds": [39.25, 324.93858337402344, 472.3672790527344, 347.890380859375], "ClipBounds": [39.25, 324.93858337402344, 472.3672790527344, 347.890380859375], "Font": {"alt_family_name": "Helvetica", "embedded": true, "encoding": "Identity-H", "family_name": "Helvetica", "font_type": "CIDFontType2", "italic": false, "monospaced": false, "name": "IAAAAA+Helvetica-Bold", "subset": true, "weight": 700}, "HasClip": true, "Lang": "en", "Page": 6, "Path": "//Document/H2[6]", "Text": "There was a lack of gender balance in AI and data science teams ", "TextSize": 13.9949951171875, "attributes": {"LineHeight": 16.75, "SpaceAfter": 18}}, {"Bounds": [39.25, 461.4201354980469, 556.75, 806.4201354980469], "ClipBounds": [39.25, 461.4201354980469, 556.75, 806.4201354980469], "Page": 7, "Path": "//Document/Figure[8]", "attributes": {"BBox": [39.238399999998364, 461.4149999999936, 556.7769999999728, 806.4009999999835], "Placement": "Block"}}, {"Bounds": [40.5625, 434.9826354980469, 45.4375, 439.8576354980469], "ClipBounds": [40.5625, 434.9826354980469, 45.4375, 439.8576354980469], "Page": 7, "Path": "//Document/L[6]/LI/Lbl/Figure", "attributes": {"BBox": [40.79829999999856, 435.01699999999255, 45.35819999999876, 439.6959999999963], "Placement": "Block"}}, {"Bounds": [54.222015380859375, 394.6942138671875, 552.4300384521484, 449.37257385253906], "ClipBounds": [54.222015380859375, 394.6942138671875, 552.4300384521484, 449.37257385253906], "Font": {"alt_family_name": "Helvetica", "embedded": true, "encoding": "Identity-H", "family_name": "Helvetica", "font_type": "CIDFontType2", "italic": false, "monospaced": false, "name": "DAAAAA+Helvetica", "subset": true, "weight": 400}, "HasClip": true, "Page": 7, "Path": "//Document/L[6]/LI/LBody", "Text": "Over half (53%) did not employ any females in AI roles. Overall, a quarter (24%) of the surveyed firms workforce was female, but this was greater than in the cyber sector (16%). ", "TextSize": 13.9949951171875}, {"Bounds": [40.5625, 382.4826354980469, 45.4375, 387.3576354980469], "ClipBounds": [40.5625, 382.4826354980469, 45.4375, 387.3576354980469], "Page": 7, "Path": "//Document/L[6]/LI[2]/Lbl/Figure", "attributes": {"BBox": [40.79829999999856, 382.5789999999979, 45.35819999999876, 387.13799999999173], "Placement": "Block"}}, {"Bounds": [54.232452392578125, 342.1884765625, 551.6838226318359, 396.87257385253906], "ClipBounds": [54.232452392578125, 342.1884765625, 551.6838226318359, 396.87257385253906], "Font": {"alt_family_name": "Helvetica", "embedded": true, "encoding": "Identity-H", "family_name": "Helvetica", "font_type": "CIDFontType2", "italic": false, "monospaced": false, "name": "DAAAAA+Helvetica", "subset": true, "weight": 400}, "HasClip": true, "Page": 7, "Path": "//Document/L[6]/LI[2]/LBody", "Text": "Two in five (40%) firms did not employ any staff from an ethnic minority background in AI roles; 27% of the surveyed firms workforce was from an ethnic minority group. ", "TextSize": 13.9949951171875}, {"Bounds": [40.5625, 330.7326354980469, 45.4375, 335.6076354980469], "ClipBounds": [40.5625, 330.7326354980469, 45.4375, 335.6076354980469], "Page": 7, "Path": "//Document/L[6]/LI[3]/Lbl/Figure", "attributes": {"BBox": [40.79829999999856, 330.8609999999899, 45.35819999999876, 335.42099999998754], "Placement": "Block"}}, {"Bounds": [54.23600769042969, 306.1884765625, 552.4860076904297, 345.12255859375], "ClipBounds": [54.23600769042969, 306.1884765625, 552.4860076904297, 345.12255859375], "Font": {"alt_family_name": "Helvetica", "embedded": true, "encoding": "Identity-H", "family_name": "Helvetica", "font_type": "CIDFontType2", "italic": false, "monospaced": false, "name": "DAAAAA+Helvetica", "subset": true, "weight": 400}, "HasClip": true, "Page": 7, "Path": "//Document/L[6]/LI[3]/LBody", "Text": "A similar proportion (41%) did not employ any non-UK nationals in AI roles; 28% of the surveyed firms\u2019 workforce were non-UK nationals. ", "TextSize": 13.9949951171875}, {"Bounds": [39.25, 263.0121765136719, 184.5926055908203, 292.5321807861328], "ClipBounds": [39.25, 263.0121765136719, 184.5926055908203, 292.5321807861328], "Font": {"alt_family_name": "Helvetica", "embedded": true, "encoding": "Identity-H", "family_name": "Helvetica", "font_type": "CIDFontType2", "italic": false, "monospaced": false, "name": "HAAAAA+Helvetica-Bold", "subset": true, "weight": 700}, "HasClip": true, "Lang": "en", "Page": 7, "Path": "//Document/H1[8]", "Text": "7. Qualifications ", "TextSize": 18.0, "attributes": {"LineHeight": 21.625, "SpaceAfter": 18}}, {"Bounds": [39.25, 220.68858337402344, 522.8427581787109, 243.640380859375], "ClipBounds": [39.25, 220.68858337402344, 522.8427581787109, 243.640380859375], "Font": {"alt_family_name": "Helvetica", "embedded": true, "encoding": "Identity-H", "family_name": "Helvetica", "font_type": "CIDFontType2", "italic": false, "monospaced": false, "name": "IAAAAA+Helvetica-Bold", "subset": true, "weight": 700}, "HasClip": true, "Lang": "en", "Page": 7, "Path": "//Document/H2[7]", "Text": "Many AI and data science professionals had postgraduate qualifications ", "TextSize": 13.9949951171875, "attributes": {"LineHeight": 16.75, "SpaceAfter": 18}}, {"Bounds": [39.25, 461.4201354980469, 556.75, 806.4201354980469], "ClipBounds": [39.25, 461.4201354980469, 556.75, 806.4201354980469], "Page": 8, "Path": "//Document/Figure[9]", "attributes": {"BBox": [39.238399999998364, 461.4149999999936, 556.7769999999728, 806.4009999999835], "Placement": "Block"}}, {"Bounds": [40.5625, 434.9826354980469, 45.4375, 439.8576354980469], "ClipBounds": [40.5625, 434.9826354980469, 45.4375, 439.8576354980469], "Page": 8, "Path": "//Document/L[7]/LI/Lbl/Figure", "attributes": {"BBox": [40.79829999999856, 435.01699999999255, 45.35819999999876, 439.6959999999963], "Placement": "Block"}}, {"Bounds": [54.23600769042969, 410.4384765625, 503.22361755371094, 449.37257385253906], "ClipBounds": [54.23600769042969, 410.4384765625, 503.22361755371094, 449.37257385253906], "Font": {"alt_family_name": "Helvetica", "embedded": true, "encoding": "Identity-H", "family_name": "Helvetica", "font_type": "CIDFontType2", "italic": false, "monospaced": false, "name": "DAAAAA+Helvetica", "subset": true, "weight": 400}, "HasClip": true, "Page": 8, "Path": "//Document/L[7]/LI/LBody", "Text": "99% reported that at least some of their staff in AI roles held a university qualification, 77% a Master\u2019s degree, and 54% a PhD. ", "TextSize": 13.9949951171875}, {"Bounds": [40.5625, 398.9826354980469, 45.4375, 403.8576354980469], "ClipBounds": [40.5625, 398.9826354980469, 45.4375, 403.8576354980469], "Page": 8, "Path": "//Document/L[7]/LI[2]/Lbl/Figure", "attributes": {"BBox": [40.79829999999856, 399.0179999999964, 45.35819999999876, 403.6979999999894], "Placement": "Block"}}, {"Bounds": [54.224151611328125, 358.68858337402344, 559.4296722412109, 413.37257385253906], "ClipBounds": [54.224151611328125, 358.68858337402344, 559.4296722412109, 413.37257385253906], "Font": {"alt_family_name": "Helvetica", "embedded": true, "encoding": "Identity-H", "family_name": "Helvetica", "font_type": "CIDFontType2", "italic": false, "monospaced": false, "name": "DAAAAA+Helvetica", "subset": true, "weight": 400}, "HasClip": true, "Page": 8, "Path": "//Document/L[7]/LI[2]/LBody", "Text": "Interestingly, 95% of AI and Data Science job postings do not include a certification, which suggests there are very limited requests among employers for formal certifications compared to other professions. ", "TextSize": 13.9949951171875}, {"Bounds": [39.25, 314.7621765136719, 303.9274139404297, 344.2821807861328], "ClipBounds": [39.25, 314.7621765136719, 303.9274139404297, 344.2821807861328], "Font": {"alt_family_name": "Helvetica", "embedded": true, "encoding": "Identity-H", "family_name": "Helvetica", "font_type": "CIDFontType2", "italic": false, "monospaced": false, "name": "HAAAAA+Helvetica-Bold", "subset": true, "weight": 700}, "HasClip": true, "Lang": "en", "Page": 8, "Path": "//Document/H1[9]", "Text": "8. Pathways into working in AI ", "TextSize": 18.0, "attributes": {"LineHeight": 21.625, "SpaceAfter": 18}}, {"Bounds": [39.25, 273.18858337402344, 491.27452087402344, 296.140380859375], "ClipBounds": [39.25, 273.18858337402344, 491.27452087402344, 296.140380859375], "Font": {"alt_family_name": "Helvetica", "embedded": true, "encoding": "Identity-H", "family_name": "Helvetica", "font_type": "CIDFontType2", "italic": false, "monospaced": false, "name": "IAAAAA+Helvetica-Bold", "subset": true, "weight": 700}, "HasClip": true, "Lang": "en", "Page": 8, "Path": "//Document/H2[8]", "Text": "Few AI and data science employees had entered at Apprentice level ", "TextSize": 13.9949951171875, "attributes": {"LineHeight": 16.75, "SpaceAfter": 18}}, {"Bounds": [39.25, 461.4201354980469, 556.75, 806.4201354980469], "ClipBounds": [39.25, 461.4201354980469, 556.75, 806.4201354980469], "Page": 9, "Path": "//Document/Figure[10]", "attributes": {"BBox": [39.238399999998364, 461.4149999999936, 556.7769999999728, 806.4009999999835], "Placement": "Block"}}, {"Bounds": [40.5625, 434.9826354980469, 45.4375, 439.8576354980469], "ClipBounds": [40.5625, 434.9826354980469, 45.4375, 439.8576354980469], "Page": 9, "Path": "//Document/L[8]/LI/Lbl/Figure", "attributes": {"BBox": [40.79829999999856, 435.01699999999255, 45.35819999999876, 439.6959999999963]}}, {"Bounds": [54.25, 426.93858337402344, 503.43353271484375, 449.37257385253906], "ClipBounds": [54.25, 426.93858337402344, 503.43353271484375, 449.37257385253906], "Font": {"alt_family_name": "Helvetica", "embedded": true, "encoding": "Identity-H", "family_name": "Helvetica", "font_type": "CIDFontType2", "italic": false, "monospaced": false, "name": "DAAAAA+Helvetica", "subset": true, "weight": 400}, "HasClip": true, "Page": 9, "Path": "//Document/L[8]/LI/LBody", "Text": "Career pathways into AI roles were diverse and lacked a clear structure. ", "TextSize": 13.9949951171875}, {"Bounds": [40.5625, 414.7326354980469, 45.4375, 419.6076354980469], "ClipBounds": [40.5625, 414.7326354980469, 45.4375, 419.6076354980469], "Page": 9, "Path": "//Document/L[8]/LI[2]/Lbl/Figure", "attributes": {"BBox": [40.79829999999856, 414.85699999998906, 45.35819999999876, 419.41699999998673], "Placement": "Block"}}, {"Bounds": [54.25, 390.9442138671875, 538.7490386962891, 429.12257385253906], "ClipBounds": [54.25, 390.9442138671875, 538.7490386962891, 429.12257385253906], "Font": {"alt_family_name": "Helvetica", "embedded": true, "encoding": "Identity-H", "family_name": "Helvetica", "font_type": "CIDFontType2", "italic": false, "monospaced": false, "name": "DAAAAA+Helvetica", "subset": true, "weight": 400}, "HasClip": true, "Page": 9, "Path": "//Document/L[8]/LI[2]/LBody", "Text": "Surveyed firms were unlikely to hire staff through an internship (11%) or as an apprentice (3%). ", "TextSize": 13.9949951171875}, {"Bounds": [39.25, 347.0121765136719, 135.58059692382812, 376.5321807861328], "ClipBounds": [39.25, 347.0121765136719, 135.58059692382812, 376.5321807861328], "Font": {"alt_family_name": "Helvetica", "embedded": true, "encoding": "Identity-H", "family_name": "Helvetica", "font_type": "CIDFontType2", "italic": false, "monospaced": false, "name": "HAAAAA+Helvetica-Bold", "subset": true, "weight": 700}, "HasClip": true, "Lang": "en", "Page": 9, "Path": "//Document/H1[10]", "Text": "9. Training ", "TextSize": 18.0, "attributes": {"LineHeight": 21.625, "SpaceAfter": 18}}, {"Bounds": [39.248016357421875, 288.9384765625, 552.6686096191406, 328.390380859375], "ClipBounds": [39.248016357421875, 288.9384765625, 552.6686096191406, 328.390380859375], "Font": {"alt_family_name": "Helvetica", "embedded": true, "encoding": "Identity-H", "family_name": "Helvetica", "font_type": "CIDFontType2", "italic": false, "monospaced": false, "name": "IAAAAA+Helvetica-Bold", "subset": true, "weight": 700}, "HasClip": true, "Lang": "en", "Page": 9, "Path": "//Document/P[8]", "Text": "A majority of firms had AI and data science employees who had been trained in the last year, though much of this was informal ", "TextSize": 13.9949951171875, "attributes": {"LineHeight": 16.5, "SpaceAfter": 18}}, {"Bounds": [39.25, 461.4201354980469, 556.75, 806.4201354980469], "ClipBounds": [39.25, 461.4201354980469, 556.75, 806.4201354980469], "Page": 10, "Path": "//Document/Figure[11]", "attributes": {"BBox": [39.238399999998364, 461.4149999999936, 556.7769999999728, 806.4009999999835], "Placement": "Block"}}, {"Bounds": [40.5625, 434.9826354980469, 45.4375, 439.8576354980469], "ClipBounds": [40.5625, 434.9826354980469, 45.4375, 439.8576354980469], "Page": 10, "Path": "//Document/L[9]/LI/Lbl/Figure", "attributes": {"BBox": [40.79829999999856, 435.01699999999255, 45.35819999999876, 439.6959999999963], "Placement": "Block"}}, {"Bounds": [54.24598693847656, 394.69410705566406, 530.7197723388672, 449.37257385253906], "ClipBounds": [54.24598693847656, 394.69410705566406, 530.7197723388672, 449.37257385253906], "Font": {"alt_family_name": "Helvetica", "embedded": true, "encoding": "Identity-H", "family_name": "Helvetica", "font_type": "CIDFontType2", "italic": false, "monospaced": false, "name": "DAAAAA+Helvetica", "subset": true, "weight": 400}, "HasClip": true, "Page": 10, "Path": "//Document/L[9]/LI/LBody", "Text": "Three in five surveyed firms (62%) reported that employees in AI roles had undertaken internal or external training in the last 12 months to improve their knowledge and skills. ", "TextSize": 13.9949951171875}, {"Bounds": [40.5625, 382.4826354980469, 45.4375, 387.3576354980469], "ClipBounds": [40.5625, 382.4826354980469, 45.4375, 387.3576354980469], "Page": 10, "Path": "//Document/L[9]/LI[2]/Lbl/Figure", "attributes": {"BBox": [40.79829999999856, 382.5789999999979, 45.35819999999876, 387.13799999999173]}}, {"Bounds": [54.25, 374.43858337402344, 485.33892822265625, 396.87257385253906], "ClipBounds": [54.25, 374.43858337402344, 485.33892822265625, 396.87257385253906], "Font": {"alt_family_name": "Helvetica", "embedded": true, "encoding": "Identity-H", "family_name": "Helvetica", "font_type": "CIDFontType2", "italic": false, "monospaced": false, "name": "DAAAAA+Helvetica", "subset": true, "weight": 400}, "HasClip": true, "Page": 10, "Path": "//Document/L[9]/LI[2]/LBody", "Text": "Only a quarter of firms reported offered training on ethics in AI (24%). ", "TextSize": 13.9949951171875}, {"Bounds": [39.440643310546875, 331.70542907714844, 48.80934143066406, 343.8466033935547], "ClipBounds": [39.440643310546875, 331.70542907714844, 48.80934143066406, 343.7301330566406], "Page": 10, "Path": "//Document/H1[11]/Reference/Figure", "attributes": {"BBox": [39.598399999998946, 331.8209999999963, 48.71799999999894, 343.6999999999971]}}, {"Bounds": [52.44529724121094, 327.39817810058594, 115.48130798339844, 346.63417053222656], "ClipBounds": [52.44529724121094, 327.39817810058594, 115.48130798339844, 346.63417053222656], "Font": {"alt_family_name": "Helvetica", "embedded": true, "encoding": "Identity-H", "family_name": "Helvetica", "font_type": "CIDFontType2", "italic": false, "monospaced": false, "name": "JAAAAA+Helvetica", "subset": true, "weight": 400}, "HasClip": true, "Page": 10, "Path": "//Document/H1[11]/Reference/StyleSpan", "Text": "Back to top ", "TextSize": 12.0, "attributes": {"TextDecorationColor": [0.1098019999999984, 0.4352869999999882, 0.721572999999978], "TextDecorationThickness": 0, "TextDecorationType": "Underline"}}, {"Bounds": [39.23408508300781, 217.0439453125, 70.01589965820312, 229.5380401611328], "ClipBounds": [39.23408508300781, 217.0439453125, 70.01589965820312, 229.5380401611328], "Page": 10, "Path": "//Document/Figure[12]", "attributes": {"BBox": [39.238399999998364, 216.9849999999933, 69.9571999999971, 229.58499999999913], "Placement": "Block"}}, {"Bounds": [39.25, 169.68856811523438, 65.70054626464844, 192.12255859375], "ClipBounds": [39.25, 169.68856811523438, 65.70054626464844, 192.12255859375], "Font": {"alt_family_name": "Helvetica", "embedded": true, "encoding": "Identity-H", "family_name": "Helvetica", "font_type": "CIDFontType2", "italic": false, "monospaced": false, "name": "DAAAAA+Helvetica", "subset": true, "weight": 400}, "HasClip": true, "Page": 10, "Path": "//Document/P[9]/Reference/StyleSpan", "Text": "v3.0", "TextSize": 13.9949951171875, "attributes": {"TextDecorationColor": [0, 0, 0], "TextDecorationThickness": 0, "TextDecorationType": "Underline"}}, {"Bounds": [39.25, 169.68856811523438, 415.3835144042969, 208.62255859375], "ClipBounds": [39.25, 169.68856811523438, 415.3835144042969, 208.62255859375], "Font": {"alt_family_name": "Helvetica", "embedded": true, "encoding": "Identity-H", "family_name": "Helvetica", "font_type": "CIDFontType2", "italic": false, "monospaced": false, "name": "DAAAAA+Helvetica", "subset": true, "weight": 400}, "HasClip": true, "Lang": "en", "Page": 10, "Path": "//Document/P[9]/Reference", "Text": "(<https://www.nationalarchives.gov.uk/doc/open-government-licence/version/3/>)All content is available under the Open Government Licence , except where otherwise stated ", "TextSize": 13.9949951171875, "attributes": {"LineHeight": 16.5}}, {"Bounds": [441.2499694824219, 169.68856811523438, 560.2293701171875, 273.170166015625], "ClipBounds": [441.2499694824219, 169.68856811523438, 560.2293701171875, 273.170166015625], "Font": {"alt_family_name": "Helvetica", "embedded": true, "encoding": "Identity-H", "family_name": "Helvetica", "font_type": "CIDFontType2", "italic": false, "monospaced": false, "name": "DAAAAA+Helvetica", "subset": true, "weight": 400}, "HasClip": true, "Lang": "en", "Page": 10, "Path": "//Document/P[10]/Reference", "Text": "(<https://www.nationalarchives.gov.uk/information-management/re-using-public-sector-information/uk-government-licensing-framework/crown-copyright/>)\u00a9 Crown copyright ", "TextSize": 13.9949951171875, "attributes": {"LineHeight": 16.75, "SpaceAfter": 18}}], "pages": [{"boxes": {"CropBox": [0.0, 0.0, 594.9599609375, 841.9199829101562], "MediaBox": [0.0, 0.0, 594.9599609375, 841.9199829101562]}, "height": 841.9199829101562, "is_scanned": false, "page_number": 0, "rotation": 0, "width": 594.9599609375}, {"boxes": {"CropBox": [0.0, 0.0, 594.9599609375, 841.9199829101562], "MediaBox": [0.0, 0.0, 594.9599609375, 841.9199829101562]}, "height": 841.9199829101562, "is_scanned": false, "page_number": 1, "rotation": 0, "width": 594.9599609375}, {"boxes": {"CropBox": [0.0, 0.0, 594.9599609375, 841.9199829101562], "MediaBox": [0.0, 0.0, 594.9599609375, 841.9199829101562]}, "height": 841.9199829101562, "is_scanned": false, "page_number": 2, "rotation": 0, "width": 594.9599609375}, {"boxes": {"CropBox": [0.0, 0.0, 594.9599609375, 841.9199829101562], "MediaBox": [0.0, 0.0, 594.9599609375, 841.9199829101562]}, "height": 841.9199829101562, "is_scanned": false, "page_number": 3, "rotation": 0, "width": 594.9599609375}, {"boxes": {"CropBox": [0.0, 0.0, 594.9599609375, 841.9199829101562], "MediaBox": [0.0, 0.0, 594.9599609375, 841.9199829101562]}, "height": 841.9199829101562, "is_scanned": false, "page_number": 4, "rotation": 0, "width": 594.9599609375}, {"boxes": {"CropBox": [0.0, 0.0, 594.9599609375, 841.9199829101562], "MediaBox": [0.0, 0.0, 594.9599609375, 841.9199829101562]}, "height": 841.9199829101562, "is_scanned": false, "page_number": 5, "rotation": 0, "width": 594.9599609375}, {"boxes": {"CropBox": [0.0, 0.0, 594.9599609375, 841.9199829101562], "MediaBox": [0.0, 0.0, 594.9599609375, 841.9199829101562]}, "height": 841.9199829101562, "is_scanned": false, "page_number": 6, "rotation": 0, "width": 594.9599609375}, {"boxes": {"CropBox": [0.0, 0.0, 594.9599609375, 841.9199829101562], "MediaBox": [0.0, 0.0, 594.9599609375, 841.9199829101562]}, "height": 841.9199829101562, "is_scanned": false, "page_number": 7, "rotation": 0, "width": 594.9599609375}, {"boxes": {"CropBox": [0.0, 0.0, 594.9599609375, 841.9199829101562], "MediaBox": [0.0, 0.0, 594.9599609375, 841.9199829101562]}, "height": 841.9199829101562, "is_scanned": false, "page_number": 8, "rotation": 0, "width": 594.9599609375}, {"boxes": {"CropBox": [0.0, 0.0, 594.9599609375, 841.9199829101562], "MediaBox": [0.0, 0.0, 594.9599609375, 841.9199829101562]}, "height": 841.9199829101562, "is_scanned": false, "page_number": 9, "rotation": 0, "width": 594.9599609375}, {"boxes": {"CropBox": [0.0, 0.0, 594.9599609375, 841.9199829101562], "MediaBox": [0.0, 0.0, 594.9599609375, 841.9199829101562]}, "height": 841.9199829101562, "is_scanned": false, "page_number": 10, "rotation": 0, "width": 594.9599609375}]}