﻿Number  ,Title  ,Reference  
1st  ,My BEIS inquiry: proposals from the public  ,HC 612  
2nd  ,The impact of Coronavirus on businesses and workers: interim pre-Budget report  ,HC 1264  
3rd  ,Net Zero and UN Climate Summits: Scrutiny of Preparations for COP26 – interim report  ,HC 1265  
4th  ,Pre-appointment hearing with the Government’s preferred candidate for the Chair of the Regulatory Policy Committe  ,HC 1271  
5th  ,Uyghur forced labour in Xinjiang and UK value chains  ,HC 1272  
6th  ,Mineworkers’ Pension Scheme  ,HC 1346  
1st Special  ,Automation and the future of work: Government Response to the Committee’s Twenty-third Report of Session 2017–19  ,HC 240  
2nd Special  ,Future of the Post Office Network: Government Response to the Committee’s First Report of Session 2019  ,HC 382  
3rd Special  ,Safety of Electrical Goods in the UK: follow-up: Government Response to the Committee’s second report of Session 2019  ,HC 494  
4th Special  ,COP26: Principles and priorities—a POST survey of expert views  ,HC 1000  
