﻿Number  ,Title  ,Reference  
1st  ,Pre-appointment hearing with the Government’s preferred candidate for Chair of the Competition and Markets Authority  ,HC 523  
2nd  ,Draft Legislative Reform (Provision of Information etc. relating to disabilities) Order 2022  ,HC 522  
3rd  ,Energy pricing and the future of the Energy Market  ,HC 236  
4th  ,Post-pandemic economic growth: state aid and post-Brexit competition policy  ,HC 759  
5th  ,The Semiconductor Industry in the UK  ,HC 291  
1st Special  ,Decarbonising heat in homes: Government Response to the Committee’s Seventh Report of 2021–22  ,HC 208  
2nd Special  ,Energy pricing and the future of the energy market: Responses to the Committee’s Third Report of Session 2022–23  ,HC 761  
Session 2021–22  
Number  ,Title  ,Reference  
1st  ,Post-pandemic economic growth: Industrial policy in the UK  ,HC 385  
2nd  ,Climate Assembly UK: where are we now?  ,HC 546  
3rd  ,Post-pandemic economic growth: Levelling up  ,HC 566  
4th  ,Liberty Steel and the future of the UK steel Industry  ,HC 821  
5th  ,Pre-legislative scrutiny: draft Downstream Oil Resilience Bill  ,HC 820  
6th  ,Pre-appointment hearing of the Government’s preferred candidate for Chair of the Financial Reporting Council  ,HC 1079  
7th  ,Decarbonising heat in homes  ,HC 1038  
8th  ,Post Office and HorizonCompensation: interim report  ,HC 1129  
9th  ,Revised (Draft) National Policy Statement for Energy  ,HC 1151  
10th  ,Draft Legislative Reform (Renewal of National Radio Multiplex Licences) Order 2022  ,HC 1199  
1st Special  ,Decarbonising heat in homes: Government Response to the Committee’s Seventh Report of 2021–22  ,HC 208  
2nd Special  ,Net Zero and UN Climate Summits: Scrutiny of Preparations for COP26—interim report: Government Response to the Committee’s Third Report of Session 2019–21  ,HC 120  
3rd Special  ,Uyghur forced labour in Xinjiang and UK value chains: Government Response to the Committee’s Fifth Report of Session 2019–21  ,HC 241  
4th Special  ,Mineworkers’ Pension Scheme: Government Response to the Committee’s Sixth Report of Session 2019–21  ,HC 386  
5th Special  ,limate Assembly UK: where are we now?: Government Response to the Committee’s Second Report  ,HC 680  
6th Special  ,Post-pandemic economic growth: Industrial policy in the UK: Government Response to the Committee’s First Report  ,HC 71  
7th Special  ,Post-pandemic economic growth: Levelling up: Government Response to the Committee’s Third Report  ,HC 924  
8th Special  ,Liberty Steel and the Future of the UK Steel Industry: Government Response to the Committee’s Fourth Report  ,HC 1123  
9th Special  ,Pre-legislative scrutiny: draft Downstream Oil Resilience Bill. Government Response to the Committee’s Fifth Report  ,HC 1177  
10th Special  ,Post Office and Horizon – Compensation: interim report. Government Response to the Committee’s Eighth Report  ,HC 1267  
