{"version": {"json_export": "192", "page_segmentation": "5", "schema": "1.1.0", "structure": "1.1065.0", "table_structure": "5"}, "extended_metadata": {"ID_instance": "7F 35 82 2C 6D B8 B2 11 0A 00 67 45 8B 6B C6 23 ", "ID_permanent": "31 30 20 37 37 20 37 41 20 32 43 20 36 44 20 42 38 20 42 32 20 31 31 20 30 41 20 30 30 20 36 37 20 34 35 20 38 42 20 36 42 20 43 36 20 32 33 20 ", "pdf_version": "1.6", "pdfa_compliance_level": "", "is_encrypted": false, "has_acroform": false, "is_digitally_signed": false, "pdfua_compliance_level": "", "page_count": 20, "has_embedded_files": false, "is_certified": false, "is_XFA": false, "language": "en-GB"}, "elements": [{"Bounds": [254.61949157714844, 515.2218017578125, 383.7774963378906, 559.5258026123047], "ClipBounds": [254.61949157714844, 515.2218017578125, 383.7774963378906, 559.5258026123047], "Page": 0, "Path": "//Document/Figure", "attributes": {"BBox": [254.86999999999534, 515.3589999999967, 383.62399999999616, 559.2769999999728], "BackgroundColor": [0.2980349999999987, 0.1254879999999971, 0.3568569999999909], "Placement": "Block"}}, {"Bounds": [36.0, 376.9724426269531, 283.29933166503906, 442.3482360839844], "Font": {"alt_family_name": "Gotham", "embedded": true, "encoding": "Custom", "family_name": "Gotham", "font_type": "Type1", "italic": false, "monospaced": false, "name": "UNOJFT+Gotham-Bold", "subset": true, "weight": 700}, "HasClip": false, "Lang": "en", "Page": 0, "Path": "//Document/P", "Text": "Education and Skills for Growth ", "TextSize": 28.362594604492188, "attributes": {"LineHeight": 34, "SpaceAfter": 18}}, {"Bounds": [-1.0336456298828125, -1.0052337646484375, 420.5649871826172, 349.6733856201172], "ClipBounds": [-0.25, -0.25, 419.77801513671875, 348.9119873046875], "Page": 0, "Path": "//Document/Figure[2]", "attributes": {"BBox": [0.0, -0.0197753999999994, 419.502999999997, 348.68599999998696], "Placement": "Block"}}, {"Bounds": [-8.753997802734375, 273.2929992675781, 420.60850524902344, 596.3114471435547], "ClipBounds": [-0.25, 273.2929992675781, 419.77801513671875, 595.5250244140625], "Page": 1, "Path": "//Document/Figure[3]", "attributes": {"BBox": [0.0, 272.60899999999674, 419.502999999997, 595.2759999999835], "Placement": "Block"}}, {"Bounds": [-8.753997802734375, 273.2929992675781, 420.60850524902344, 596.3114471435547], "ClipBounds": [-0.25, 273.2929992675781, 419.77801513671875, 595.5250244140625], "Font": {"alt_family_name": "Gotham", "embedded": true, "encoding": "Custom", "family_name": "Gotham", "font_type": "Type1", "italic": false, "monospaced": false, "name": "UNOJFT+Gotham-Medium", "subset": true, "weight": 500}, "HasClip": false, "Page": 1, "Path": "//Document/Figure[3]", "Text": "Section 1: Introduction ", "TextSize": 16.0, "attributes": {"BBox": [0.0, 272.60899999999674, 419.502999999997, 595.2759999999835], "Placement": "Block"}}, {"Bounds": [45.35429382324219, 145.75660705566406, 340.23130798339844, 227.72860717773438], "Font": {"alt_family_name": "Gotham", "embedded": true, "encoding": "Custom", "family_name": "Gotham", "font_type": "Type1", "italic": false, "monospaced": false, "name": "UNOJFT+Gotham-Medium", "subset": true, "weight": 500}, "HasClip": false, "Lang": "en", "Page": 1, "Path": "//Document/P[2]", "Text": "The UK\u2019s workforce is undergoing a fundamental transformation: competition for talent is fierce, while rapidly accelerating automation and technological advances are changing the way many companies work. Career paths are becoming less linear, with a growing need for retraining and lifelong learning. ", "TextSize": 11.0, "attributes": {"LineHeight": 14, "SpaceAfter": 6.25}}, {"Bounds": [45.35429382324219, 48.41099548339844, 351.872802734375, 136.68350219726562], "Font": {"alt_family_name": "Gotham", "embedded": true, "encoding": "Custom", "family_name": "Gotham", "font_type": "Type1", "italic": false, "monospaced": false, "name": "UNOJFT+Gotham-Light", "subset": true, "weight": 300}, "HasClip": false, "Page": 1, "Path": "//Document/P[3]/ParagraphSpan", "Text": "As the needs of employers evolve, so too must the education provided by universities to ensure students gain the skills and experience needed to succeed in a modern workplace \u2013 and ensuring that they can adapt as new opportunities and challenges arise. Highly-skilled graduates remain in demand by employers and, with research showing the number of graduate vacancies in 2021 was 20% higher than in 2019, the need for graduate-level skills is continuing to grow. Across the UK, every year, our ", "TextSize": 8.5}, {"Bounds": [45.35429382324219, 514.0390930175781, 351.1818084716797, 537.3291015625], "Font": {"alt_family_name": "Gotham", "embedded": true, "encoding": "Custom", "family_name": "Gotham", "font_type": "Type1", "italic": false, "monospaced": false, "name": "UNOJFT+Gotham-Light", "subset": true, "weight": 300}, "HasClip": false, "Page": 2, "Path": "//Document/P[3]/ParagraphSpan[2]", "Text": "24 universities already teach four out of five doctors and dentists, a third of all engineers, as well as 15,000 nurses and over 5,500 teachers. ", "TextSize": 8.5}, {"Bounds": [45.35429382324219, 442.7666015625, 359.93841552734375, 505.0460968017578], "Font": {"alt_family_name": "Gotham", "embedded": true, "encoding": "Custom", "family_name": "Gotham", "font_type": "Type1", "italic": false, "monospaced": false, "name": "UNOJFT+Gotham-Light", "subset": true, "weight": 300}, "HasClip": false, "Lang": "en", "Page": 2, "Path": "//Document/P[4]", "Text": "Russell Group universities have a proven record of offering high-quality education across a range of technical, vocational and academic disciplines, with teaching from world-leading experts in their fields. Our students learn how to innovate and work independently, developing robust critical thinking skills and studying in a vibrant and diverse environment. ", "TextSize": 8.5, "attributes": {"LineHeight": 13, "SpaceAfter": 6.375}}, {"Bounds": [45.35429382324219, 372.0041046142578, 339.60894775390625, 433.7736053466797], "Font": {"alt_family_name": "Gotham", "embedded": true, "encoding": "Custom", "family_name": "Gotham", "font_type": "Type1", "italic": false, "monospaced": false, "name": "UNOJFT+Gotham-Light", "subset": true, "weight": 300}, "HasClip": false, "Lang": "en", "Page": 2, "Path": "//Document/P[5]", "Text": "This ensures our graduates leave university with the knowledge, skills and broader experience required by employers so they are ready to work. This is demonstrated by the fact that in 2019/20 more than 80% of working graduates who studied at a Russell Group university were in a highly skilled job 15 months after graduation. ", "TextSize": 8.5, "attributes": {"LineHeight": 13, "SpaceAfter": 18}}, {"Bounds": [66.21600341796875, 314.1351013183594, 268.6143798828125, 331.527099609375], "Font": {"alt_family_name": "Gotham", "embedded": true, "encoding": "Custom", "family_name": "Gotham", "font_type": "Type1", "italic": false, "monospaced": false, "name": "UNOJFT+Gotham-Medium", "subset": true, "weight": 500}, "HasClip": false, "Lang": "en", "Page": 2, "Path": "//Document/Aside/P", "Text": "Education for the future: ", "TextSize": 16.0, "attributes": {"LineHeight": 19.25, "SpaceAfter": 18}}, {"Bounds": [65.84199523925781, 276.4261016845703, 80.97300720214844, 296.03810119628906], "ClipBounds": [65.84199523925781, 276.4261016845703, 80.97300720214844, 296.03810119628906], "Page": 2, "Path": "//Document/Aside/L/LI/LBody/Figure", "attributes": {"BBox": [67.67719999999827, 278.24899999999616, 79.19679999999789, 294.2079999999987], "Placement": "Block"}}, {"Bounds": [65.84199523925781, 276.4261016845703, 180.14906311035156, 296.25120544433594], "ClipBounds": [65.84199523925781, 276.4261016845703, 180.14906311035156, 296.25120544433594], "Font": {"alt_family_name": "Gotham", "embedded": true, "encoding": "Custom", "family_name": "Gotham", "font_type": "Type1", "italic": false, "monospaced": false, "name": "UNOJFT+Gotham-Medium", "subset": true, "weight": 500}, "HasClip": false, "Page": 2, "Path": "//Document/Aside/L/LI/LBody", "Text": "Delivering education accessible to all ", "TextSize": 8.5}, {"Bounds": [64.96560668945312, 248.07510375976562, 83.85760498046875, 266.8970947265625], "ClipBounds": [64.96560668945312, 248.07510375976562, 83.85760498046875, 266.8970947265625], "Page": 2, "Path": "//Document/Aside/L/LI[2]/Lbl/Figure", "attributes": {"BBox": [66.83729999999923, 250.16999999999825, 81.71669999999722, 265.04899999999907], "Placement": "Block"}}, {"Bounds": [88.89309692382812, 248.064697265625, 192.55738830566406, 267.5041961669922], "Font": {"alt_family_name": "Gotham", "embedded": true, "encoding": "Custom", "family_name": "Gotham", "font_type": "Type1", "italic": false, "monospaced": false, "name": "UNOJFT+Gotham-Medium", "subset": true, "weight": 500}, "HasClip": false, "Page": 2, "Path": "//Document/Aside/L/LI[2]/LBody", "Text": "Specialising in research-intensive education ", "TextSize": 8.5}, {"Bounds": [210.9613037109375, 278.2084045410156, 231.92530822753906, 293.3444061279297], "ClipBounds": [210.9613037109375, 278.2084045410156, 231.92530822753906, 293.3444061279297], "Page": 2, "Path": "//Document/Aside/P[2]/Figure", "attributes": {"BBox": [211.31099999999424, 278.48899999998685, 231.7109999999957, 293.0079999999871], "Placement": "Block"}}, {"Bounds": [210.9613037109375, 276.81170654296875, 359.3120574951172, 296.25120544433594], "ClipBounds": [210.9613037109375, 276.81170654296875, 359.3120574951172, 296.25120544433594], "Font": {"alt_family_name": "Gotham", "embedded": true, "encoding": "Custom", "family_name": "Gotham", "font_type": "Type1", "italic": false, "monospaced": false, "name": "UNOJFT+Gotham-Medium", "subset": true, "weight": 500}, "HasClip": false, "Lang": "en", "Page": 2, "Path": "//Document/Aside/P[2]", "Text": "Addressing skills gaps to deliver UK economic growth ", "TextSize": 8.5, "attributes": {"LineHeight": 10.25, "SpaceAfter": 8.375}}, {"Bounds": [209.58599853515625, 248.2552947998047, 230.22500610351562, 267.6053009033203], "ClipBounds": [209.58599853515625, 248.2552947998047, 230.22500610351562, 267.6053009033203], "Page": 2, "Path": "//Document/Aside/P[3]/Figure", "attributes": {"BBox": [211.79099999999744, 250.40999999999622, 228.11099999999715, 265.40899999999965], "Placement": "Start"}}, {"Bounds": [209.58599853515625, 248.064697265625, 345.7291259765625, 267.6053009033203], "ClipBounds": [209.58599853515625, 248.064697265625, 345.7291259765625, 267.6053009033203], "Font": {"alt_family_name": "Gotham", "embedded": true, "encoding": "Custom", "family_name": "Gotham", "font_type": "Type1", "italic": false, "monospaced": false, "name": "UNOJFT+Gotham-Medium", "subset": true, "weight": 500}, "HasClip": false, "Lang": "en", "Page": 2, "Path": "//Document/Aside/P[3]", "Text": "Creating a supportive environment for students ", "TextSize": 8.5, "attributes": {"LineHeight": 10.25, "SpaceAfter": 18}}, {"Bounds": [45.35429382324219, 158.5186004638672, 339.50364685058594, 207.80160522460938], "Font": {"alt_family_name": "Gotham", "embedded": true, "encoding": "Custom", "family_name": "Gotham", "font_type": "Type1", "italic": false, "monospaced": false, "name": "UNOJFT+Gotham-Light", "subset": true, "weight": 300}, "HasClip": false, "Lang": "en", "Page": 2, "Path": "//Document/P[6]", "Text": "Our universities deliver excellent education in the social sciences, humanities and creative disciplines, as well as in science, technology, engineering and mathematics (STEM), to produce talented innovators that fuel our growing service sectors and creative economy.  ", "TextSize": 8.5, "attributes": {"LineHeight": 13, "SpaceAfter": 6.125}}, {"Bounds": [45.35429382324219, 48.25660705566406, 367.3087463378906, 149.52560424804688], "Font": {"alt_family_name": "Gotham", "embedded": true, "encoding": "Custom", "family_name": "Gotham", "font_type": "Type1", "italic": false, "monospaced": false, "name": "UNOJFT+Gotham-Light", "subset": true, "weight": 300}, "HasClip": false, "Lang": "en", "Page": 2, "Path": "//Document/P[7]", "Text": "The education offered by our universities is a unique mix of strong academic foundations informed by the latest research whilst also ensuring a close link to the needs of employers and industry. Through strong connections to regional and local partners, our universities ensure their teaching is responsive to employers\u2019 needs, technological advancements, and societal challenges such as environmental sustainability. Our teaching ensures our graduates have the tools to make a positive contribution to society, driving innovative thinking and problem solving.   ", "TextSize": 8.5, "attributes": {"LineHeight": 13}}, {"Bounds": [-8.753997802734375, 272.83470153808594, 420.61558532714844, 596.3490295410156], "ClipBounds": [-0.25, 273.2929992675781, 419.77801513671875, 595.5250244140625], "Page": 3, "Path": "//Document/Figure[4]", "attributes": {"BBox": [0.0, 272.60899999999674, 419.502999999997, 595.2759999999835], "Placement": "Block"}}, {"Bounds": [-8.753997802734375, 272.83470153808594, 420.61558532714844, 596.3490295410156], "ClipBounds": [-0.25, 273.2929992675781, 419.77801513671875, 595.5250244140625], "Font": {"alt_family_name": "Gotham", "embedded": true, "encoding": "Custom", "family_name": "Gotham", "font_type": "Type1", "italic": false, "monospaced": false, "name": "UNOJFT+Gotham-Medium", "subset": true, "weight": 500}, "HasClip": false, "Page": 3, "Path": "//Document/Figure[4]", "Text": "Section 2: Delivering education accessible to all ", "TextSize": 16.0, "attributes": {"BBox": [0.0, 272.60899999999674, 419.502999999997, 595.2759999999835], "Placement": "Block"}}, {"Bounds": [45.35429382324219, 187.05690002441406, 331.53253173828125, 227.0198974609375], "Font": {"alt_family_name": "Gotham", "embedded": true, "encoding": "Custom", "family_name": "Gotham", "font_type": "Type1", "italic": false, "monospaced": false, "name": "UNOJFT+Gotham-Medium", "subset": true, "weight": 500}, "HasClip": false, "Lang": "en", "Page": 3, "Path": "//Document/H1", "Text": "Russell Group universities are creating more opportunities for anyone to access the high-quality education they need throughout their lives.    ", "TextSize": 11.0, "attributes": {"LineHeight": 14, "SpaceAfter": 6.25}}, {"Bounds": [45.35429382324219, 89.70230102539062, 369.6284484863281, 177.97479248046875], "Font": {"alt_family_name": "Gotham", "embedded": true, "encoding": "Custom", "family_name": "Gotham", "font_type": "Type1", "italic": false, "monospaced": false, "name": "UNOJFT+Gotham-Light", "subset": true, "weight": 300}, "HasClip": false, "Lang": "en", "Page": 3, "Path": "//Document/P[8]", "Text": "Our universities have a shared mission to ensure no potential student feels a world-class education is unattainable. The most underrepresented students are now 60% more likely to enter university than they were ten years ago, and 30% more likely to go to Russell Group universities than five years ago. Our students also thrive once on their courses, with over 95% of students on their undergraduate (first) degree completing their studies, compared to the Regulator\u2019s threshold of 75%. However, we know there is more to do. ", "TextSize": 8.5, "attributes": {"LineHeight": 13, "SpaceAfter": 18}}, {"Bounds": [45.35429382324219, 475.0496063232422, 342.2168426513672, 537.3291015625], "Font": {"alt_family_name": "Gotham", "embedded": true, "encoding": "Custom", "family_name": "Gotham", "font_type": "Type1", "italic": false, "monospaced": false, "name": "UNOJFT+Gotham-Light", "subset": true, "weight": 300}, "HasClip": false, "Lang": "en", "Page": 4, "Path": "//Document/P[9]", "Text": "Our universities are working with education partners at all levels. Whether it is providing materials for schools, training teachers, helping prospective students understand what university is about or even setting up their own schools and academy trusts \u2013 Russell Group universities are dedicated to giving young people the best start in life.  ", "TextSize": 8.5, "attributes": {"LineHeight": 13, "SpaceAfter": 6.375}}, {"Bounds": [45.35429382324219, 390.7805938720703, 354.6853942871094, 466.0565948486328], "Font": {"alt_family_name": "Gotham", "embedded": true, "encoding": "Custom", "family_name": "Gotham", "font_type": "Type1", "italic": false, "monospaced": false, "name": "UNOJFT+Gotham-Light", "subset": true, "weight": 300}, "HasClip": false, "Lang": "en", "Page": 4, "Path": "//Document/P[10]", "Text": "We understand that some students may require more time to develop their knowledge and confidence before undertaking an undergraduate degree. That is why many Russell Group universities offer high-quality Foundation Years in subjects such as medicine, dentistry and allied health professions to give students the time to adapt to being in full-time education, which often attracts students from more diverse backgrounds. ", "TextSize": 8.5, "attributes": {"LineHeight": 13, "SpaceAfter": 6.25}}, {"Bounds": [45.35429382324219, 319.5081024169922, 348.6674041748047, 381.78759765625], "Font": {"alt_family_name": "Gotham", "embedded": true, "encoding": "Custom", "family_name": "Gotham", "font_type": "Type1", "italic": false, "monospaced": false, "name": "UNOJFT+Gotham-Light", "subset": true, "weight": 300}, "HasClip": false, "Lang": "en", "Page": 4, "Path": "//Document/P[11]", "Text": "Making education more accessible is not just about young people. Our universities are already innovating to offer more flexible courses so people can access learning at different points of their lives, develop new skills and boost their careers. Often these courses are delivered through long-standing partnerships with local Further Education colleges. ", "TextSize": 8.5, "attributes": {"LineHeight": 13, "SpaceAfter": 18}}, {"Bounds": [70.2091064453125, 202.30149841308594, 135.8278045654297, 246.39340209960938], "ClipBounds": [70.2091064453125, 202.30149841308594, 135.8278045654297, 246.39340209960938], "Page": 4, "Path": "//Document/Aside[2]/P/Figure", "attributes": {"BBox": [70.43709999999919, 202.41199999999662, 135.71399999999994, 246.20999999999913], "Placement": "Start"}}, {"Bounds": [70.2091064453125, 94.48269653320312, 359.14585876464844, 248.80020141601562], "ClipBounds": [70.2091064453125, 94.48269653320312, 359.14585876464844, 248.80020141601562], "Font": {"alt_family_name": "Gotham", "embedded": true, "encoding": "Custom", "family_name": "Gotham", "font_type": "Type1", "italic": false, "monospaced": false, "name": "UNOJFT+Gotham-Light", "subset": true, "weight": 300}, "HasClip": false, "Lang": "en", "Page": 4, "Path": "//Document/Aside[2]/P", "Text": "The University of Warwick offers part-time degrees to enable more options for individuals to upskill or retrain alongside family and work commitments. These include Warwick\u2019s Early Childhood degree, Social Studies degree and Counselling and the Psychotherapeutic Relationship degree. Courses are delivered through Warwick\u2019s Centre for Lifelong Learning which, for the past 30 years, has been a centre of expertise in the education of lifelong learners with a focus on enabling adult learners to achieve their personal and professional goals. ", "TextSize": 8.5, "attributes": {"LineHeight": 12}}, {"Bounds": [45.60429382324219, 462.56309509277344, 376.95994567871094, 537.3291015625], "Font": {"alt_family_name": "Gotham", "embedded": true, "encoding": "Custom", "family_name": "Gotham", "font_type": "Type1", "italic": false, "monospaced": false, "name": "UNOJFT+Gotham-Light", "subset": true, "weight": 300}, "HasClip": false, "Lang": "en", "Page": 5, "Path": "//Document/P[12]", "Text": "The Government\u2019s plans for lifelong and flexible learning are an exciting opportunity and we are ready to work with them and employers to develop new types of provision that complement our internationally renowned full-time programmes. Seventeen Russell Group universities already deliver advanced, higher and degree apprenticeships with five Russell Group members leading or supporting the establishment of the UK\u2019s Institutes of Technology (IoT). ", "TextSize": 8.5, "attributes": {"LineHeight": 13, "SpaceAfter": 18}}, {"Bounds": [50.39900207519531, 261.7419891357422, 368.3789978027344, 436.82859802246094], "ClipBounds": [50.39900207519531, 262.50799560546875, 368.3789978027344, 436.0769958496094], "Page": 5, "Path": "//Document/Figure[5]", "attributes": {"BBox": [50.63789999999972, 262.52999999999884, 368.38499999999476, 435.80199999999604], "Placement": "Block"}}, {"Bounds": [58.8446044921875, 219.0854949951172, 146.64320373535156, 244.35299682617188], "ClipBounds": [58.845001220703125, 219.08599853515625, 146.64300537109375, 244.35299682617188], "Page": 5, "Path": "//Document/Figure[6]", "attributes": {"BBox": [59.03759999999966, 219.3309999999983, 146.39399999999296, 244.16999999999825], "Placement": "Block"}}, {"Bounds": [167.8278045654297, 79.73359680175781, 344.39747619628906, 245.985107421875], "Font": {"alt_family_name": "Gotham", "embedded": true, "encoding": "Custom", "family_name": "Gotham", "font_type": "Type1", "italic": false, "monospaced": false, "name": "UNOJFT+Gotham-Medium", "subset": true, "weight": 500}, "HasClip": false, "Lang": "en", "Page": 5, "Path": "//Document/P[13]", "Text": "Newcastle University is leading the new Institute of Electrification and Sustainable Advanced Manufacturing, a project that brings together the North East IoT and key regional education providers. The Institute will address industry needs by developing a flexible, high-quality Power Electronics, Machines and Drives (PEMD) training pipeline from Level 3 to 7. The Institute\u2019s curriculum team will be creating PEMD content to enrich T-Levels, Higher Technical Qualifications and Apprenticeship programmes. ", "TextSize": 8.5, "attributes": {"LineHeight": 13, "SpaceAfter": 18}}, {"Bounds": [45.10429382324219, 500.9678039550781, 358.1243896484375, 537.2543029785156], "Font": {"alt_family_name": "Gotham", "embedded": true, "encoding": "Custom", "family_name": "Gotham", "font_type": "Type1", "italic": false, "monospaced": false, "name": "UNOJFT+Gotham-Light", "subset": true, "weight": 300}, "HasClip": false, "Lang": "en", "Page": 6, "Path": "//Document/P[14]", "Text": "Apprenticeships create opportunities for students to study whilst working, meaning that an apprentice will benefit from both structured industry-led training and subject-expertise during their off-the-job training.  ", "TextSize": 8.5, "attributes": {"LineHeight": 13, "SpaceAfter": 18}}, {"Bounds": [69.326904296875, 431.84889221191406, 140.8040008544922, 450.21490478515625], "ClipBounds": [70.31900024414062, 431.8489990234375, 140.8040008544922, 450.21490478515625], "Page": 6, "Path": "//Document/Aside[3]/P/Figure", "attributes": {"BBox": [70.79709999999977, 432.0829999999987, 140.51399999999558, 449.96199999999953], "Placement": "Start"}}, {"Bounds": [69.326904296875, 312.25120544433594, 338.42625427246094, 452.50970458984375], "ClipBounds": [70.31900024414062, 312.25120544433594, 338.42625427246094, 452.50970458984375], "Font": {"alt_family_name": "Gotham", "embedded": true, "encoding": "Custom", "family_name": "Gotham", "font_type": "Type1", "italic": false, "monospaced": false, "name": "UNOJFT+Gotham-Light", "subset": true, "weight": 300}, "HasClip": false, "Lang": "en", "Page": 6, "Path": "//Document/Aside[3]/P", "Text": "The University of Liverpool is engaged in close collaborative partnerships with a variety of employers to deliver highly specialised degree apprenticeships in health that fill identified regional and national skills gaps. Strategic partners include Liverpool University Hospitals NHS Foundation Trust, The Christie NHS Foundation Trust, Clatterbridge Cancer Centre, TCG Medical Services Limited, and Mersey Care NHS Foundation Trust. ", "TextSize": 8.5, "attributes": {"LineHeight": 13, "SpaceAfter": 18}}, {"Bounds": [67.89909362792969, 236.89019775390625, 140.27099609375, 259.14320373535156], "ClipBounds": [67.90000915527344, 236.89019775390625, 140.27099609375, 259.14300537109375], "Page": 6, "Path": "//Document/Aside[4]/P/Figure", "attributes": {"BBox": [68.15719999999783, 237.2109999999957, 140.03399999999965, 258.929999999993], "Placement": "Start"}}, {"Bounds": [67.89909362792969, 79.91619873046875, 338.8002471923828, 259.16419982910156], "ClipBounds": [67.90000915527344, 79.91619873046875, 338.8002471923828, 259.16419982910156], "Font": {"alt_family_name": "Gotham", "embedded": true, "encoding": "Custom", "family_name": "Gotham", "font_type": "Type1", "italic": false, "monospaced": false, "name": "UNOJFT+Gotham-Light", "subset": true, "weight": 300}, "HasClip": false, "Lang": "en", "Page": 6, "Path": "//Document/Aside[4]/P", "Text": "The University of Sheffield\u2019s Advanced Manufacturing Research Centre (AMRC) Training Centre has trained over 1,700 apprentices, 80% of whom came from within South Yorkshire and half from the most deprived 30% of areas in England. The AMRC Training Centre has worked with 400 manufacturing firms to deliver these apprenticeships, which are mostly advanced apprenticeships (level 3). Business partners range from global companies like Boeing, Rolls-Royce, and McLaren Automotive to smaller companies and specialist suppliers. ", "TextSize": 8.5, "attributes": {"LineHeight": 13, "SpaceAfter": 18}}, {"Bounds": [-8.753997802734375, 273.2929992675781, 420.5781555175781, 596.3492279052734], "ClipBounds": [-0.25, 273.2929992675781, 419.77801513671875, 595.5250244140625], "Page": 7, "Path": "//Document/Figure[7]", "attributes": {"BBox": [0.0, 272.60899999999674, 419.502999999997, 595.2759999999835], "Placement": "Block"}}, {"Bounds": [-8.753997802734375, 273.2929992675781, 420.5781555175781, 596.3492279052734], "ClipBounds": [-0.25, 273.2929992675781, 419.77801513671875, 595.5250244140625], "Font": {"alt_family_name": "Gotham", "embedded": true, "encoding": "Custom", "family_name": "Gotham", "font_type": "Type1", "italic": false, "monospaced": false, "name": "UNOJFT+Gotham-Medium", "subset": true, "weight": 500}, "HasClip": false, "Page": 7, "Path": "//Document/Figure[7]", "Text": "Section 3: Specialising in research-intensive education ", "TextSize": 16.0, "attributes": {"BBox": [0.0, 272.60899999999674, 419.502999999997, 595.2759999999835], "Placement": "Block"}}, {"Bounds": [45.35429382324219, 187.76559448242188, 297.87799072265625, 227.72860717773438], "Font": {"alt_family_name": "Gotham", "embedded": true, "encoding": "Custom", "family_name": "Gotham", "font_type": "Type1", "italic": false, "monospaced": false, "name": "UNOJFT+Gotham-Medium", "subset": true, "weight": 500}, "HasClip": false, "Lang": "en", "Page": 7, "Path": "//Document/H1[2]", "Text": "Our universities specialise in research-intensive education, informed, co-designed and delivered by world-leading researchers.   ", "TextSize": 11.0, "attributes": {"LineHeight": 14, "SpaceAfter": 6.25}}, {"Bounds": [45.35429382324219, 51.313507080078125, 320.2836608886719, 179.17649841308594], "Font": {"alt_family_name": "Gotham", "embedded": true, "encoding": "Custom", "family_name": "Gotham", "font_type": "Type1", "italic": false, "monospaced": false, "name": "UNOJFT+Gotham-Light", "subset": true, "weight": 300}, "HasClip": false, "Lang": "en", "Page": 7, "Path": "//Document/P[15]", "Text": "The unique learning environment at our universities enables students to learn from leading experts in their field and become active participants in the production of new knowledge and innovations. This generates a dynamic system where research and teaching can directly benefit from each other. A recent survey by the British Academy highlighted the value students place on their lecturers embedding the latest research into their teaching materials. Our ambition is to produce graduates who can help develop new solutions to the most complex local and global challenges.  ", "TextSize": 9.0, "attributes": {"LineHeight": 13, "SpaceAfter": 18}}, {"Bounds": [45.35429382324219, 448.23199462890625, 376.7799530029297, 536.531005859375], "Font": {"alt_family_name": "Gotham", "embedded": true, "encoding": "Custom", "family_name": "Gotham", "font_type": "Type1", "italic": false, "monospaced": false, "name": "UNOJFT+Gotham-Medium", "subset": true, "weight": 500}, "HasClip": false, "Lang": "en", "Page": 8, "Path": "//Document/P[16]", "Text": "Our universities provide outstanding facilities from science laboratories to state-of-the-art libraries, collections and cutting-edge technology to ensure students are learning in a practical setting. It also means students can see the real-world application of research whilst studying, and benefit from the very latest knowledge and thinking in their discipline and beyond. The impressive breadth of disciplines offered at Russell Group universities provides exciting opportunities for novel interdisciplinary work. ", "TextSize": 9.0, "attributes": {"LineHeight": 13, "SpaceAfter": 18}}, {"Bounds": [51.02400207519531, 324.25816345214844, 369.0039978027344, 422.67706298828125], "ClipBounds": [51.02400207519531, 325.0249938964844, 369.0039978027344, 421.90399169921875], "Page": 8, "Path": "//Document/Aside[5]/Figure", "attributes": {"BBox": [51.23789999999826, 325.0469999999914, 368.98499999998603, 421.6429999999964], "Placement": "Block", "SpaceAfter": 14.25}}, {"Bounds": [61.96879577636719, 284.25799560546875, 144.35830688476562, 308.09730529785156], "ClipBounds": [61.96900939941406, 284.25799560546875, 144.35800170898438, 308.09730529785156], "Page": 8, "Path": "//Document/Aside[5]/P/Figure", "attributes": {"BBox": [62.157499999999345, 284.48899999998685, 144.11399999999412, 307.88799999999173], "Placement": "Start"}}, {"Bounds": [61.96879577636719, 168.24440002441406, 344.9162902832031, 308.5028991699219], "ClipBounds": [61.96900939941406, 168.24440002441406, 344.9162902832031, 308.5028991699219], "Font": {"alt_family_name": "Gotham", "embedded": true, "encoding": "Custom", "family_name": "Gotham", "font_type": "Type1", "italic": false, "monospaced": false, "name": "UNOJFT+Gotham-Light", "subset": true, "weight": 300}, "HasClip": false, "Lang": "en", "Page": 8, "Path": "//Document/Aside[5]/P", "Text": "At the University of Leeds, as well as undertaking research as part of their undergraduate course, students can apply for a paid summer research programme through the \u2018Q-Step\u2019 scheme. Aimed at upskilling social science students with desirable quantitative research skills, Q-Step at Leeds provides a great opportunity for undergraduate students and leading academics to collaborate on a live research project. ", "TextSize": 8.5, "attributes": {"LineHeight": 13, "SpaceAfter": 18}}, {"Bounds": [45.606292724609375, 50.225006103515625, 350.7836608886719, 125.52799987792969], "Font": {"alt_family_name": "Gotham", "embedded": true, "encoding": "Custom", "family_name": "Gotham", "font_type": "Type1", "italic": false, "monospaced": false, "name": "UNOJFT+Gotham-Medium", "subset": true, "weight": 500}, "HasClip": false, "Lang": "en", "Page": 8, "Path": "//Document/P[17]", "Text": "Over 90% of research at Russell Group universities has been rated world-leading or internationally excellent. Students at our universities directly benefit from being a part of this community and can contribute to advancing knowledge, including undertaking their own research and inquiry during their studies, becoming researchers in their own right, and taking these skills into the workplace.  ", "TextSize": 9.0, "attributes": {"LineHeight": 13, "SpaceAfter": 18}}, {"Bounds": [50.01763916015625, 327.41737365722656, 369.7776336669922, 530.6973724365234], "ClipBounds": [50.77400207519531, 328.35400390625, 368.7539978027344, 529.7990112304688], "Page": 9, "Path": "//Document/Figure[8]", "attributes": {"BBox": [50.99789999999848, 328.40699999999197, 368.74499999999534, 529.5189999999711], "Placement": "Block"}}, {"Bounds": [59.09400939941406, 277.6090087890625, 146.4658966064453, 310.20001220703125], "ClipBounds": [59.09400939941406, 277.6090087890625, 146.4658966064453, 310.20001220703125], "Page": 9, "Path": "//Document/Figure[9]", "attributes": {"BBox": [59.39759999999842, 277.7689999999857, 146.153999999995, 309.9279999999999], "Placement": "Block"}}, {"Bounds": [168.0778045654297, 210.56260681152344, 348.8133239746094, 311.83160400390625], "Font": {"alt_family_name": "Gotham", "embedded": true, "encoding": "Custom", "family_name": "Gotham", "font_type": "Type1", "italic": false, "monospaced": false, "name": "UNOJFT+Gotham-Light", "subset": true, "weight": 300}, "HasClip": false, "Lang": "en", "Page": 9, "Path": "//Document/P[18]", "Text": "The University of Nottingham\u2019s School of Chemistry developed an \u201cIndustry-Ready Graduates\u201d strategy with GlaxoSmithKline (GSK). Modules are co-created and delivered in partnership with GSK and give students first-hand experience of how drugs are designed and developed in the pharmaceutical industry. ", "TextSize": 8.5, "attributes": {"LineHeight": 13, "SpaceAfter": 18}}, {"Bounds": [45.35429382324219, 66.3385009765625, 366.6605682373047, 168.20950317382812], "Font": {"alt_family_name": "Gotham", "embedded": true, "encoding": "Custom", "family_name": "Gotham", "font_type": "Type1", "italic": false, "monospaced": false, "name": "UNOJFT+Gotham-Light", "subset": true, "weight": 300}, "HasClip": false, "Lang": "en", "Page": 9, "Path": "//Document/P[19]", "Text": "Russell Group universities provide a key ingredient for the Government\u2019s plans to deliver growth: a pool of well-rounded graduates with the skills needed to propel leading sectors and grow new ones, driving innovation, creativity and productivity. After completing their studies at a Russell Group university, a graduate will be able to think critically, analyse and solve complex problems, and bring ideas and teams together. All these skills will help to ensure they are responsive to the needs of employers in a constantly evolving labour market.  ", "TextSize": 9.0, "attributes": {"LineHeight": 13}}, {"Bounds": [62.08079528808594, 478.13079833984375, 142.33689880371094, 511.5489959716797], "ClipBounds": [62.08079528808594, 478.13079833984375, 142.33689880371094, 511.5489959716797], "Page": 10, "Path": "//Document/Aside[6]/P/Figure", "attributes": {"BBox": [62.27749999999833, 478.2809999999881, 142.19399999999587, 511.278999999995], "Placement": "Start"}}, {"Bounds": [62.08079528808594, 358.1042022705078, 355.5723876953125, 511.5489959716797], "ClipBounds": [62.08079528808594, 358.1042022705078, 355.5723876953125, 511.5489959716797], "Font": {"alt_family_name": "Gotham", "embedded": true, "encoding": "Custom", "family_name": "Gotham", "font_type": "Type1", "italic": false, "monospaced": false, "name": "UNOJFT+Gotham-Light", "subset": true, "weight": 300}, "HasClip": false, "Lang": "en", "Page": 10, "Path": "//Document/Aside[6]/P", "Text": "At Durham University, students and graduates can access wraparound support and state-of-the-art facilities at the Hazan Venture lab, the university\u2019s purpose-built space for entrepreneurship. Through specialist mentoring opportunities, networking and start-up pitching events, students have a space where they can gain the skills to start and grow a business of their own, working together and with world-leading companies to develop new solutions to industry and societal problems. ", "TextSize": 8.5, "attributes": {"LineHeight": 13, "SpaceAfter": 18}}, {"Bounds": [45.60429382324219, 259.4604034423828, 368.07525634765625, 322.34339904785156], "Font": {"alt_family_name": "Gotham", "embedded": true, "encoding": "Custom", "family_name": "Gotham", "font_type": "Type1", "italic": false, "monospaced": false, "name": "UNOJFT+Gotham-Light", "subset": true, "weight": 300}, "HasClip": false, "Lang": "en", "Page": 10, "Path": "//Document/P[20]", "Text": "Our universities are also nurturing successful entrepreneurial talent. Start-up businesses run by Russell Group graduates attract around five times more external investment, have a higher turnover and employ more people than the average UK graduate start-up. Their ventures are more likely to survive and grow into successful businesses long term. ", "TextSize": 9.0, "attributes": {"LineHeight": 13, "SpaceAfter": 18}}, {"Bounds": [57.50599670410156, 183.48800659179688, 106.42399597167969, 232.33700561523438], "ClipBounds": [57.50599670410156, 183.48800659179688, 106.42399597167969, 232.33700561523438], "Page": 10, "Path": "//Document/Aside[7]/P/Figure", "attributes": {"BBox": [57.71769999999924, 183.57299999999668, 106.43599999999788, 232.05099999999948], "Placement": "Start"}}, {"Bounds": [57.50599670410156, 66.33509826660156, 349.63783264160156, 232.5865936279297], "ClipBounds": [57.50599670410156, 66.33509826660156, 349.63783264160156, 232.5865936279297], "Font": {"alt_family_name": "Gotham", "embedded": true, "encoding": "Custom", "family_name": "Gotham", "font_type": "Type1", "italic": false, "monospaced": false, "name": "UNOJFT+Gotham-Light", "subset": true, "weight": 300}, "HasClip": false, "Lang": "en", "Page": 10, "Path": "//Document/Aside[7]/P", "Text": "The University of Oxford facilitates around 1,800 global internships for its students each year. These innovative internships, hosted in partnership with SMEs, charities, research institutions and multi-nationals, offer experiences in all sectors including entrepreneurship and social enterprise, sustainability and the environment as well as technology, data, machine learning and AI. The internships are designed to accelerate students\u2019 professional and research skills which they can apply beyond their degree.  ", "TextSize": 8.5, "attributes": {"LineHeight": 13, "SpaceAfter": 18}}, {"Bounds": [-8.753997802734375, 273.2929992675781, 420.57630920410156, 596.2942199707031], "ClipBounds": [-0.25, 273.2929992675781, 419.77801513671875, 595.5260009765625], "Page": 11, "Path": "//Document/Figure[10]", "attributes": {"BBox": [0.0, 272.60899999999674, 419.502999999997, 595.2759999999835], "Placement": "Block"}}, {"Bounds": [-8.753997802734375, 273.2929992675781, 420.57630920410156, 596.2942199707031], "ClipBounds": [-0.25, 273.2929992675781, 419.77801513671875, 595.5260009765625], "Font": {"alt_family_name": "Gotham", "embedded": true, "encoding": "Custom", "family_name": "Gotham", "font_type": "Type1", "italic": false, "monospaced": false, "name": "UNOJFT+Gotham-Medium", "subset": true, "weight": 500}, "HasClip": false, "Page": 11, "Path": "//Document/Figure[10]", "Text": "Section 4: Addressing skills gaps to deliver UK economic growth ", "TextSize": 16.0, "attributes": {"BBox": [0.0, 272.60899999999674, 419.502999999997, 595.2759999999835], "Placement": "Block"}}, {"Bounds": [45.35429382324219, 182.77960205078125, 362.2587890625, 227.8155975341797], "Font": {"alt_family_name": "Gotham", "embedded": true, "encoding": "Custom", "family_name": "Gotham", "font_type": "Type1", "italic": false, "monospaced": false, "name": "UNOJFT+Gotham-Medium", "subset": true, "weight": 500}, "HasClip": false, "Lang": "en", "Page": 11, "Path": "//Document/H1[3]", "Text": "Russell Group universities are helping to address specific skill gaps in key areas needed for the future growth of the UK economy.   ", "TextSize": 12.0, "attributes": {"LineHeight": 16, "SpaceAfter": 6.375}}, {"Bounds": [45.35429382324219, 46.47850036621094, 376.7522277832031, 174.3415069580078], "Font": {"alt_family_name": "Gotham", "embedded": true, "encoding": "Custom", "family_name": "Gotham", "font_type": "Type1", "italic": false, "monospaced": false, "name": "UNOJFT+Gotham-Light", "subset": true, "weight": 300}, "HasClip": false, "Lang": "en", "Page": 11, "Path": "//Document/P[21]", "Text": "The need for data skills will only increase as automation and new technologies are adopted widely around the world. Last year, Government research identified between 215,000 and 234,000 roles being recruited by UK companies that required hard data skills. Our universities are well placed to respond to this need with nearly two thirds of maths graduates and six in ten graduates with physical sciences qualifications, disciplines with a great emphasis on high-level data skills, having studied at Russell Group universities. But equally, we are also teaching key data handling and analysis skills in disciplines such as humanities and the social sciences, creating a deep pool of transferable skills for our graduates. ", "TextSize": 9.0, "attributes": {"LineHeight": 13, "SpaceAfter": 17.625}}, {"Bounds": [50.77400207519531, 347.519287109375, 368.7539978027344, 530.9706420898438], "ClipBounds": [50.77400207519531, 348.2860107421875, 368.7539978027344, 530.2039794921875], "Page": 12, "Path": "//Document/Aside[8]/Figure", "attributes": {"BBox": [50.99789999999848, 348.3259999999864, 368.74499999999534, 529.9989999999816], "Placement": "Block", "SpaceAfter": 17.125}}, {"Bounds": [60.45030212402344, 309.3074035644531, 143.51080322265625, 331.4389953613281], "ClipBounds": [60.45100402832031, 309.3080139160156, 143.4040069580078, 331.4389953613281], "Page": 12, "Path": "//Document/Aside[8]/Figure[2]", "attributes": {"BBox": [60.717499999998836, 309.5679999999993, 143.153999999995, 331.16699999998673], "Placement": "Block", "SpaceAfter": 18}}, {"Bounds": [167.9528045654297, 217.49819946289062, 351.9098358154297, 331.7637023925781], "Font": {"alt_family_name": "Gotham", "embedded": true, "encoding": "Custom", "family_name": "Gotham", "font_type": "Type1", "italic": false, "monospaced": false, "name": "UNOJFT+Gotham-Light", "subset": true, "weight": 300}, "HasClip": false, "Lang": "en", "Page": 12, "Path": "//Document/Aside[8]/P", "Text": "At Imperial College London corporate professionals undertake a 14-month data skills course to gain the critical knowledge, skills and behaviours needed to understand business intelligence. This upskilling programme is fully funded through the Apprenticeship Levy and gives employees the professional skills increasingly needed in a data-driven economy. ", "TextSize": 8.5, "attributes": {"LineHeight": 13, "SpaceAfter": 18}}, {"Bounds": [45.22929382324219, 125.40919494628906, 363.45762634277344, 175.29620361328125], "Font": {"alt_family_name": "Gotham", "embedded": true, "encoding": "Custom", "family_name": "Gotham", "font_type": "Type1", "italic": false, "monospaced": false, "name": "UNOJFT+Gotham-Light", "subset": true, "weight": 300}, "HasClip": false, "Lang": "en", "Page": 12, "Path": "//Document/P[22]", "Text": "Digital skills are another gap in the UK workforce that our universities have a key role to play in closing, with estimates suggesting the current skills gap costs the UK economy as much as \u00a363 billion a year in potential GDP. ", "TextSize": 9.0, "attributes": {"LineHeight": 13, "SpaceAfter": 18}}, {"Bounds": [45.22929382324219, 38.30720520019531, 362.11659240722656, 114.18620300292969], "Font": {"alt_family_name": "Gotham", "embedded": true, "encoding": "Custom", "family_name": "Gotham", "font_type": "Type1", "italic": false, "monospaced": false, "name": "UNOJFT+Gotham-Light", "subset": true, "weight": 300}, "HasClip": false, "Lang": "en", "Page": 12, "Path": "//Document/P[23]", "Text": "Digital learning and online tools are already being used at our universities to enhance teaching and learning. Our members will continue to incorporate new techniques into course development so students are receiving a high-quality and \u2018future proof\u2019 education. All students, no matter what their discipline, will leave our universities with the essential digital skills they need to succeed in the workplace.     ", "TextSize": 9.0, "attributes": {"LineHeight": 13}}, {"Bounds": [45.35429382324219, 422.5552062988281, 374.5437316894531, 537.4221954345703], "Font": {"alt_family_name": "Gotham", "embedded": true, "encoding": "Custom", "family_name": "Gotham", "font_type": "Type1", "italic": false, "monospaced": false, "name": "UNOJFT+Gotham-Light", "subset": true, "weight": 300}, "HasClip": false, "Lang": "en", "Page": 13, "Path": "//Document/P[24]", "Text": "The ground-breaking research and innovation nurtured on our campuses is a magnet for business and industry and means our universities are well-placed to build partnerships with employers to anticipate future changes in employment needs. Building on the success of existing innovation clusters, our members are taking advantage of links with business and regional leaders to create additional high-value jobs and kickstart our economy. Working closely with employers is crucial to ensure all of our courses \u2013 from higher technical qualifications to degree and postgraduate level \u2013 meet the needs of employers. ", "TextSize": 9.0, "attributes": {"LineHeight": 13, "SpaceAfter": 18}}, {"Bounds": [50.64900207519531, 180.28854370117188, 368.6289978027344, 394.18560791015625], "ClipBounds": [50.64900207519531, 181.04200744628906, 368.6289978027344, 393.4320068359375], "Page": 13, "Path": "//Document/Figure[11]", "attributes": {"BBox": [50.8778999999995, 181.05299999999988, 368.625, 393.2039999999979], "Placement": "Block"}}, {"Bounds": [63.844207763671875, 140.75230407714844, 141.71690368652344, 167.51429748535156], "ClipBounds": [63.844207763671875, 140.75230407714844, 141.71690368652344, 167.51429748535156], "Page": 13, "Path": "//Document/Figure[12]", "attributes": {"BBox": [64.0773999999983, 140.85399999999936, 141.59399999999732, 167.25299999999697], "Placement": "Block"}}, {"Bounds": [168.0778045654297, 63.25059509277344, 360.99363708496094, 164.5196075439453], "Font": {"alt_family_name": "Gotham", "embedded": true, "encoding": "Custom", "family_name": "Gotham", "font_type": "Type1", "italic": false, "monospaced": false, "name": "UNOJFT+Gotham-Light", "subset": true, "weight": 300}, "HasClip": false, "Lang": "en", "Page": 13, "Path": "//Document/P[25]", "Text": "At the University of Exeter, a new engineering programme (Eng2020) has been designed to focus on global engineering challenges and entrepreneurship. Engineering education at the university is moving towards preparing graduates to make real-world impact, adapt to rapidly changing technology, and develop 21st century skills.   ", "TextSize": 8.5, "attributes": {"LineHeight": 13}}, {"Bounds": [45.35429382324219, 474.53919982910156, 375.9837188720703, 537.4221954345703], "Font": {"alt_family_name": "Gotham", "embedded": true, "encoding": "Custom", "family_name": "Gotham", "font_type": "Type1", "italic": false, "monospaced": false, "name": "UNOJFT+Gotham-Light", "subset": true, "weight": 300}, "HasClip": false, "Lang": "en", "Page": 14, "Path": "//Document/P[26]", "Text": "By equipping graduates to succeed in high-value sectors, our universities play a critical role in driving economic growth: a single cohort of UK-domiciled students at Russell Group universities is estimated to contribute more than \u00a320 billion to the economy over the course of their working lives, including \u00a311 billion in tax and NI contributions. ", "TextSize": 9.0, "attributes": {"LineHeight": 13, "SpaceAfter": 9.25}}, {"Bounds": [45.35429382324219, 400.97320556640625, 362.7546691894531, 463.3161926269531], "Font": {"alt_family_name": "Gotham", "embedded": true, "encoding": "Custom", "family_name": "Gotham", "font_type": "Type1", "italic": false, "monospaced": false, "name": "UNOJFT+Gotham-Light", "subset": true, "weight": 300}, "HasClip": false, "Lang": "en", "Page": 14, "Path": "//Document/P[27]", "Text": "Our most powerful asset to address UK and global challenges are our students. One of the greatest global threats is the impact of climate change. All students at a Russell Group university are given the opportunity to learn about environmental sustainability so that future generations can help tackle the issues caused by climate change. ", "TextSize": 9.0, "attributes": {"LineHeight": 13, "SpaceAfter": 9.125}}, {"Bounds": [45.35429382324219, 274.34320068359375, 380.1000671386719, 389.210205078125], "Font": {"alt_family_name": "Gotham", "embedded": true, "encoding": "Custom", "family_name": "Gotham", "font_type": "Type1", "italic": false, "monospaced": false, "name": "UNOJFT+Gotham-Light", "subset": true, "weight": 300}, "HasClip": false, "Lang": "en", "Page": 14, "Path": "//Document/P[28]", "Text": "Programmes like the University of Edinburgh\u2019s Futures Institute are innovating in this space, combining education from STEM and social sciences, arts and humanities (SHAPE) subjects to foster interdisciplinary skills needed to tackle climate change. The Government\u2019s Ten Point Plan for a Green Industrial Revolution aims to drive \u00a3100 billion of private sector investment by 2030 and support 480,000 green jobs in renewables by the end of the decade. It is our ambition to ensure graduates have the technical skills and knowledge to progress into these jobs, drive societal change, support the UK\u2019s place at the heart of the green economy and live more sustainable lives. ", "TextSize": 9.0, "attributes": {"LineHeight": 13, "SpaceAfter": 18}}, {"Bounds": [66.30900573730469, 197.0959930419922, 142.0023956298828, 229.39199829101562], "ClipBounds": [66.30900573730469, 197.0959930419922, 142.0019989013672, 229.39199829101562], "Page": 14, "Path": "//Document/Aside[9]/P/Figure", "attributes": {"BBox": [66.59729999999763, 197.37199999999575, 141.9539999999979, 229.17099999999482], "Placement": "Start"}}, {"Bounds": [66.30900573730469, 63.464996337890625, 356.9987335205078, 229.7165069580078], "ClipBounds": [66.30900573730469, 63.464996337890625, 356.9987335205078, 229.7165069580078], "Font": {"alt_family_name": "Gotham", "embedded": true, "encoding": "Custom", "family_name": "Gotham", "font_type": "Type1", "italic": false, "monospaced": false, "name": "UNOJFT+Gotham-Light", "subset": true, "weight": 300}, "HasClip": false, "Lang": "en", "Page": 14, "Path": "//Document/Aside[9]/P", "Text": "The University of Manchester is ensuring that all students develop sustainability skills and competencies as part of a socially responsible curriculum. Flagship initiatives include the award-winning University Living Lab, where students carry out real research to help organisations around the world meet their sustainable development goals. The university has also developed the \u2018Creating a Sustainable World\u2019 course to equip students with the knowledge and skills needed to address the United Nations Sustainable Development Goals. ", "TextSize": 8.5, "attributes": {"LineHeight": 13}}, {"Bounds": [-8.753997802734375, 273.2929992675781, 420.60533142089844, 596.2763519287109], "ClipBounds": [-0.25, 273.2929992675781, 419.77801513671875, 595.5250244140625], "Page": 15, "Path": "//Document/Figure[13]", "attributes": {"BBox": [0.0, 272.60899999999674, 419.502999999997, 595.2759999999835], "Placement": "Block"}}, {"Bounds": [-8.753997802734375, 273.2929992675781, 420.60533142089844, 596.2763519287109], "ClipBounds": [-0.25, 273.2929992675781, 419.77801513671875, 595.5250244140625], "Font": {"alt_family_name": "Gotham", "embedded": true, "encoding": "Custom", "family_name": "Gotham", "font_type": "Type1", "italic": false, "monospaced": false, "name": "UNOJFT+Gotham-Medium", "subset": true, "weight": 500}, "HasClip": false, "Page": 15, "Path": "//Document/Figure[13]", "Text": "Section 5: Creating a supportive environment for students ", "TextSize": 16.0, "attributes": {"BBox": [0.0, 272.60899999999674, 419.502999999997, 595.2759999999835], "Placement": "Block"}}, {"Bounds": [45.35429382324219, 159.7595977783203, 370.6044921875, 227.72860717773438], "Font": {"alt_family_name": "Gotham", "embedded": true, "encoding": "Custom", "family_name": "Gotham", "font_type": "Type1", "italic": false, "monospaced": false, "name": "UNOJFT+Gotham-Medium", "subset": true, "weight": 500}, "HasClip": false, "Lang": "en", "Page": 15, "Path": "//Document/P[29]", "Text": "Leaving school or work to study at university can be both exciting and challenging. Our universities are dedicated to supporting students to make that transition so they can thrive, while enhancing the \u2018soft\u2019 skills employers value such as resilience and adaptability.  ", "TextSize": 11.0, "attributes": {"LineHeight": 14, "SpaceAfter": 6.375}}, {"Bounds": [45.35429382324219, 88.83349609375, 357.32762145996094, 151.17649841308594], "Font": {"alt_family_name": "Gotham", "embedded": true, "encoding": "Custom", "family_name": "Gotham", "font_type": "Type1", "italic": false, "monospaced": false, "name": "UNOJFT+Gotham-Light", "subset": true, "weight": 300}, "HasClip": false, "Lang": "en", "Page": 15, "Path": "//Document/P[30]", "Text": "Students at Russell Group universities benefit from a range of support as they transition from post-16 education into degree-level study. This includes dedicated pastoral support for students as they move away from home \u2013 often for the first time \u2013 so that they can learn to be independent, thriving in new, challenging environments.  ", "TextSize": 9.0, "attributes": {"LineHeight": 13, "SpaceAfter": 18}}, {"Bounds": [45.47929382324219, 448.5471954345703, 376.59471130371094, 537.4221954345703], "Font": {"alt_family_name": "Gotham", "embedded": true, "encoding": "Custom", "family_name": "Gotham", "font_type": "Type1", "italic": false, "monospaced": false, "name": "UNOJFT+Gotham-Light", "subset": true, "weight": 300}, "HasClip": false, "Lang": "en", "Page": 16, "Path": "//Document/P[31]", "Text": "Ensuring a smooth transition into university and promoting wellbeing has a positive impact on academic attainment as well as wider educational outcomes. With the Open University, the Russell Group has set up a resource of free courses, under the banner Jumpstart University, offering people about to start university the chance to learn about financial management, study skills such as essay writing and how to look after their mental health. ", "TextSize": 9.0, "attributes": {"LineHeight": 13, "SpaceAfter": 9}}, {"Bounds": [45.47929382324219, 361.44520568847656, 376.34266662597656, 437.32420349121094], "Font": {"alt_family_name": "Gotham", "embedded": true, "encoding": "Custom", "family_name": "Gotham", "font_type": "Type1", "italic": false, "monospaced": false, "name": "UNOJFT+Gotham-Light", "subset": true, "weight": 300}, "HasClip": false, "Lang": "en", "Page": 16, "Path": "//Document/P[32]", "Text": "Russell Group universities are increasing investment in hardship funds, student support and mental health services. This means not only upping their spending on traditional services like counselling, but also drawing on the world-leading research undertaken at our universities to implement new approaches and partnerships that help students take steps to protect their mental health proactively.  ", "TextSize": 9.0, "attributes": {"LineHeight": 13, "SpaceAfter": 18}}, {"Bounds": [66.26229858398438, 293.37469482421875, 139.75929260253906, 315.45770263671875], "ClipBounds": [66.26300048828125, 293.375, 139.75799560546875, 315.45770263671875], "Page": 16, "Path": "//Document/Aside[10]/P/Figure", "attributes": {"BBox": [66.47729999999865, 293.6079999999929, 139.55399999999645, 315.2069999999949], "Placement": "Start"}}, {"Bounds": [66.26229858398438, 147.39120483398438, 350.17076110839844, 315.45770263671875], "ClipBounds": [66.26300048828125, 147.39120483398438, 350.17076110839844, 315.45770263671875], "Font": {"alt_family_name": "Gotham", "embedded": true, "encoding": "Custom", "family_name": "Gotham", "font_type": "Type1", "italic": false, "monospaced": false, "name": "UNOJFT+Gotham-Medium", "subset": true, "weight": 500}, "HasClip": false, "Lang": "en", "Page": 16, "Path": "//Document/Aside[10]/P", "Text": "UCL\u2019s Institute of Mental Health is playing a pivotal role in improving student mental health support across the UK. They are a central partner in a project commended as good practice by the Office for Students (OfS) in its new \u2018Joint working between providers and the NHS to support student mental health\u2019 initiative. Their \u2018SPEQS Toolkit\u2019 is designed to help universities across the UK to develop and enhance their partnerships with the NHS to provide holistic support for students\u2019 mental health and wellbeing.  ", "TextSize": 8.5, "attributes": {"LineHeight": 13, "SpaceAfter": 18}}, {"Bounds": [49.62226867675781, 273.06849670410156, 369.1487731933594, 530.4235534667969], "ClipBounds": [50.39799499511719, 273.8760070800781, 368.3789978027344, 529.6199951171875], "Page": 17, "Path": "//Document/Figure[14]", "attributes": {"BBox": [50.63789999999972, 273.9289999999892, 368.38499999999476, 529.3989999999758], "Placement": "Block"}}, {"Bounds": [60.80889892578125, 228.56370544433594, 139.87139892578125, 247.5677947998047], "ClipBounds": [60.80889892578125, 228.56370544433594, 139.87139892578125, 247.5677947998047], "Page": 17, "Path": "//Document/Figure[15]", "attributes": {"BBox": [61.07749999999942, 228.6909999999989, 139.7939999999944, 247.2899999999936], "Placement": "Block"}}, {"Bounds": [167.8278045654297, 70.31100463867188, 348.9449768066406, 249.5590057373047], "Font": {"alt_family_name": "Gotham", "embedded": true, "encoding": "Custom", "family_name": "Gotham", "font_type": "Type1", "italic": false, "monospaced": false, "name": "UNOJFT+Gotham-Light", "subset": true, "weight": 300}, "HasClip": false, "Lang": "en", "Page": 17, "Path": "//Document/P[33]", "Text": "The University of Birmingham\u2019s Pause@ UOB service is a student co-produced, no wait mental health drop-in hub available on campus and online. This service focuses on early intervention approaches to mental health support, wellbeing community development and de-stigmatisation. Originally funded by the OfS Challenge Competition, the service was able to support over 2,500 students over the pandemic and is now co-funded in partnership with Birmingham Women\u2019s and Children\u2019s NHS Foundation and the Children\u2019s Society. ", "TextSize": 8.5, "attributes": {"LineHeight": 13, "SpaceAfter": 18}}, {"Bounds": [-1.019866943359375, 272.4599914550781, 428.281005859375, 596.3202056884766], "ClipBounds": [-0.25, 273.2929992675781, 419.77801513671875, 595.5250244140625], "Page": 18, "Path": "//Document/Figure[16]", "attributes": {"BBox": [0.0, 272.60899999999674, 419.502999999997, 595.2759999999835], "Placement": "Block"}}, {"Bounds": [-1.019866943359375, 272.4599914550781, 428.281005859375, 596.3202056884766], "ClipBounds": [-0.25, 273.2929992675781, 419.77801513671875, 595.5250244140625], "Font": {"alt_family_name": "Gotham", "embedded": true, "encoding": "Custom", "family_name": "Gotham", "font_type": "Type1", "italic": false, "monospaced": false, "name": "UNOJFT+Gotham-Medium", "subset": true, "weight": 500}, "HasClip": false, "Page": 18, "Path": "//Document/Figure[16]", "Text": "Section 6: Conclusion: Education for the future  ", "TextSize": 16.0, "attributes": {"BBox": [0.0, 272.60899999999674, 419.502999999997, 595.2759999999835], "Placement": "Block"}}, {"Bounds": [45.35429382324219, 187.76559448242188, 312.347412109375, 227.72860717773438], "Font": {"alt_family_name": "Gotham", "embedded": true, "encoding": "Custom", "family_name": "Gotham", "font_type": "Type1", "italic": false, "monospaced": false, "name": "UNOJFT+Gotham-Medium", "subset": true, "weight": 500}, "HasClip": false, "Lang": "en", "Page": 18, "Path": "//Document/H1[4]", "Text": "As educators responsible for teaching a quarter of all UK-based graduates our universities have big ambitions for the future of education.  ", "TextSize": 11.0, "attributes": {"LineHeight": 14, "SpaceAfter": 9.125, "TextAlign": "Justify"}}, {"Bounds": [45.35429382324219, 100.46290588378906, 356.3187255859375, 176.34190368652344], "Font": {"alt_family_name": "Gotham", "embedded": true, "encoding": "Custom", "family_name": "Gotham", "font_type": "Type1", "italic": false, "monospaced": false, "name": "UNOJFT+Gotham-Light", "subset": true, "weight": 300}, "HasClip": false, "Lang": "en", "Page": 18, "Path": "//Document/P[34]", "Text": "Our universities are constantly re-assessing their models of education to ensure every student can meet their potential. A student\u2019s pathway needs to be individualised to their own learning needs, with expanded routes into flexible and lifelong learning. The frameworks to provide a coherent pathway for students taking individual modules, building toward a final award, should be sector-designed.  ", "TextSize": 9.0, "attributes": {"LineHeight": 13, "SpaceAfter": 18}}, {"Bounds": [45.35429382324219, 52.348907470703125, 336.19464111328125, 88.66389465332031], "Font": {"alt_family_name": "Gotham", "embedded": true, "encoding": "Custom", "family_name": "Gotham", "font_type": "Type1", "italic": false, "monospaced": false, "name": "UNOJFT+Gotham-Medium", "subset": true, "weight": 500}, "HasClip": false, "Lang": "en", "Page": 18, "Path": "//Document/P[35]", "Text": "The intensive, skills driven education provided by Russell Group universities demonstrates the value of sustainable, long-term investment in high-quality higher education. ", "TextSize": 9.0, "attributes": {"LineHeight": 13}}, {"Bounds": [45.35429382324219, 492.5117950439453, 375.2834777832031, 542.3988037109375], "Font": {"alt_family_name": "Gotham", "embedded": true, "encoding": "Custom", "family_name": "Gotham", "font_type": "Type1", "italic": false, "monospaced": false, "name": "UNOJFT+Gotham-Light", "subset": true, "weight": 300}, "HasClip": false, "Lang": "en", "Page": 19, "Path": "//Document/P[36]", "Text": "Russell Group universities will continue to build on their local, national and international partnerships to ensure their courses are always informed by the latest research and expertise and are responsive to the changing requirements of employers and the skills needs of their regions. ", "TextSize": 9.0, "attributes": {"LineHeight": 13, "SpaceAfter": 9.25}}, {"Bounds": [45.35429382324219, 379.4178009033203, 357.85862731933594, 481.28880310058594], "Font": {"alt_family_name": "Gotham", "embedded": true, "encoding": "Custom", "family_name": "Gotham", "font_type": "Type1", "italic": false, "monospaced": false, "name": "UNOJFT+Gotham-Light", "subset": true, "weight": 300}, "HasClip": false, "Lang": "en", "Page": 19, "Path": "//Document/P[37]", "Text": "Students will be given more opportunities to engage critically with course content, applying their knowledge to real-life issues. Innovative assessment will become an even more important part of the learning process, with student, academic and employer reflection on the best ways to test and reinforce the skills graduates will need. Learners will also benefit from different forms of assessment with an enhanced focus on collaborative and multidisciplinary learning, building critical skills such as teamwork, analytical thinking and leadership.  ", "TextSize": 9.0, "attributes": {"LineHeight": 13, "SpaceAfter": 9.125}}, {"Bounds": [45.35429382324219, 292.3157958984375, 378.51365661621094, 368.1947937011719], "Font": {"alt_family_name": "Gotham", "embedded": true, "encoding": "Custom", "family_name": "Gotham", "font_type": "Type1", "italic": false, "monospaced": false, "name": "UNOJFT+Gotham-Light", "subset": true, "weight": 300}, "HasClip": false, "Lang": "en", "Page": 19, "Path": "//Document/P[38]", "Text": "Digital tools will play an increasingly prominent role in enriching education. This will include the use of Artificial Intelligence (AI) in learning and assessment which will bring both challenges as well as opportunities. The coming years will be a key moment for universities to consider the ethical considerations of using AI and to identify how best to harness the benefits of this technology and embrace change whilst ensuring academic rigour. ", "TextSize": 9.0, "attributes": {"LineHeight": 13, "SpaceAfter": 9.125}}, {"Bounds": [45.35429382324219, 218.2097930908203, 383.10362243652344, 281.0928039550781], "Font": {"alt_family_name": "Gotham", "embedded": true, "encoding": "Custom", "family_name": "Gotham", "font_type": "Type1", "italic": false, "monospaced": false, "name": "UNOJFT+Gotham-Light", "subset": true, "weight": 300}, "HasClip": false, "Lang": "en", "Page": 19, "Path": "//Document/P[39]", "Text": "Thinking about the future of education requires imagination but also the appetite to accept an element of risk. Our universities will be ambitious in creating academically stretching, increasingly flexible learning opportunities and course curricula. We will continue to anticipate the needs of the future, delivering world-class education to more diverse cohorts than ever before. ", "TextSize": 9.0, "attributes": {"LineHeight": 13, "SpaceAfter": 18}}, {"Bounds": [45.35429382324219, 124.18679809570312, 194.74351501464844, 135.32879638671875], "Font": {"alt_family_name": "Gotham", "embedded": true, "encoding": "WinAnsiEncoding", "family_name": "Gotham", "font_type": "Type1", "italic": false, "monospaced": false, "name": "UNOJFT+Gotham-Book", "subset": true, "weight": 400}, "HasClip": false, "Page": 19, "Path": "//Document/P[40]/Sub", "Text": "The Russell Group of Universities ", "TextSize": 9.0, "attributes": {"Placement": "Block"}}, {"Bounds": [45.35429382324219, 111.90179443359375, 154.80148315429688, 121.68479919433594], "Font": {"alt_family_name": "Gotham", "embedded": true, "encoding": "Custom", "family_name": "Gotham", "font_type": "Type1", "italic": false, "monospaced": false, "name": "UNOJFT+Gotham-Medium", "subset": true, "weight": 500}, "HasClip": false, "Page": 19, "Path": "//Document/P[40]/Sub[2]", "Text": "www.russellgroup.ac.uk ", "TextSize": 9.0, "attributes": {"Placement": "Block"}}, {"Bounds": [45.35429382324219, 98.19479370117188, 141.77127075195312, 109.33680725097656], "Font": {"alt_family_name": "Gotham", "embedded": true, "encoding": "WinAnsiEncoding", "family_name": "Gotham", "font_type": "Type1", "italic": false, "monospaced": false, "name": "UNOJFT+Gotham-Book", "subset": true, "weight": 400}, "HasClip": false, "Page": 19, "Path": "//Document/P[40]/Sub[3]", "Text": "+44 (0)20 3816 1300 ", "TextSize": 9.0, "attributes": {"Placement": "Block"}}, {"Bounds": [45.35429382324219, 85.19880676269531, 177.67050170898438, 96.34080505371094], "Font": {"alt_family_name": "Gotham", "embedded": true, "encoding": "WinAnsiEncoding", "family_name": "Gotham", "font_type": "Type1", "italic": false, "monospaced": false, "name": "UNOJFT+Gotham-Book", "subset": true, "weight": 400}, "HasClip": false, "Page": 19, "Path": "//Document/P[40]/Sub[4]", "Text": "enquiries@russellgroup.ac.uk ", "TextSize": 9.0, "attributes": {"Placement": "Block"}}, {"Bounds": [45.35429382324219, 72.91380310058594, 112.7723388671875, 82.69679260253906], "Font": {"alt_family_name": "Gotham", "embedded": true, "encoding": "Custom", "family_name": "Gotham", "font_type": "Type1", "italic": false, "monospaced": false, "name": "UNOJFT+Gotham-Medium", "subset": true, "weight": 500}, "HasClip": false, "Page": 19, "Path": "//Document/P[40]/Sub[5]", "Text": "@russellgroup ", "TextSize": 9.0, "attributes": {"Placement": "Block"}}, {"Bounds": [276.0959014892578, 100.38020324707031, 374.4228973388672, 134.18719482421875], "ClipBounds": [276.0959014892578, 100.38020324707031, 374.4228973388672, 134.18719482421875], "Page": 19, "Path": "//Document/Figure[17]", "attributes": {"BBox": [276.3489999999874, 100.53599999999642, 374.2649999999994, 134.01499999999942], "BackgroundColor": [0.2980349999999987, 0.1254879999999971, 0.3568569999999909], "Placement": "Block"}}, {"Bounds": [45.35429382324219, 44.35350036621094, 169.45591735839844, 53.019500732421875], "Font": {"alt_family_name": "Gotham", "embedded": true, "encoding": "WinAnsiEncoding", "family_name": "Gotham", "font_type": "Type1", "italic": false, "monospaced": false, "name": "UNOJFT+Gotham-Book", "subset": true, "weight": 400}, "HasClip": false, "Page": 19, "Path": "//Document/P[41]/Sub", "Text": "\u00a9 The Russell Group of Universities ", "TextSize": 7.0, "attributes": {"Placement": "Block"}}, {"Bounds": [45.35429382324219, 35.95350646972656, 207.9202117919922, 44.6195068359375], "Font": {"alt_family_name": "Gotham", "embedded": true, "encoding": "WinAnsiEncoding", "family_name": "Gotham", "font_type": "Type1", "italic": false, "monospaced": false, "name": "UNOJFT+Gotham-Book", "subset": true, "weight": 400}, "HasClip": false, "Page": 19, "Path": "//Document/P[41]/Sub[2]", "Text": "A company limited by guarantee, registered in ", "TextSize": 7.0, "attributes": {"Placement": "Block"}}, {"Bounds": [45.35429382324219, 27.553497314453125, 238.6922149658203, 36.21949768066406], "Font": {"alt_family_name": "Gotham", "embedded": true, "encoding": "WinAnsiEncoding", "family_name": "Gotham", "font_type": "Type1", "italic": false, "monospaced": false, "name": "UNOJFT+Gotham-Book", "subset": true, "weight": 400}, "HasClip": false, "Page": 19, "Path": "//Document/P[41]/Sub[3]", "Text": "England and Wales under company number 06086902 ", "TextSize": 7.0, "attributes": {"Placement": "Block"}}], "pages": [{"boxes": {"CropBox": [0.0, 0.0, 419.52801513671875, 595.2760009765625], "MediaBox": [0.0, 0.0, 419.52801513671875, 595.2760009765625]}, "height": 595.2760009765625, "is_scanned": false, "page_number": 0, "rotation": 0, "width": 419.52801513671875}, {"boxes": {"CropBox": [0.0, 0.0, 419.52801513671875, 595.2760009765625], "MediaBox": [0.0, 0.0, 419.52801513671875, 595.2760009765625]}, "height": 595.2760009765625, "is_scanned": false, "page_number": 1, "rotation": 0, "width": 419.52801513671875}, {"boxes": {"CropBox": [0.0, 0.0, 419.52801513671875, 595.2760009765625], "MediaBox": [0.0, 0.0, 419.52801513671875, 595.2760009765625]}, "height": 595.2760009765625, "is_scanned": false, "page_number": 2, "rotation": 0, "width": 419.52801513671875}, {"boxes": {"CropBox": [0.0, 0.0, 419.52801513671875, 595.2760009765625], "MediaBox": [0.0, 0.0, 419.52801513671875, 595.2760009765625]}, "height": 595.2760009765625, "is_scanned": false, "page_number": 3, "rotation": 0, "width": 419.52801513671875}, {"boxes": {"CropBox": [0.0, 0.0, 419.52801513671875, 595.2760009765625], "MediaBox": [0.0, 0.0, 419.52801513671875, 595.2760009765625]}, "height": 595.2760009765625, "is_scanned": false, "page_number": 4, "rotation": 0, "width": 419.52801513671875}, {"boxes": {"CropBox": [0.0, 0.0, 419.52801513671875, 595.2760009765625], "MediaBox": [0.0, 0.0, 419.52801513671875, 595.2760009765625]}, "height": 595.2760009765625, "is_scanned": false, "page_number": 5, "rotation": 0, "width": 419.52801513671875}, {"boxes": {"CropBox": [0.0, 0.0, 419.52801513671875, 595.2760009765625], "MediaBox": [0.0, 0.0, 419.52801513671875, 595.2760009765625]}, "height": 595.2760009765625, "is_scanned": false, "page_number": 6, "rotation": 0, "width": 419.52801513671875}, {"boxes": {"CropBox": [0.0, 0.0, 419.52801513671875, 595.2760009765625], "MediaBox": [0.0, 0.0, 419.52801513671875, 595.2760009765625]}, "height": 595.2760009765625, "is_scanned": false, "page_number": 7, "rotation": 0, "width": 419.52801513671875}, {"boxes": {"CropBox": [0.0, 0.0, 419.52801513671875, 595.2760009765625], "MediaBox": [0.0, 0.0, 419.52801513671875, 595.2760009765625]}, "height": 595.2760009765625, "is_scanned": false, "page_number": 8, "rotation": 0, "width": 419.52801513671875}, {"boxes": {"CropBox": [0.0, 0.0, 419.52801513671875, 595.2760009765625], "MediaBox": [0.0, 0.0, 419.52801513671875, 595.2760009765625]}, "height": 595.2760009765625, "is_scanned": false, "page_number": 9, "rotation": 0, "width": 419.52801513671875}, {"boxes": {"CropBox": [0.0, 0.0, 419.52801513671875, 595.2760009765625], "MediaBox": [0.0, 0.0, 419.52801513671875, 595.2760009765625]}, "height": 595.2760009765625, "is_scanned": false, "page_number": 10, "rotation": 0, "width": 419.52801513671875}, {"boxes": {"CropBox": [0.0, 0.0, 419.52801513671875, 595.2760009765625], "MediaBox": [0.0, 0.0, 419.52801513671875, 595.2760009765625]}, "height": 595.2760009765625, "is_scanned": false, "page_number": 11, "rotation": 0, "width": 419.52801513671875}, {"boxes": {"CropBox": [0.0, 0.0, 419.52801513671875, 595.2760009765625], "MediaBox": [0.0, 0.0, 419.52801513671875, 595.2760009765625]}, "height": 595.2760009765625, "is_scanned": false, "page_number": 12, "rotation": 0, "width": 419.52801513671875}, {"boxes": {"CropBox": [0.0, 0.0, 419.52801513671875, 595.2760009765625], "MediaBox": [0.0, 0.0, 419.52801513671875, 595.2760009765625]}, "height": 595.2760009765625, "is_scanned": false, "page_number": 13, "rotation": 0, "width": 419.52801513671875}, {"boxes": {"CropBox": [0.0, 0.0, 419.52801513671875, 595.2760009765625], "MediaBox": [0.0, 0.0, 419.52801513671875, 595.2760009765625]}, "height": 595.2760009765625, "is_scanned": false, "page_number": 14, "rotation": 0, "width": 419.52801513671875}, {"boxes": {"CropBox": [0.0, 0.0, 419.52801513671875, 595.2760009765625], "MediaBox": [0.0, 0.0, 419.52801513671875, 595.2760009765625]}, "height": 595.2760009765625, "is_scanned": false, "page_number": 15, "rotation": 0, "width": 419.52801513671875}, {"boxes": {"CropBox": [0.0, 0.0, 419.52801513671875, 595.2760009765625], "MediaBox": [0.0, 0.0, 419.52801513671875, 595.2760009765625]}, "height": 595.2760009765625, "is_scanned": false, "page_number": 16, "rotation": 0, "width": 419.52801513671875}, {"boxes": {"CropBox": [0.0, 0.0, 419.52801513671875, 595.2760009765625], "MediaBox": [0.0, 0.0, 419.52801513671875, 595.2760009765625]}, "height": 595.2760009765625, "is_scanned": false, "page_number": 17, "rotation": 0, "width": 419.52801513671875}, {"boxes": {"CropBox": [0.0, 0.0, 419.52801513671875, 595.2760009765625], "MediaBox": [0.0, 0.0, 419.52801513671875, 595.2760009765625]}, "height": 595.2760009765625, "is_scanned": false, "page_number": 18, "rotation": 0, "width": 419.52801513671875}, {"boxes": {"CropBox": [0.0, 0.0, 419.52801513671875, 595.2760009765625], "MediaBox": [0.0, 0.0, 419.52801513671875, 595.2760009765625]}, "height": 595.2760009765625, "is_scanned": false, "page_number": 19, "rotation": 0, "width": 419.52801513671875}]}