﻿"Managers , direcrs and senior officials  ",Professional Occupations  ,Associate Prof essional& Technical Occupations  ,Skilled Trades  
Speaking  ,Reading Comprehension  ,Reading Comprehension  ,Critical Thinking  
Critical Thinking  ,Critical Thinking  ,Critical Thinking  ,Speaking  
Monitoring  ,Active Listening  ,Active Listening  ,Active Listening  
Active Listening  ,Judgment and Decision Making  ,Speaking  ,Monitoring  
Reading Comprehension  ,Complex Problem Solving  ,Writing  ,Time Management  
Coordination  ,Writing  ,Monitoring  ,Operations Monitoring  
Judgment and Decision Making  ,Speaking  ,Complex Problem Solving  ,Quality Control Analysis  
Complex Problem Solving  ,Systems Analysis  ,Judgment and Decision Making  ,Reading Comprehension  
Time Management  ,Active Learning  ,Active Learning  ,Judgment and Decision Making  
Writing  ,Monitoring  ,Time Management  ,Coordination  
Sales and Customer Service Occupations  ,"Process, Plant and Machine Operatives  ",Elementary occupations  ,All green occupations  
Speaking  ,Operations Monitoring  ,Speaking  ,Critical Thinking  
Social Perceptiveness  ,Critical Thinking  ,Active Listening  ,Active Listening  
Active Listening  ,Operation and Control  ,Operation and Control  ,Reading Comprehension  
Reading Comprehension  ,Monitoring  ,Coordination  ,Speaking  
Service Orientation  ,Active Listening  ,Operations Monitoring  ,Monitoring  
Coordination  ,Reading Comprehension  ,Monitoring  ,Judgment and Decision Making  
Critical Thinking  ,Speaking  ,Critical Thinking  ,Complex Problem Solving  
Persuasion  ,Quality Control Analysis  ,Time Management  ,Writing  
Time Management  ,Judgment and Decision Making  ,Reading Comprehension  ,Time Management  
Writing  ,Troubleshooting  ,Judgment and Decision Making  ,Active Learning  
