﻿Sector (SIC)  ,York  TTWA  
"Agriculture, forestry and fishing  ",27%  
Mining And Quarrying  ,0%  
Utilities - power  ,41%  
Utilities - water  ,0%  
Manufacturing  ,51%  
Construction  ,7%  
"Wholesale, retail  ",40%  
Transportation and storage  ,34%  
Accommodation and food  ,23%  
Information and communication  ,45%  
Finance and insurance  ,29%  
Real estate activities  ,37%  
"Professional, scientific and technical  ",35%  
Administrative and support service  ,42%  
Public administration and defence  ,38%  
Education  ,39%  
Human health and social work  ,10%  
"Arts, entertainment and recreation, and other  ",23%  
Other services  ,25%  
