﻿SIC20  ,No. of green jobs  ,Green jobs as % of sector  
"A Agriculture, forestry and fishing  ",-  ,-  
B Mining and quarrying  ,-  ,-  
C Manufacturing  ,735  ,3%  
D Utilities - power  ,68  ,5%  
E Utilities - water and waste  ,14  ,1%  
F Construction  ,661  ,4%  
"G Wholesale, retail and repair  ",78  ,0%  
H Transportation and storage  ,-  ,-  
J Information and communication  ,7  ,0%  
L Real estate activities  ,9  ,0%  
M Professional/scientific/technical  ,191  ,1%  
N Admin. and support services  ,18  ,0%  
P Education  ,2  ,0%  
S Other activities  ,3  ,0%  
All  ,1809  ,1%  
