﻿"Managers, diretcors and senior officials  ",Professional Occupations  ,Associate Prof & Tech Occupations  ,Skilled Trades  
Administration and Management  ,English Language  ,English Language  ,Mechanical  
English Language  ,Mathematics  ,Mathematics  ,Building and Construction  
Mathematics  ,Engineering and Technology  ,Computers and Electronics  ,Customer and Personal Service  
Customer and Personal Service  ,Computers and Electronics  ,Engineering and Technology  ,English Language  
Production and Processing  ,Design  ,Customer and Personal Service  ,Mathematics  
Personnel and Human Resources  ,Administration and Management  ,Mechanical  ,Design  
Public Safety and Security  ,Physics  ,Education and Training  ,Engineering and Technology  
Engineering and Technology  ,Customer and Personal Service  ,Administration and Management  ,Administration and Management  
Computers and Electronics  ,Law and Government  ,Design  ,Education and Training  
Economics and Accounting  ,Education and Training  ,Production and Processing  ,Public Safety and Security  
Sales and Customer Service Occupations  ,"Process, Plant and Machine Operatives  ",Elementary occupations  ,All green occupations  
Customer and Personal Service  ,Mechanical  ,Customer and Personal Service  ,English Language  
English Language  ,English Language  ,Public Safety and Security  ,Mathematics  
Sales and Marketing  ,Production and Processing  ,Mechanical  ,Engineering and Technology  
Administrative  ,Public Safety and Security  ,Administration and Management  ,Computers and Electronics  
Administration and Management  ,Mathematics  ,Transportation  ,Customer and Personal Service  
Mathematics  ,Education and Training  ,Education and Training  ,Administration and Management  
Computers and Electronics  ,Computers and Electronics  ,English Language  ,Mechanical  
Education and Training  ,Engineering and Technology  ,Production and Processing  ,Design  
Law and Government  ,Chemistry  ,Mathematics  ,Education and Training  
Mechanical  ,Physics  ,Building and Construction  ,Production and Processing  
