﻿Green occupations  ,,,Non-green occupations  
Skills  ,Frequency (no.)  ,Skill type  ,Skills  ,Frequency (no.)  ,Skill type  
Communication  ,1459  ,Cross-sector  ,Communication  ,3466  ,Cross-sector  
Customer service  ,822  ,Sector-specific  ,Work as a team  ,1667  ,Cross-sector  
Work as a team  ,795  ,Cross-sector  ,Personal development  ,1105  ,Cross-sector  
Attention to detail  ,390  ,Cross-sector  ,Customer service  ,1061  ,Sector-specific  
Accounting  ,316  ,Cross-sector  ,Attention to detail  ,868  ,Cross-sector  
JavaScript  ,274  ,Sector-specific  ,Accounting  ,420  ,Cross-sector  
SQL  ,273  ,Sector-specific  ,Lead a team  ,418  ,Cross-sector  
CSS  ,257  ,Sector-specific  ,Person centred care  ,294  ,Sector-specific  
Logistics  ,245  ,Cross-sector  ,Physiotherapy  ,288  ,Sector-specific  
Lead a team  ,245  ,Cross-sector  ,Primary care  ,283  ,Cross-sector  
Quality standards  ,240  ,Cross-sector  ,Focus on service  ,279  ,Cross-sector  
Manage a team  ,204  ,Cross-sector  ,Manage a team  ,274  ,Cross-sector  
Energy31  ,198  ,Cross-sector  ,Nutrition  ,261  ,Sector-specific  
Application process  ,190  ,Occupation-specific  ,Application process  ,247  ,Occupation-specific  
PHP  ,186  ,Sector-specific  ,Palliative care  ,235  ,Sector-specific  
SQL Server  ,176  ,Sector-specific  ,Work independently  ,206  ,Transversal  
Personal development  ,175  ,Cross-sector  ,Acute care  ,217  ,Sector-specific  
Statistics  ,170  ,Cross-sector  ,Disability care  ,235  ,Sector-specific  
Project management  ,161  ,Sector-specific  ,Psychology  ,234  ,Cross-sector  
Financial management  ,160  ,Cross-sector  ,Statistics  ,209  ,Cross-sector  
