﻿Green enhanced skills and knowledge  ,Green increased demand  ,Green new and emerging  
Critical Thinking  ,Reading Comprehension  ,Active Listening  
Active Listening  ,Critical Thinking  ,Reading Comprehension  
Speaking  ,Active Listening  ,Speaking  
Reading Comprehension  ,Speaking  ,Critical Thinking  
Monitoring  ,Complex Problem Solving  ,Monitoring  
Judgment and Decision Making  ,Judgment and Decision Making  ,Complex Problem Solving  
Complex Problem Solving  ,Writing  ,Judgment and Decision Making  
Writing  ,Monitoring  ,Writing  
Active Learning  ,Active Learning  ,Coordination  
Time Management  ,Time Management  ,Active Learning  
