﻿Green enhanced skills and knowledge  ,Green increased demand  ,Green new and emerging  
English Language  ,Mathematics  ,English Language  
Mathematics  ,English Language  ,Mathematics  
Engineering and Technology  ,Engineering and Technology  ,Engineering and Technology  
Computers and Electronics  ,Computers and Electronics  ,Administration and Management  
Customer and Personal Service  ,Design  ,Computers and Electronics  
Administration and Management  ,Customer and Personal Service  ,Customer and Personal Service  
Mechanical  ,Administration and Management  ,Mechanical  
Design  ,Mechanical  ,Design  
Education and Training  ,Physics  ,Education and Training  
Public Safety and Security  ,Production and Processing  ,Public Safety and Security  
