﻿Skills terms (N=350)  ,%  
Environmental protection/processes  ,26%  
Recycle  ,17%  
"Renewable Energy (wind, turbine, wave, hydrogen, etc. power generation)  ",12%  
Decarbonisation/ low carbon emissions  ,9%  
Solar technologies  ,9%  
Climate Change  ,5%  
Public Transport Planning  ,3%  
Segregation  ,3%  
Cascading  ,2%  
Waste Monitoring  ,2%  
Biodiesel  ,2%  
Materials Specification  ,2%  
Hazardous Waste Management  ,2%  
Leak Detection  ,2%  
Green Manufacturing  ,1%  
Water Management Systems  ,1%  
Effluent Treatment  ,1%  
Waste Audit  ,1%  
Life Cycle Costing  ,1%  
