﻿Occupation (4-digit SOC)  ,Green job type  ,% of green job vacancy postings  ,Total vacancy postings  
Warehouse operatives  ,Increased demand  ,7%  ,211  
Customer service occupations n.e.c.  ,Increased demand  ,6%  ,200  
Programmers and software development professionals  ,Enhanced skills and knowledge  ,5%  ,175  
Higher education teaching professionals  ,Enhanced skills and knowledge  ,5%  ,145  
Finance and investment analysts and advisers  ,Enhanced skills and knowledge  ,4%  ,118  
Delivery drivers and couriers  ,Enhanced skills and knowledge  ,4%  ,115  
Chartered and certified accountants  ,Enhanced skills and knowledge  ,4%  ,115  
Primary education teaching professionals  ,Enhanced skills and knowledge  ,2%  ,79  
Solicitors and lawyers  ,Enhanced skills and knowledge  ,2%  ,79  
IT user support technicians  ,Increased demand  ,2%  ,74  
Metal working production and maintenance fitters  ,Enhanced skills and knowledge  ,2%  ,64  
Other vocational and industrial trainers  ,Enhanced skills and knowledge  ,2%  ,59  
Management consultants and business analysts  ,Enhanced skills and knowledge  ,2%  ,58  
Market research interviewers  ,Increased demand  ,2%  ,58  
Records clerks and assistants  ,Increased demand  ,2%  ,56  
Financial and accounting technicians  ,Enhanced skills and knowledge  ,2%  ,52  
"IT business analysts, architects and systems designers  ",Enhanced skills and knowledge  ,2%  ,52  
Managers and directors in retail and wholesale  ,Enhanced skills and knowledge  ,1%  ,47  
Production managers and directors in manufacturing  ,Enhanced skills and knowledge  ,1%  ,46  
Legal professionals n.e.c.  ,Enhanced skills and knowledge  ,1%  ,40  
