﻿APS  ,Annual Population Survey  
BRES  ,Business Register and Employment Survey  
CASCOT  ,Computer Assisted Structured Coding Tool  
CYC  ,City of York Council  
FTE  ,Full-time equivalent  
IER  ,"Institute for Employment Research, Warwick University  "
ISCO  ,International Stanard Occupational Classification  
LAD  ,Local Authority District  
LCREE  ,Low Carbon and the Renewable Energy Economy  
LGA  ,Local Government Association  
nec  ,Not elsewhere classified  
ONS  ,Office for National Statistics  
O*NET  ,US Occupational Information Network  
pp  ,Percentage point  
SIC  ,Standard Industrial Classification  
SOC  ,Standard Occupational Classification  
TTWA  ,Travel to Work Area  
