﻿Number  ,Action  
1  ,Deploy an agile approach to develop and review standards in priority areas to respond to the challenges of fast-paced technological change.  
2  ,Accelerate the digitalisation of standards to foster greater efficiency and flexibility for industries of the future.  
3  ,"Upscale engagement with stakeholders, in particular innovators, smaller businesses and consumer representatives, to boost their participation in standardisation and draw in their views.  "
4  ,"Strengthen the strategic coordination between Government, the NQI partners and UK Research and Innovation on future priorities for standardisation and the wider NQI to support innovation.  "
5  ,"Raise awareness of how standards and the wider NQI can help inform and support the delivery of Government policies, in particular to enable innovation and the deployment of emerging technologies.  "
6  ,Embed consideration of standards in the policy-making process to unlock their value in fostering growth and innovation.  
