﻿Organisation  ,Description  ,Type of support  
UK  Infrastructure Bank (UKIB)  ,"UKIB is a UK government-owned policy bank with £22 billion of ﬁnancial capacity across its private and local authority lending arms. Its mission is to partner with the private sector and government to increase infrastructure investment to help to tackle climate change and promote economic growth across the UK. As of 27 March 2023, it has announced 12 deals, investing approximately £1.2 billion and unlocking over £5 billion of private capital.  ",Senior debt Mezzanine / ﬁrst loss ﬁnance Guarantees Equity  
British Business Bank  (BBB)  ,"BBB is a government-owned economic development bank established by the UK government. BBB supports access to ﬁnance for smaller businesses to drive sustainable growth and prosperity across the UK, and also to enable the transition to a net zero economy. Between 2014 and end of August 2022, BBB supported  ",Debt[footnote 101]  Guarantees[footnote 102] Equity[footnote 103]  
,£505 million of equity investment in clean technology companies.  ,
UK Export Finance  (UKEF)  ,"UKEF is the UK’s export credit agency. Its mission is to advance prosperity by ensuring no viable UK export fails for lack of ﬁnance or insurance, doing that sustainably and at no net cost to the taxpayer. Alongside this Strategy the Chancellor has announced an increase in UKEF’s capacity from £50 billion to £60 billion to support UK exporters and supply chains. UKEF is committed to increasing its support in clean growth and climate adaptation.  ",Export guarantees[footnote 104]  Debt (for overseas buyers)[footnote 105]  Guarantees (for overseas buyers)[footnote 106]  
UK Research and Innovation  (UKRI) &  Innovate UK  ,"UKRI is a non-departmental public body of the UK government that directs research, innovation and skills funding. It brings together 7 disciplinary research councils, Research England which is focused on higher education institutions, and the UK’s innovation agency, Innovate UK. Between 2015 and 2020 Innovate UK supported 5,940 companies with £1.9 billion of net zero related grants. As a result, these businesses created 67,000 new jobs, and went on to raise £4.8 billion of private investment.  ",Grants[footnote 107][footnote 108]  Innovation loans Investor partnership & knowledge sharing[footnote 109]  Research  commercialisation[footnote 110]  Investor readiness[footnote 111]  
