﻿1  ,Developing/preparing relevant skills/ talent for quantum computing  
2  ,Ensuring senior management is aware of the state of development and business potential of quantum computing  
3  ,Maintaining technical awareness of the rate of development and potential applications of quantum computing  
4  ,Establishing relevant partnerships with external quantum computing specialists  
5  ,Setting up the relevant technology infrastructure for quantum computing  
6  ,Allocation of budgets/funding for quantum computing  
