﻿Automotive & transport  ,"Real estate, hospitality & construction  ",Consumer products & retail  ,Financial services  ,Advanced manufacturing  /diversiﬁed  industrial products  ,"Telecoms, media & entertainment, technology  ",Health & life sciences  ,Power & utilities  
Self-driving cars  ,Resource optimisation  ,Digital marketing optimisation  ,Portfolio optimisation  ,Battery materials modelling  ,Quantum secure communication  ,Drug discovery & development  ,Gas leakage detection  
Schedule optimisation  ,Maintenance schedule optimisation  ,Logistics optimisation  ,Payment cryptography  ,Computational Fluid Dynamics  ,Quantum cryptography  ,Protein modelling  ,Maritime inventory routing  
In-ﬂight  navigation system  ,,,"Risk analysis, risk management  ",Monte Carlo simulations  ,,,Maintenance schedule optimisation  
Trafﬁc ﬂow  optimisation  ,,,Transaction settlement  ,Logistics optimisation  ,,,
Logistics optimisation  ,,,Credit scoring  ,Component purchasing  ,,,
Component purchasing  ,,,,,,,
Flight path optimisation  ,,,,,,,
