﻿,"Modelling chemical reactions, simulating new materials, and other simulation/ modelling-related tasks  ","Enhancing machine learning, improving  artiﬁcial  intellegence, and other similar tasks  ","Optimisation or pricing, supply chain, and optimisation related tasks  ","Improved database searches, mapping of DNA sequences, and other data-search related tasks  ","Cryptography, prime factorisation, and other security and encryption related tasks  "
Total  ,2nd  ,1st  ,- ,- ,- 
Automotive & transport  ,1st  ,2nd  ,- ,- ,- 
"Real estate, hospitality & construction  ",1st  ,2nd  ,- ,- ,- 
Consumer products & retail  ,- ,- ,- ,1st  ,2nd  
Financial services  ,- ,1st  ,- ,2nd  ,- 
Advanced manufacturing/  diversiﬁed industrial  products  ,- ,2nd  ,- ,- ,1st  
"Telecoms, media & entertainment technology  ",- ,- ,- ,2nd  ,1st  
Health & life sciences  ,2nd  ,- ,1st  ,- ,- 
Power & utilities  ,- ,- ,1st  ,2nd  ,2nd  
Private equity/ venture capital  ,- ,2nd  ,- ,2nd  ,2nd  
