﻿Author (year)  ,Gender diversity variable(s)  ,Performance variable(s)  ,Region  ,Number of firms  ,Main result  ,Quality notes  
Bernardi et al. (2012)  ,No women; 1 woman; 2+ women  (on board)  ,Change in  stock prices  ,US  ,449 Fortune500 firms  ,+ve link  ,No controls or attempt to overcome causality/ endogeneity  
Campbell  and  Minguez‑Vera (2010)  ,women (yes/no); women’s ratio  ,Tobin’s Q proxy  ,Spain  ,105 announce‑ments/68 listed firms  ,+ve link  ,Uses system GMM technique to solve endogeneity  
Carter et al.  (2003)  ,women (yes/no); women’s ratio  ,"ROA, Tobin’s Q proxy  ",US  ,638 Fortune 1000 firms (1997)  ,+ve link (Tobin’s Q)  ,Controls to  understand  endogeneity but  failed to account for  omitted variables  
Catalyst (2004)  ,women’s  ratio in top  management  ,ROE and Return to  shareholders  (TRS)  ,US  ,353 Fortune 500 firms  ,+ve link  ,Controls but admits cannot demonstrate  causality  
Ciavarella  (2018)  ,Above/Below median number of females on  board  ,ROA/ROE  ,Europe  ,"4,883 listed firms  in 5 countries  ",+ve link (ROA); no link (ROE)  ,Uses firm fixed effect model and lagged  variables to account  for endogeneity  
Credit  Suisse  (2014)  ,women (yes/no)  ,"ROE,  Stock price  performance  ",Global  ,"3,000  ",+ve link  ,Correlation only. No  controls and does not address causality  
Deszö and Ross (2012)  ,women (yes/no)  ,Tobin’s Q  ,US  ,"S&P 1500 (1992‑ 06) = 21,790 firm‑ years  ",+ve only for ‘innovative’ firms  ,Uses prior performance to test  for reverse causality  
EBA (2020)  ,women’s %  representation  in management  bodies  ,ROE  ,Europe  ,864 credit and investment firms  ,+ve link  ,Correlation only  
Farrell and Hersch  (2005)  ,No. of women  directors added  ,"Sales, ROA,  stock returns  ",US  ,"2,974 firm‑years (Fortune 500 firms 1990‑1999)  ",Mixed (+ve for ROA/ no impact  for stock returns)  ,Use lag variable to  check causality  
Ferrari et al. (2016)  ,women’s %  representation  on board > 20%/ CEO female  ,"Tobin’s Q, ROA, profit,  debt, stock returns  ",Italy  ,"Italy 40 (n=184 firm‑years, 2010‑2014)  ",Mixed (no impact for ROA/+ve  for stock returns)  ,"Small sample, further split into ‘reform cohorts’, but providing  useful analysis.  "
Geyfman et  al. (2018)  ,women (yes/no); women’s ratio  ,"Asset size,  loan to  assets, ROE,  ROA  ",Data  ,792 (2007); 692 (2010); 517 (2015)  ,+ve link  ,Uses lags on all control  variables to account  for endogeneity  
Gong and Girma (2021)  ,Appoint a 1st  women director (yes/no)  ,"Sales growth, Asset growth ROA, profit,  labour efficiency  ",UK  ,"Unlisted firms (n=3,989, 761 in treatment)  ",Mixed (+ve for growth/ no impact  for profit)  ,Treatment vs Control  with sensitivity tests to check  for unmeasured confounding  
IMF (2016)  ,women’s ratio  on board  ,ROA  ,Europe  ,"2,000,000  ",+ve link  ,Includes controls but cannot state causality  
Joecks et al. (2012)  ,No women on board; at least  1 but less than  20%; 20‑40%; >40%  ,ROE  ,Germany  ,"151 listed firms, 842 firm‑years  ","Mixed: ‑ve link until >30% women, then +ve  ",Uses lag variables to address endogeneity  and reverse causality  
Kotiranta (2007)  ,women’s ratio on board/CEO gender  ,ROA  ,Finland  ,Unknown (90% of Finland’s working  pop)  ,+ve link  ,Controls for size &  sector but cannot infer causality  
Mateos de Cabo (2012)  ,women’s ratio  on board  ,6 year growth rate (assets)/  ROA  ,Europe  ,612 firms; 20  countries  ,Mixed: (no impact for ROA/+ve for growth)  ,Includes controls but cannot infer causality  
McKinsey  (2020)  ,women’s %  representation  at Exec and  board  ,EBIT/ROA  ,Global  ,"1,039; 15 countries, (n=365 UK & US firms since 2014)  ",+ve link  ,Correlation only. Compares % financial outperformance of diversity quartiles  vs national industry  median  
Owen and  Temesvary  (2018)  ,women’s ratio  on board  ,ROA  ,US  ,168 US banks (1999‑2015)  ,Mixed: +ve  link only  for well‑ capitalised banks  with high women’s  ratio  ,"Addresses  endogeneity through IV method, lags  variables and controls  for fixed effects  "
Smith et al. (2006)  ,women’s ratio  on board  ,"profit, sales,  income  assets,  ",Denmark  ,"2,500 Danish  firms (‘93‑‘01)  ",+ve link  ,Controlled for  direction of causality  
