﻿Item  ,Definition  
Causality  ,"This is when there is a link between a dependent variable and an  independent variable, but the direction is not known (whether x causes y, or y causes x)  "
CEO duality  ,This is when the Chair of the Board is also the Chief Executive Officer  
Confounding factor  ,"One or more factors driving the outcome that are also correlated with the independent variable of interest, eg women’s ratio, average age  "
Control variable  ,An independent variable that is introduced to a regression model to determine if it moderates the relationship between another independent variable (the treatment) and the dependent variable (the outcome).  Control variables help to isolate the causal effect of a treatment on an outcome. Using control variables enables the unique effect of the treatment on the outcome over and above the non unique part explained by its correlation with the control variable to be isolated and estimated  
Dependent variable  ,"Outcome variable in the regression model, eg ROA, number of fraud  cases  "
Difference‑in‑difference (DiD)  ,"A statistical technique comparing the change in the differences in observed outcomes between treatment and control groups, across pre and post‑treatment periods  "
Director firm‑years  ,"Used in longitudinal datasets, this is the number of yearly director observations for all firms in the sample and therefore the total director sample size  "
Diversity  ,"The practice of including people from a range of different social and ethnic backgrounds and of different genders, sexual orientations and  other protected characteristics  "
Endogeneity  ,"In this literature review, endogeneity usually refers to sample selection biases associated with board gender diversity (ie is a woman board member selected because the company is already more profitable or innovative, or less risky – but that information is not known). This adds to the difficulty in determining causality. Technically put, an endogeneity problem may occur when the independent variable is itself an outcome caused by other variables in the model, or there are omitted variables  "
Ethnic diversity  ,"The representation of minority ethnic individuals in the workplace, or  on the board  "
Firm‑years  ,"Used in longitudinal datasets, this is the number of yearly firm observations in the sample and therefore the total firm sample size  "
Gender diversity  ,"The representation of women in the workplace, or on the board  "
Inclusion  ,"The extent to which everyone at work, regardless of their background, identity or circumstances, feels valued, accepted and  supported to succeed  "
Independent variable  ,"Predictor variables in the regression model include, for example, women’s ratio, director age, firm size  "
Insider  ,Used to describe a board member who has been recruited from within the organisation  
Instrumental variable (IV) method  ,"A method used by economists and statisticians to isolate direct causal relationships when controlled experiments are not feasible. Instrumental variables are independent variables that are correlated with one or more other independent variables and correlate with  the dependent variable only via its relationship with these variables.  Their inclusion in a model allows the ‘direct effects’ of independent variables (eg women’s ratio) to be isolated, helping make the case for  causal inference  "
Lagged variables  ,"A variable (usually a dependent variable) that is lagged in time,  which is typically the case when the effects are only likely to appear  at future observations (such as the impact of a new director on business outcomes)  "
Mid‑cap enterprise  ,"Typically defined as having 5–500 employees, although definitions  do vary  "
MSCI ACWI  ,"MSCI’s All Country World Index, a global equity index, designed to represent large‑	 and mid‑cap stocks across 23 developed and 26 emerging markets  "
Omitted variable bias  ,This is when unknown or unmeasured variables (eg aspects of company culture) not in the model may be influencing outcomes and the values of other independent variables in the model  
Quota  ,A target number or percentage that specifies the representation of women and/or men on a board that is required to be achieved by law  
Small and medium‑sized enterprise  ,"Typically defined as having 1‑250 employees, although definitions do vary  "
Target  ,"A set number, range, or percentage of women and/or men on boards aimed to be achieved by a specific date  "
Tobin’s Q  ,A measure developed by Tobin (1969) that compares the market value of a company with the replacement value of a company’s  assets  
