﻿Author (year)  ,Gender diversity variable  ,Performance variables  ,Region  ,Number  of firms  ,Main result  ,Quality notes  
Carter et al.  (2010)  ,No. of women on board/No. of women on committees  ,Tobin’s Q/  ROA  ,US  ,"641 S&P 500 firms =2,563 firm‑years  ",No link (after controlling  for causality)  ,Uses 3SLS estimation  to address causality  
Eckbo et al.  (2019)  ,women’s ratio  on board  ,Stock  returns/ Tobin’s Q  ,Norway  ,248 listed firms (2001‑09)  ,No link  ,Addresses  endogeneity  
Randøy et al. (2006)  ,women’s ratio  on board  ,"ROA, stock market value  ",Scandin‑ avia  ,154 DAN + 144 NOR + 161 SWE  firms (‘05)  ,No link  ,Controls for size/  industry but no account for  endogeneity  
Suss et al. (2021)  ,% women on board/senior management  ,ROA  ,UK  ,181 banks  (2001‑2020)  ,No link  ,Controls for bank  characteristics  
