﻿Source  ,Type of measurement  ,Inclusion definition  ,Measurement  
Jansen et al.  (2014)  ,Individual perceptions of inclusion within a  team  ,Inclusion is based  on belonging and  authenticity. The tool  aims to understand whether employees  feel included within  their team.  ,"The Perceived Group Inclusion scale, which measures perceptions of belonging and authenticity such as being  allowed to be their authentic  self, and feelings of belonging to the group.  "
Tworoger et al.  (2010)  ,Individual line  manager beliefs  and behaviours associated with inclusion  ,"The authors identify  several competencies  associated with inclusion, such as  valuing difference and managing conflict.  ","The questionnaire includes a number of behaviours and beliefs for managers to self‑rate their skills. Eg whether they believe different thinking styles  are beneficial, and how far  they support fair recruitment, promotion and reward.  "
L. Nishii (2014)  ,Employee views  of key factors associated with  inclusive climate – at an organisation or departmental  level  ,"Three key factors associated with an inclusive  organisational climate: fair employment practices, integration  of differences,  employee inclusion in decision‑making.  ","This measure asks individuals  to rate the fairness of various  practices (like promotion  processes), how far the  organisation integrates difference (for example, valuing who employees are as people),  and how far people are included  in decision‑making.  "
Mor Barak  (2005)  ,"Employee‑level  perceptions of a variety of  organisational  behaviours, practices and values  ","Inclusion and exclusion exist on a continuum, and hinge on five levels  of inclusion – at a work  group, organisation, line manager, senior  leadership and  informal/social level.  ","This scale (the Mor Barak Inclusion Exclusion Scale, or MBIE) assesses individual‑level feelings of inclusion at all organisational levels – from manager information‑sharing to inclusion in informal ‘water cooler’ conversations, along with the extent to which the organisation is committed to D&I  "
