﻿Author (year)  ,Gender diversity variable  ,Performance variables  ,Region  ,Number of firms  ,Main result  ,Quality notes  
Adams and Ferreira (2009)  ,women (yes/no); women’s ratio  ,"ROA, Tobin’s Q (proxy)  ",US  ,"1,939 firms (1996‑ 03)  ",‑ve link  ,Tackles omitted  variables and causality  
Ahern and  Dittmar  (2012)  ,women’s ratio  on board  ,Tobin’s Q  ,Norway  ,248 listed firms (2001‑09)  ,‑ve link  ,Did not correct  estimated standard errors/cannot infer  causality  
Hwang et al. (2019)  ,shortfall in  women on board (to meet quota mandate)  ,stock price returns  ,California  ,405 firms  ,‑ve link  ,Assesses causality via  a control sample from  other states  
Haslam et al.  (2010)  ,women (yes/no); women’s ratio  ,"ROE, ROA  Tobin’s Q  ",UK  ,126 FTSE 100  firms (2001‑05)  ,Mixed: no link (ROA and ROE); ‑ve link (Tobin’s Q)  ,Examines time‑lagged  correlations to assess causality  
Hernández‑Nicolás et al.  (2021)  ,CEO gender  ,ROA  ,Spain  ,"8,492  construction  firms  ",‑ve link  ,Controls for possible endogeneity  
Matsa and Miller (2013)  ,No. and share of women  ,"ROA,  employment, operating profit/assets, debt/assets/ labour cost/  assets  ",Norway  ,104 listed firms  ,"‑ve link ‑ROA and operating  profit, as labour costs increased)  ",Controls for size and turnover. Compares to other Nordic countries  
Ryan and Haslam  (2005)  ,Women’s ratio  on board  ,stock price returns  ,UK  ,100 FTSE firms  ,‑ve link  ,Correlation only –  causality tests show  women appointed to poor performing firms  
Von Meyerinck et  al (2020)  ,shortfall in  women on board (to meet quota mandate)  ,stock price returns  ,California  ,"2,454 non‑	 FS firms  ",‑ve link  ,Matched control group from states that ‘follow California’  
