﻿,WOMEN ON EXECUTIVE COMMITTEES BY ROLE 2019 (%)  ,Change 2016-19 (ppts)  ,Average change  ,(ppts)  
CEO  ,6%  ,-2  ,,CEO  
Vice CEO  ,16%  ,+4  ,+5  ,COMMERCIAL  
Business Lines  ,21%  ,+6  ,,ROLES  
CTO  ,13%  ,+3  ,,
Finance  ,17%  ,+1  ,,
Risk and Actuarial  ,19%  ,+3  ,+4  ,ROLES WITH LOWER REPRESENTATION  
Strategy  ,21%  ,+7  ,,OF WOMEN  
COO  ,21%  ,+8  ,,
Audit  ,25%  ,-3  ,,
Compliance  ,34%  ,+8  ,,
Legal Marketing  ,35%  46%  ,+9 +13  ,+10  ,ROLES WITH HIGHER REPRESENTATION OF WOMEN  
HR  ,,58% +12  ,,
