﻿Quantum Computing Salary Benchmark  ,PhD (grad)   ,POST DOC  (2 years)  ,1-2 years (industry)  ,2-3 years (industry)  ,3-4 years (industry)  ,5+ years (industry)  
Quantam Algorithim Scientist  ,£50k+  ,£55-65k  ,£60-75k  ,£70-80k  ,£80-90k  ,£90k+  
Quantam Hardware Engineer  ,£45k+  ,£50-60k  ,£55-75k  ,£70-75k  ,£75-85k  ,£90k+  
Quantam Software Engineer  ,£50k+  ,£55-60k  ,£60-70k  ,£70-80k  ,£80-95k  ,£90k+  
Optomechanical Engineer  ,£45k+  ,£50-60k  ,£55-70k  ,£65-75k  ,£70-80k  ,£85k+  
Superconducting Circuit Designer  ,£50k+  ,£55-65k  ,£60-75k  ,£70-80k  ,£80-90k  ,£90k+  
Business Development  ,£45k+  ,£50-65k  ,£60-70k  ,£65-75k  ,£70-80k  ,£80k+  
