﻿Core Subjects  ,Potential Curriculum Coverage  (initial mapping shows some matches to high level statements)  ,Currently Delivered By  
,IMI - L1 Award in Electric / Hybrid Vehicle Awareness  ,IMI Centres  
Identifying an electrically  propelled vehicle and  understand associated risk  ,ABC - Level 1 Award in Automotive Electric / Hybrid Vehicle Awareness  ,IMI Centres  
,Nissan Training Course  ,Nissan  
Complying with statutory regulations and organisational safety requirements for vehicles with electric drive systems or energy storage devices  ,"Retired EAL unit QMVEDS2/001, which is contained within Level 2 Diploma in Manufacture of vehicles with electric drive systems  ",New required  
Identifying charger types and charging the vehicle  ,Lucas Nuelle offer charging  training as part of the Hybrid   and Electric Vehicle Specialist  - Charging the Vehicle unit  ,Delivered globally as part of the LN electric vehicle offer  
,Manufacturer specific training systems  ,Various manufacturers  
