﻿Heading  ,Question  
Accessibility (Section 1: Free level 3 qualifications for adults)  ,Q10. What do you think will be the key barriers to adults taking up the free level 3 qualifications?  
Accessibility (Section 1: Free level 3 qualifications  ,Q11. This is a question for providers:  
for adults)  ,a. How do you currently advertise your learner support offer?   b. To what extent does the current learner support offer enable you to address the financial barriers which could stop adults participating or continuing in learning?   c. Which financial barriers do you find it hardest to address and what is the reason for this?    Please provide examples and/or evidence for your response.  
Accessibility (Section 1: Free level 3 qualifications for adults)  ,Q12. How easy is it for adults to find out whether they are eligible for the current learner support offer?  a. Really easy   b. Easy   c. Neutral   d. Difficult   e. Really difficult    Please provide an explanation for your answer.  
Accessibility (Section 1: Free level 3 qualifications for adults)  ,Q13. Are there any other ways through which it would be useful to publicise learner support?  Please set out what these other ways are and explain why they might be useful.  
Accessibility (Section 1: Free level 3 qualifications for adults)  ,"Q14. How do you think that government can support providers to deliver best practice in communicating and providing the current financial support for adults?  Please explain your answer and, where possible, provide evidence for your response.  "
Accessibility (Section 1: Free level 3 qualifications for adults)  ,"Q15. For the non-financial flexibilities below, please select which you think are valuable:  • Flexible start dates   • Breaks in learning   • Flexible modes of delivery   • Weekend and evening learning   • Recognition of prior learning   • Other which is not listed (please specify)    "
Accessibility (Section 1: Free level 3 qualifications for adults)  ,"Q16. Are there any barriers which might make it difficult to use or deliver the existing non-financial flexibilities?  Please set out what these barriers are and, where possible, suggest ways that these barriers may be overcome.  "
Accessibility (Section 1: Free level 3 qualifications for adults)  ,"Q17. This is a question for providers: What could encourage providers to deliver these non-financial flexibilities more often?  Please set out which of these non-financial flexibilities your answer refers to (e.g., “all the non-financial flexibilities above” or “flexible start dates only”).  "
Accessibility (Section 1: Free level 3 qualifications for adults)  ,Q18. If you have any further comments or reflections on ‘Accessibility (Section 1: Free level free qualifications for adults)’ you can add them here.  
Employer Involvement (Section 1: Free level 3 qualifications for adults)  ,"Q19. Different sectors may use the offer in different ways, depending on their skills needs. How do you think different sectors might make use of the offer and why?  If you are answering as an employer, you might want to talk about how your specific sector could use the offer.  "
Employer Involvement (Section 1: Free level 3 qualifications for adults)  ,"Q20. How might we adapt the offer to better meet the needs of employers, including those from a range of different sectors, and a range of sizes?  Where possible, please set out the proposed adaptation and which types of employers it would suit.  "
Employer Involvement (Section 1: Free level 3 qualifications for adults)  ,"Q21. How else can we encourage employers to use the free level 3 qualifications for adults to train or upskill their workers?  Please set out your suggestion and, where possible, provide a reason and/or evidence for your response.  "
Employer Involvement (Section 1: Free level 3 qualifications for adults)  ,Q22. If you have any further comments or reflections on ‘Employer Involvement (Section 1: Free level 3 qualifications for adults)’ you can add them here.  
Pathways to free level 3 qualifications for adults (Section 1: Free level 3  ,Q23. This is a question for providers: What prior learning requirements (if any) do you have for someone taking a level 3 course?  
qualifications for adults)  ,"Please set out the prior learning requirements and how those requirements differ between different courses and sectors (if at all).  For example, you may require an adult to have gained the equivalent level 2 qualification before taking a level 3 course. Do the prior learning requirements differ depending on the sector at which the course is aimed?   "
Pathways to free level 3 qualifications for adults: (Section 1: Free level 3 qualifications for adults)  ,"Q24. This is a question for employers: Are there any particular requirements for learners looking to achieve a level 3 qualification in an area that supports your sector?  Please set out these requirements and, where possible, provide a reason and/or evidence for your response.  "
Pathways to free level 3 qualifications for adults (Section 1: Free level 3 qualifications for adults)  ,"Q25. How else can providers best support adults without a level 3 to access the level 3 qualifications available through the Lifetime Skills Guarantee, given that they may lack some prior learning or experience?   Please provide evidence and/or examples to illustrate your response.  "
Pathways to free level 3 qualifications for adults (Section 1: Free level 3 qualifications for adults)  ,"Q26. How else can we achieve the best impact for adults with the most to gain from the free level 3 qualifications for adults, alongside funding the courses?  Please provide a reason and/or evidence for your response.  "
Pathways to free level 3 qualifications for adults (Section 1: Free level 3 qualifications for adults)  ,Q27. If you have any further comments or reflections on ‘Pathways to free level 3 qualifications for adults (Section 1: Free level 3 qualifications for adults)’ you can add them here.  
Further comments (Section  1: Free level 3 qualifications for adults)  ,"Q28. If you have any further comments or reflections on ‘Section 1: Free level 3 qualifications for adults’, you can add them here.  "
