﻿Heading  ,Question  
Expansion of Skills Bootcamps (Section 2: Skills Bootcamps)  ,"Q29. Which current aspects of the Skills Bootcamps do you think are most valuable?  Select all that apply.  • Short, intensive courses   • Industry-specific training, designed to meet the needs of employers   • Focused on in-demand skills   • Fast-track to an interview   • Line of sight to a job   • Recruitment pipeline for employers   • Flexible delivery model   • Emphasis on improving diversity in technical skills.   • Other – please specify    Please explain the reason for your response.  "
Expansion of Skills Bootcamps (Section 2: Skills Bootcamps)  ,Q30. If you have any further comments or reflections on ‘Expansion of Skills Bootcamps (Section 2: Skills Bootcamps)’ you can add them here.  
Providers (Section 2: Skills Bootcamps)  ,"Q31. This is a question for providers: What do you think are the challenges in delivering Skills Bootcamps?  Where possible, please provide evidence for your response.  "
Providers (Section 2: Skills Bootcamps)  ,"Q32. This is a question for providers: How best do you think we might help providers to overcome the challenges to delivering a Skills Bootcamp?  Please refer to the challenge you have set out in answer to the previous question. Where possible, please provide evidence for your response.  "
Providers (Section 2: Skills Bootcamps)  ,Q33. If you have any further comments or reflections on ‘Providers (Section 2: Skills Bootcamps)’ you can add them here.  
Accessibility (Section 2: Skills Bootcamps)  ,"Q34. Skills Bootcamps currently run for up to 16 weeks. Other than the length of the courses, do you think we could adapt Skills Bootcamps in any other way to:  "
,"a. Support adults to access this training more easily?   b. Support adults who are self-employed to access this training and use what they learn to benefit their business?   c. Better meet the needs of employers, including those from a range of different sectors, and a range of sizes? Where possible, please detail the proposed adaptation and which types of employers it would suit.    Please provide a reason and/or evidence for your responses.  "
Accessibility (Section 2: Skills Bootcamps)  ,Q35. Skills Bootcamps are designed to give adult learners the skills they need to fast-track them to an interview for a specific job. Do you think Skills Bootcamps courses should continue to be a maximum of 16 weeks long?  Please explain and provide evidence for your answer.  
Accessibility (Section 2: Skills Bootcamps)  ,"Q36. What is the minimum length of time that you think a Skills Bootcamp course should be?  Please provide evidence for your response.  Providing evidence: If you are an adult learner, you might want to think about how much time you would be willing to commit to training through a Skills Bootcamp, including how many hours per week. If you are an employer or provider, you might want to give an example of a technical skills needed for a specific job and set out how many weeks it would take to learn that skill on a full-time basis.  "
Accessibility (Section 2: Skills Bootcamps)  ,Q37. If you have any further comments of reflections on Accessibility (Section 2: Skills Bootcamps) you can add them here.  
Employer Involvement (Section 2: Skills Bootcamps)  ,Q38. This is a question for employers: We understand that how an employer is required to make this financial contribution could have an impact on them – for example whether employers are required to make an upfront payment before the start of the course.  
,Are there any ways that we could make the mechanism for contributing as easy as possible?  
Employer Involvement (Section 2: Skills Bootcamps)  ,"Q39. For all stakeholders, it may be valuable if employers could also make non-financial contributions to training. These non-financial contributions could be made by both those employers who are using a Skills Bootcamps to retrain their current workforce, in addition to the 30% contribution where they are using Skills Bootcamps to train existing employees, and by those who are not.  Please select the non-financial contributions below that you think it would be most valuable for employers to make, and add any other contributions not listed that you think would also be valuable.  • Providing space for training.   • Providing technical equipment for learning.   • Helping delivery of the training – e.g., providing some learning materials or teaching part of the course content.   • Giving their workers time to learn.   • Any other additional non-financial contributions not already listed that you think would be valuable. Please specify.    "
Employer Involvement (Section 2: Skills Bootcamps)  ,Q40. This is a question for employers: Would you be willing to make a non-financial contribution to training?  Please explain your response.  
Employer Involvement (Section 2: Skills Bootcamps)  ,"Q41. How do you think that we can encourage more employers to make non-financial contributions?  Where possible, please give examples and explain your answer.  "
Employer Involvement (Section 2: Skills Bootcamps)  ,Q42. If you have any further comments or reflections on ‘Employer Involvement (Section 2: Skills Bootcamps)’ you can add them here.  
Pathways leading on from Skills Bootcamps (Section  2: Skills Bootcamps)  ,Q43. What further learning do you think a Skills Bootcamp should enable adults to progress onto?  • No further learning.   • Job-based training in the workplace.    
,• A higher technical qualification.   • An apprenticeship.   • Other further training and/or learning opportunities not already listed which you think a Skills Bootcamp should enable adults to progress onto. Please specify.    
Pathways leading on from Skills Bootcamps (Section  2: Skills Bootcamps)  ,"Q44. We welcome any further comments on how we can best enable progression from Skills Bootcamps onto further training and/or learning, such as apprenticeships or higher technical education.  "
Pathways leading on from Skills Bootcamps (Section  2: Skills Bootcamps)  ,Q45. If you have any further comments or reflections on ‘Pathways leading on from Skills Bootcamps (Section 2: Skills Bootcamps)’ you can add them here.  
Further comments (Section  2: Skills Bootcamps)  ,Q46. If you have any further comments or reflections on ‘Section 2: Skills Bootcamps’ you can add them here.  
