﻿Heading  ,Question  
Introduction: The National Skills Fund  ,Q1. What is your name?  
Introduction: The National Skills Fund  ,Q2. What is your email address?  
Introduction: The National Skills Fund  ,Q3. Are you responding as an individual or as part of an organisation?  
Introduction: The National Skills Fund  ,"Q4. If you are responding as an individual, how would you describe yourself?  "
Introduction: The National Skills Fund  ,"Q5. If you are responding as part of an organisation, how would you describe yourself?  "
Introduction: The National Skills Fund  ,Q6. What is the name of the organisation you are responding as part of?  
Introduction: The National Skills Fund  ,Q7. Which local authority area are you responding from?  
Introduction: The National Skills Fund  ,Q8. Do you consent to the data you provide being held in accordance with UK GDPR as covered in the Department for Education’s personal information charter?  
Introduction: The National Skills Fund  ,Q9. Would you like us to keep your responses confidential?  
