﻿Heading  ,Question  
Critical Skills (Section 3: Meeting critical skills needs)  ,"Q47. Are there any current critical skills gaps below degree level and in particular sectors, occupations, or locations that you think the skills system will not meet, either now or in the next five years?  For example, some sectors might have specific skills needs which have emerged since exiting the European Union, whereas other sectors might encounter skill needs in the future – for instance, because of new technologies linked to transitioning industries or our ambition to reach net zero by 2050.  a. What are these skills gaps? Please set out what these skills gaps are and specify whether they apply to a particular sector, occupation, or location.   b. What level are these skills gaps at?   c. Is this a current skill gap, or something that you see emerging in the future? If in the future, please detail when you think this skill need is likely to arise.    "
,d. Why do you think the skills system does not meet this skills gap?  
Critical Skills (Section 3: Meeting critical skills needs)  ,Q48. If you have any further comments or reflections on ‘Critical Skills (Section 3: Meeting critical skills needs)’ you can add them here.  
Shorter Courses (Section 3: Meeting critical skills needs)  ,"Q49. Are there any particular sectors or occupations which would benefit from improved access to shorter courses?  Please set out which sector or occupation and, where possible, provide a reason and/or evidence for your response.  "
Shorter Courses (Section 3: Meeting critical skills needs)  ,"Q50. Could more options for shorter courses or more modular learning opportunities help adults to overcome barriers to learning?  Please explain your answer and, where possible, provide evidence for your response.  "
Shorter Courses (Section 3: Meeting critical skills needs)  ,"Q51. This is a question for providers: Are you currently delivering short courses (under 12 months) or modules outside of full qualifications?  If you answered yes, please specify:  a. What courses/modules you are delivering.   b. What level these short courses/modules are.   c. Why you chose to deliver these short courses or modules.   d. How you designed these short courses or modules. For example, did you work with employers to do so?    "
Shorter Courses (Section 3: Meeting critical skills needs)  ,"Q52. This is a question for employers: Have you funded short courses (under 12 months) or modules outside of full qualifications?  If you answered yes, please specify:  a. What short courses/modules you have funded, and why.   b. Whether you worked with the provider on the design of any of these courses.    "
Shorter Courses (Section 3: Meeting critical skills needs)  ,"Q53. This is a question for employers: Do you have any skills needs that you think might be met by a short course or module outside of a full qualification?  If you answered yes, please set out what these are.  "
Shorter Courses (Section 3: Meeting critical skills needs)  ,"Q54. Considering the provision we have already made available through National Skills Fund investment, do you think there are any further gaps below degree level in adult skills provision which would benefit from targeted support?  If you answered yes, please:  a. Specify what these gaps are.   b. Provide evidence for your answer, including evidence on the impact of this gap.   c. Suggest ways that these gaps in provision might best be met.    "
Shorter Courses (Section 3: Meeting critical skills needs)  ,Q55. If you have any further comments or reflections on ‘Shorter Courses (Section 3: Meeting critical skills needs)’ you can add them here.  
Further comments (Section  3: Meeting critical skills needs)  ,Q56. If you have any further comments or reflections on ‘Section 3: Meeting critical skills needs’ you can add them here.  
