﻿Skill Statement  ,Entry level  ,Level 1  ,Glossary terms  
,"• securing mobile devices (using screenlock etc.)   • using secure passwords   • being mindful of the security risks of using public Wi-Fi networks   • being mindful of phishing emails   • being mindful of risks associated with clicking on links found in emails or other digital messages.    Secure ways to access a device include strong passwords, fingerprint, facial, voice recognition, or similar.  Know and understand terminology and concepts relating to online risks and threats, how personal data may be compromised or stolen, how data and a device can be protected.  Know that the security of digital devices can be compromised, hacked and/or hijacked, and be aware of the nature of and threats posed by viruses and phishing.  ","• using a VPN where appropriate (to access a work network, for example)   • using a password manager application   • understanding that browsers can cache login details and the dangers of this on public computers.    Know and understand the advantages of backing up the data locally and to the cloud.  Be aware of the nature of and threats posed by:  • worms   • trojans   • ransomware   • identity theft.    Be aware of commercial aspects and risk in a work environment.  ","browser, cloud provider, phishing  "
Being responsible online  ,"Concerns with online content could include illegal, inappropriate or harmful content.  ","Use appropriate language and behaviour online includes:  • respecting others online and not using inappropriate language, trolling or online harassment  ",online content  
,,"• recognising that threatening, abusive or grossly offensive online communications could be a criminal offence   • blocking, filtering or reporting inappropriate content   • respecting copyright and other intellectual property rights such as trademarks and software licenses that may restrict access or reuse of online content.    Know and understand that sending communications regarded as threatening, abusive or grossly offensive to another person using an online method including email, instant messaging or social media could be committing a criminal offence such as harassment or malicious communication.  Understand that company policies may prohibit activities, and carry serious sanctions for employees.  Know personal obligations with respect to copyright and other intellectual property rights and why you should not access such content without permission/license, and the risks and consequences of music / TV / film piracy.  Know how to block or filter inappropriate content or behaviour.  ",
Digital wellbeing  ,"Physical stresses include pain from poorly positioned equipment and/or bad posture, repetitive strain injury caused by repeated movements over a long period of time, eyestrain, headaches, etc.  Know and understand the terminology and concepts relating to potential physical stresses of using devices. Know that the effects can be minimised by using an adjustable chair which supports good posture, and not being too close or too far away from the screen/device and peripherals e.g. keyboard, mouse etc.  ","Physical health risks refers to the risk of health problems developing as a consequence of physical stresses.  Psychological health risks include addiction to online activity, or stress caused by factors including overuse of devices, cyber-bulling, fatigue, poor sleep patterns, etc.  Methods to avoid physical and psychological health risks while using devices include taking regular breaks, using a wrist rest when using a mouse, limiting screen time, avoiding screen time close to bedtime, reporting cyberbullying, etc.  Know and understand the potential physical and psychological health risks arising from stresses of being online / using devices, and know how to avoid or minimise these, including:  • knowing not to respond to cyberbullying and knowing how to report it   • knowing that setting time limits on device use reduces the risk of overuse and associated fatigue.    ",
