﻿Skill Statement  ,Entry level  ,Level 1  ,Glossary terms  
Using devices  ,"Devices will include computers (desktop/laptop) and mobile devices, smart devices, and wearable technology.  Hardware means main physical elements that make up computers, (desktop/laptop) and mobile devices, smart devices, and wearable technology. It does not include an understanding of computer architecture.  Software means the various kinds of programs providing functionality on devices.  Operating systems include those typically used for computers (desktop/laptop) and mobile devices.  Applications include applications for computers (desktop/laptop) and mobile devices.  System settings include display, sound, connecting to Wi-Fi, time, language settings and accessibility settings. Accessibility settings include use of a magnifier, the use of screen readers and use of voice controls.  Know main features and uses of devices. Know the role of operating systems and applications. Know that programs and data require storage, and that different devices have different storage capacities. Know how  ","Operating systems (OS) include those typically used for computers (desktop/laptop) and mobile devices.  Applications include applications for computers, (desktop/laptop) and mobile devices.  Know how to check for OS and application updates, and to choose how and when an operating system or application is updated.  ","accessibility, operating system  "
,to find and install an application. Know how to select and adjust system settings.  ,,
Finding and evaluating information  ,"Navigation elements include:  • menus   • hyperlinks   • browser navigation controls (back and forward buttons, bookmarks).    Searching refers to searching online for a specific and clearly defined piece of information or content.  Know and understand terminology and concepts relating to web pages:  • websites   • hyperlink navigation   • URLs   • search engines   • keywords   • web browsers   • types of information, documents and media.    ","Searching refers to searching online for information or content and on a device for files or applications.  Searching online may include:  • using quotation marks to look for specific terms   • using an image database or image search service if searching for images   • applying filters relating to time or origin   • searching within a specific website or social media platform for information, images, music or video.    It may also include adopting an iterative approach of refining search terms to narrow or broaden searches as required. Searching online may be using a “traditional” search engine (text-based) or using a digital assistant (for example, through voice control).  Searching on a device may include searching on:  • file names   • partial file names   • file content    Use appropriate techniques includes adopting an appropriate approach to searching based on the type of information sought.  ","browser, search engine, content, search engine ranking, URL, reliable, currency,  HTTPS  "
,,"Methods of identifying the relevance and reliability of sources when searching online include:  • checking that a website uses HTTPS and has a valid certificate   • being wary of poor-quality websites (low quality design/graphics, broken links, poor English etc.)   • checking the date of the information provided   • checking more than one source when searching for information or consuming news online   • considering the source of the information and whether they might have a reason to provide biased or false information.    Have an awareness that the top online search results may include paid for or sponsored listings.  ",
Managing and storing information  ,"Know and understand terminology and concepts relating to:  • files and file types   • file size   • applications typically associated with file types   • folders   • digital storage (memory, hard drives)   • local and remote storage.    ","Across devices refers to storing files on cloud storage using one device and accessing the files using another device.  Know and understand folder structures, file information including metadata and tagging, and accessing data across devices.  Know and understand limitations on file sizes when using some services (e.g. email attachments, file size upload limits) and the benefits of using file compression to make  ","information, file, remote storage, file naming convention, folder, hierarchy, tagging, device, credentials  "
,,"effective use of storage capacity and to reduce data transfer times.  Understand and be able to use terminology describing data storage requirements: bytes, kilobyte (KB), megabyte (MB), gigabyte (GB), terabyte (TB).  Understand and be able to use terminology describing data transfer speeds: Megabits per second (Mbps).  ",
Identifying and solving technical problems  ,"Recognise when a technical problem has been encountered includes recognising when there is a problem with a device or software and knowing that some problems are caused by user errors. User errors may include:  • using incorrect credentials   • incorrectly connecting hardware   • attempting to open a file with an unsuitable application   • attempting to save a file using a filename with inappropriate characters.    Solving simple problems refers to solving issues (such as system or application freeze, or internet connection issues) with a simple solution, such as an application re-start, device re-boot or network re-connection.  ","Common technical problems refers to solving commonly encountered issues with a straightforward solution such as:  • resetting login credentials   • changing Wi-Fi settings   • following the instructions in an online tutorial to change a software or app setting   • disabling an app, or uninstalling and reinstalling software.    Know and understand how to use help facilities, online forums and tutorials.  ",
,"Be aware of typical technical problems, e.g. on-screen error messages arising from application or peripheral hardware malfunctions, or online connectivity and communication issues.  ",,
Developing digital skills  ,None required  ,"Online learning resources include FAQs, guides, videos, tutorials and advice forums.  ",
