﻿,,Entry level  ,Level 1  
Protecting privacy  ,13  ,Identify situations where personal information may be stored by devices and online activity; identify and use simple methods to protect personal information and privacy.  ,"Protect personal information and privacy, understanding personal rights and options for controlling the use of personal data.  "
Protecting data  ,14  ,Be aware of online risks and threats; identify and use simple methods to protect a device and data from online risks and threats; be aware of the security risks of using public Wi-Fi.  ,Protect devices and data from online risks and threats.  
,15  ,Configure and use secure ways to access devices and online services.  ,Configure and use multifactor authentication to access and use online services.  
,16  ,,Backup data locally and using a cloud provider.  
Being responsible online  ,17  ,Know how to report concerns with online content.  ,
,18  ,,Use appropriate language and behaviour online.  
Digital wellbeing  ,19  ,Recognise and minimise the effects of physical stresses of being online.  ,Apply simple methods to avoid physical and psychological health risks while using devices.  
