﻿,,Entry level  ,Level 1  
Using devices  ,1  ,"Know what is meant by hardware, software, operating systems and applications; locate and install an application; apply system settings, including those for accessibility.  ",Keep operating system and applications up to date.  
Finding and evaluating information  ,2  ,"Navigate online content using hyperlinks, menus and other navigation elements to locate required information; carry out searches to find information and content.  ","Use appropriate techniques to carry out and refine searches, taking into account currency, relevance, and reliability, and be aware that results are ranked by search engines.  "
Managing and storing information  ,3  ,"Open, read and save information from/to a file using appropriate naming conventions; work with files and folders to store, organise and retrieve information using local and remote storage.  ","Organise and store information using files, folders, hierarchy and tagging to enable efficient information retrieval on a device and across devices.  "
Identifying and solving technical problems  ,4  ,"Recognise when a technical problem has been encountered, solve simple technical problems, and seek assistance when unable to solve a technical problem.  ","Identify and apply solutions to common technical problems, using online tutorials, FAQs and help facilities.  "
Developing digital skills  ,5  ,,Identify and use appropriate online learning resources to maintain and improve digital skills.  
