﻿"I cannot follow data protection guidelines online (e.g.  following data storage and retention guidelines, not  sharing or using other people's data or media such as  movies or music without their consent)  ",16%  ,8.1  ,7.6  ,8.8  
"I cannot respond to requests for authentication for  online accounts (e.g. resetting my password when I've forgotten it, two factor authentication, using a remote  access key or an authenticator app)  ",15%  ,7.7  ,7.1  ,8.3  
I cannot identify secure websites (e.g. by looking for the padlock and 'https' in the address bar)  ,17%  ,8.9  ,8.4  ,9.5  
"I cannot recognise suspicious links and know that  clicking on these links or downloading unfamiliar  attachments is a risk (e.g. spam/ phishing emails, texts,  pop ups)  ",11%  ,5.9  ,5.4  ,6.5  
"I cannot update my device software/ operating systems when necessary to prevent viruses and other risks (e.g.  enabling automatic updates, or installing when  prompted to do so)  ",15%  ,8  ,7.5  ,8.7  
"I cannot identify secure Wi-Fi networks to connect to  (e.g. Wi-Fi networks where a unique password is  required, trusted source or padlock next to Wi-Fi  network)  ",17%  ,9.1  ,8.6  ,9.9  
"I cannot be careful with what I share online as I know  that online activity produces a permanent record that  can be accessed by others (e.g. publicly shared photos,  forums, personal information or opinions)  ",11%  ,5.9  ,5.4  ,6.4  
