﻿"I cannot communicate with others digitally using email  or other messaging applications (e.g. WhatsApp or Messenger, direct messaging on social media such as  lnstagram, Facebook etc)  ",,9%  ,,4.6  ,,4.0  ,5.0  
"I cannot use software to create, write or edit documents  (e.g. Microsoft Word/ Google docs/ Pages for a  CV/letter)  ",,20%  ,,10.5  ,,9.9  ,11.2  
"I cannot share files or links with others by attaching to an  email, uploading to a website or an application (e.g.  proof of address/ identity, sharing an image, or link via  WhatsApp)  ",15%  ,,8.1  ,,7.5  ,,8.7  
"I cannot make and receive video calls (e.g. Facetime,  Zoom, Facebook Portal or WhatsApp call)  ",14%  ,,7.1  ,,6.7  ,,7.7  
"I cannot post messages, photographs, videos or biogs on  social media platforms (e.g. Facebook, lnstagram, Tik  Tok, Twitter or Snapchat)  ",20%  ,,10.7  ,,10.0  ,,11.3  
"I cannot recognise what information or content online  may, or may not, be trustworthy (e.g. fact checked  information, ""fake news"" or assess the trustworthiness of  a company based on customer reviews)  ",15%  ,,8.0  ,,7.6  ,,8.7  
"I cannot use search engines to find information I'm  looking for (e.g. search for news, the weather, train  times)  ",9%  ,,4.5  ,,4.0  ,,4.9  
"I cannot store and back up photos, messages,  documents or other information (e.g. iCloud, Google  Drive, Dropbox, OneDrive, desktop or storage drive)  ",18%  ,,9.5  ,,9.0  ,,10.3  
"I cannot use the cloud to access content from different  devices (e.g. smartphone, tablet, laptop and desktop)  ",28%  ,,14.7  ,,14.0  ,,15.4  
"I cannot use the internet to stream or download  entertainment content (e.g. films, TV series, music,  games or books through services like You Tube, Spotify,  Netflix, BBC iPlayer)  ",15%  ,,8.0  ,,7.6  ,,8.7  
"I cannot set up an account online that enables me to buy  goods or services (e.g. Amazon, eBay, supermarkets or  other retailers)  ",13%  ,,6.9  ,,6.4  ,,7.5  
"I cannot fill in forms online to access the services I need  (e.g. Voting registration, ordering repeat prescriptions,  booking doctor appointments, booking train tickets or beauty appointments)  ",14%  ,,7.3  ,,6.7  ,,7.9  
"I cannot buy goods/services online using online  payments (e.g. Debit/ credit card, PayPal, Apple Pay,  Google Pay, Worldpay)  ",13%  ,,6.7  ,,6.2  ,,7.3  
"I cannot manage my money and transactions online  (e.g. View balance or transfer funds via internet or  transfer funds via internet or mobile banking app,  manage spending through PayPal account, manage  payments on finance plan)  ",16%  ,,8.1  ,,7.7  ,,8.9  
"I cannot use the internet to find information that helps  me solve problems (e.g. by using search engines, web  chat, FAQs and forums)  ",12%  ,,6.7  ,,6.1  ,,7.1  
"I cannot use the internet to improve my skills and ability  to do new things (e.g. using online tutorials, learning  platforms and how-to guides)  ",18%  ,,9.3  ,,8.7  ,,9.9  
"I cannot act with caution online and understand that  there are risks and threats involved in carrying out  activities online (e.g. use anti-virus software, classify and  share information securely or avoid certain types of  websites such as piracy websites)  ",11%  ,,5.9  ,,5.4  ,,6.4  
"I cannot set privacy and marketing settings for websites  and my accounts (e.g. managing social media privacy  settings, managing cookie settings, updating contact  preferences)  ",22%  ,,11.3  ,,10.7  ,,12.1  
