﻿Digitally Disengaged (0 Foundation tasks)  ,4%  ,2.4  ,2.1  ,2.7  
Those on the cusp (6-7 Foundation tasks tasks)  ,9%  ,4.8  ,4.5  ,5.5  
Life EDS (5 Life skills)  ,88%  ,46.5  ,46.0  ,47.1  
Without Life EDS (0-4 Life skills)  ,12%  ,6.4  ,5.8  ,6.8  
Zero Life Skills  ,5%  ,2.7  ,2.2  ,3.0  
Partial Life Skills (1-4 Life skills)  ,7%  ,3.7  ,3.3  ,4.1  
Those who cannot do any 26 Life Tasks  ,5%  ,2.7  ,2.2  ,3.0  
Those who can do all 26 Life Tasks  ,47%  ,25.1  ,24.2  ,25.8  
Work EDS (5 Work skills)  ,78%  ,31.6  ,30.8  ,31.8  
Without Work EDS (0-4 Work skills)  ,22%  ,8.6  ,8.4  ,9.4  
Zero Work Skills  ,8%  ,3.2  ,3.0  ,3.6  
Partial Work Skills (1-4 Work skills)  ,14%  ,5.4  ,5.1  ,6.1  
Those not employed and have the Foundation  Level  ,78%  ,6.0  ,5.7  ,6.2  
Those not employed and do not have the  Foundation Level  ,22%  ,1.6  ,1.4  ,1.9  
UK Average and have the Foundation Level  ,80%  ,42.7  ,41.8  ,43.1  
UK Average and do not have the Foundation Level  ,20%  ,10.2  ,9.8  ,11.1  
Those employed and have the Foundation Level  ,90%  ,29.7  ,29.1  ,29.9  
Those employed and do not have the Foundation  Level  ,10%  ,2.9  ,2.7  ,3.5  
Those not employed and have Life EDS  ,86%  ,6.5  ,6.3  ,6.8  
Those not employed and do not have Life EDS  ,14%  ,1.1  ,0.8  ,1.3  
UK Average and have Life EDS  ,88%  ,46.5  ,46.0  ,47.1  
UK Average and do not have Life EDS  ,12%  ,6.4  ,5.8  ,6.8  
Those employed and have Life EDS  ,95%  ,30.9  ,30.5  ,31.1  
Those employed and do not have Life EDS  ,5%  ,1.7  ,1.5  ,2.1  
Those not employed and have Work EDS  ,60%  ,4.6  ,4.2  ,4.9  
Those not employed and do not have Work EDS  ,40%  ,3.0  ,2.7  ,3.4  
Those employed and have Work EDS  ,82%  ,27.0  ,25.8  ,27.8  
Those employed and do not have Work EDS  ,18%  ,5.6  ,4.7  ,6.8  
Those not employed and do not have the  Foundation Level  ,22%  ,1.6  ,1.4  ,1.9  
