﻿"I can use the cloud to access content from different  devices (e.g. smartphone, tablet, laptop and desktop)  ",72%  ,38.2  ,37.4  ,38.9  
"I can use the internet to stream or download  entertainment content (e.g. films, TV series, music, games or books through services like You Tube, Spotify,  Netflix, BBC iPlayer)  ",85%  ,44.9  ,44.2  ,45.3  
"I can set up an account online that enables me to buy  goods or services (e.g. Amazon, eBay, supermarkets or  other retailers)  ",87%  ,46.0  ,45.4  ,46.4  
"I can fill in forms online to access the services I need (e.g.  Voting registration, ordering repeat prescriptions,  booking doctor appointments, booking train tickets or  beauty appointments)  ",86%  ,45.6  ,45.0  ,46.2  
"I can buy goods/services online using online payments  (e.g. Debit/ credit card, PayPal, Apple Pay, Google Pay,  Worldpay)  ",87%  ,46.2  ,45.6  ,46.7  
"I can manage my money and transactions online (e.g.  View balance or transfer funds via internet or transfer  funds via internet or mobile banking app, manage  spending through PayPal account, manage payments  on finance plan)  ",84%  ,44.8  ,44.0  ,45.2  
"I can use the internet to find information that helps me  solve problems (e.g. by using search engines, web chat,  FAQs and forums)  ",88%  ,46.2  ,45.8  ,46.8  
"I can use the internet to improve my skills and ability to  do new things (e.g. using online tutorials, learning  platforms and how-to guides)  ",82%  ,43.6  ,43.0  ,44.2  
"I can act with caution online and understand that there  are risks and threats involved in carrying out activities  online (e.g. use anti-virus software, classify and share  information securely or avoid certain types of websites such as piracy websites)  ",89%  ,47.0  ,46.4  ,47.5  
"I can set privacy and marketing settings for websites and  my accounts (e.g. managing social media privacy  settings, managing cookie settings, updating contact  preferences)  ",78%  ,41.6  ,40.8  ,42.1  
"I can follow data protection guidelines online (e.g.  following data storage and retention guidelines, not sharing or using other people's data or media such as  movies or music without their consent)  ",85%  ,44.8  ,44.1  ,45.3  
"I can respond to requests for authentication for online  accounts (e.g. resetting my password when I've  forgotten it, two factor authentication, using a remote  access key or an authenticator app)  ",85%  ,45.2  ,44.6  ,45.7  
I can identify secure websites (e.g. by looking for the  padlock and 'https' in the address bar)  ,83%  ,43.9  ,43.4  ,44.5  
"I can recognise suspicious links and know that clicking  on these links or downloading unfamiliar attachments is  a risk (e.g. spam/ phishing emails, texts, pop ups)  ",89%  ,47.0  ,46.4  ,47.5  
"I can update my device software/ operating systems  when necessary to prevent viruses and other risks (e.g.  enabling automatic updates, or installing when  prompted to do so)  ",85%  ,44.9  ,44.2  ,45.4  
"I can identify secure Wi-Fi networks to connect to (e.g.  Wi-Fi networks where a unique password is required,  trusted source or padlock next to Wi-Fi network)  ",83%  ,43.8  ,43.0  ,44.3  
"I can be careful with what I share online as I know that  online activity produces a permanent record that can be  accessed by others (e.g. publicly shared photos, forums, personal information or opinions)  ",89%  ,47.0  ,46.5  ,47.5  
"I cannot set up accounts which help me communicate  online (e.g. email, social media, forums)  ",15%  ,7.7  ,7.2  ,8.3  
