﻿Reference  ,Percentage  results  ,Estimated  Grossed Figure  (millions)  ,Lower  Confidence  Interval  ,Upper  Confidence  Interval  I  
Has Communicating Skill (Life)  ,94%  ,49.5  ,49.2  ,49.9  
Has Handling Information and Content Skill (Life)  ,93%  ,49.3  ,49.0  ,49.8  
Has Transacting Skill (Life)  ,92%  ,48.5  ,48.1  ,48.9  
Has Problem Solving Skill (Life)  ,90%  ,47.4  ,47.0  ,48.0  
Has Being Safe and Legal Online Skill (Life)  ,94%  ,49.6  ,49.3  ,50.0  
Does not have Communicating Skill (Life)  ,6%  ,3.4  ,3.0  ,3.7  
Does not have Handling Information and Content Skill  (Life)  ,7%  ,3.5  ,3.0  ,3.9  
Does not have Transacting Skill (Life)  ,8%  ,4.4  ,4.0  ,4.8  
Does not have Problem Solving Skill (Life)  ,10%  ,5.5  ,4.9  ,5.9  
Does not have Being Safe and Legal Online Skill (Life)  ,6%  ,3.3  ,2.9  ,3.6  
"I can set up accounts which help me communicate  online (e.g. email, social media, forums)  ",85%  ,45.2  ,44.6  ,45.7  
"I can communicate with others digitally using email or other messaging applications (e.g. WhatsApp or  Messenger, direct messaging on social media such as  lnstagram, Facebook etc)  ",91%  ,48.3  ,47.9  ,48.8  
"I can use software to create, write or edit documents  (e.g. Microsoft Word/ Google docs/ Pages for a  CV/letter)  ",80%  ,42.3  ,41.7  ,43.0  
"I can share files or links with others by attaching to an  email, uploading to a website or an application (e.g.  proof of address/ identity, sharing an image, or link via  WhatsApp)  ",85%  ,44.7  ,44.2  ,45.4  
"I can make and receive video calls (e.g. Facetime, Zoom,  Facebook Portal or WhatsApp call)  ",86%  ,45.7  ,45.2  ,46.2  
"I can post messages, photographs, videos or biogs on  social media platforms (e.g. Facebook, lnstagram, Tik  Tok, Twitter or Snapchat)  ",80%  ,42.2  ,41.6  ,42.9  
"I can recognise what information or content online may,  or may not, be trustworthy (e.g. fact checked  information, ""fake news"" or assess the trustworthiness of a company based on customer reviews)  ",85%  ,44.9  ,44.2  ,45.3  
"I can use search engines to find information I'm looking  for (e.g. search for news, the weather, train times)  ",92%  ,48.4  ,47.9  ,48.9  
"I can store and back up photos, messages, documents or  other information (e.g. iCloud, Google Drive, Dropbox,  OneDrive, desktop or storage drive)  ",82%  ,43.4  ,42.6  ,43.9  
