﻿Reference  ,Percentage  results  ,Estimated  Grossed Figure  (millions)  ,Lower  Confidence  Interval  (millions)  ,,Upper  Confidence  Interval  (millions)  I  
The Foundation Level (8 Foundation tasks)  ,80%  ,42.7  ,,41.8  ,43.1  
Without The Foundation Level (0-7 Foundation  tasks)  ,20%  ,10.2  ,,9.8  ,11.1  
No Foundation (0 Foundation tasks)  ,4%  ,2.4  ,,2.1  ,2.7  
Those on the cusp (6-7 Foundation tasks)  ,9%  ,4.8  ,,4.5  ,5.5  
Partial Foundation Level (1-7 Foundation tasks)  ,15%  ,7.8  ,,7.5  ,8.6  
I can turn on the device and enter any account  login information as required  ,92%  ,48.4  ,,48.0  ,48.9  
"I can use the available controls on my device (e.g.  mouse, keyboard, touchscreen, trackpad)  ",93%  ,49.0  ,,48.6  ,49.5  
"I can use the different settings on my device to  make it easier to use (e.g. adjust font size, volume  settings, brightness of screen, voice activation or  screen readers)  ",90%  ,47.6  ,,47.1  ,48.0  
"I can find and open different applications  /programmes/platforms on my devices (e.g  opening a web browser, messaging applications)  ",90%  ,47.9  ,,47.4  ,48.3  
"I can set up connection to a Wi-Fi network on my  devices (e.g when at home, work, out in public or  visiting family and friends)  ",87%  ,46.1  ,,45.6  ,46.7  
"I can open an internet browser to find and use  websites (e.g Safari, Google Chrome, Mozilla  Firefox, Microsoft Edge)  ",92%  ,48.6  ,,48.2  ,49.0  
I can keep my login information and passwords for  a device and any accounts secure (e.g not shared  with anyone or written down or left prominently  near a device)  ,90%  ,47.6  ,,47.1  ,48.0  
I can update and change my password when  prompted to do so  ,91%  ,47.9  ,,47.4  ,48.4  
I cannot turn on the device and enter any account login information as required  ,8%  ,4.5  ,,4.0  ,4.9  
"I cannot use the available controls on my device  (e.g mouse, keyboard, touchscreen, trackpad)  ",7%  ,3.9  ,,3.4  ,4.3  
"I cannot use the different settings on my device to  make it easier to use (e.g adjust font size, volume  settings, brightness of screen, voice activation or  screen readers)  ",10%  ,5.3  ,,4.9  ,5.8  
"I cannot find and open different applications  /programmes/platforms on my devices (e.g.  opening a web browser, messaging applications)  ",10%  ,5.0  ,,4.6  ,5.5  
"I cannot set up connection to a Wi-Fi network on my devices (e.g. when at home, work, out in public  or visiting family and friends)  ",13%  ,6.7  ,,6.2  ,7.2  
"I cannot open an internet browser to find and use  websites (e.g. Safari, Google Chrome, Mozilla  Firefox, Microsoft Edge)  ",8%  ,4.3  ,,3.9  ,4.7  
I cannot keep my login information and passwords  for a device and any accounts secure (e.g. not  shared with anyone or written down or left  prominently near a device)  ,10%  ,5.3  ,,4.8  ,5.8  
I cannot update and change my password when  prompted to do so  ,9%  ,5.0  ,,4.5  ,5.5  
