﻿Capability  ,UK activity  
"Satellite Communications  Global, secure, and resilient communications and information exchange via satellites and ground stations for civil and defence purposes.  ","The UK will invest around £5 billion over the next 10 years in our military satellite communications programme, delivering through the Skynet 6 programme and investigate the dual use applications of free-space optical communications systems. We will also investigate new waveforms and encryption methods to provide better end-to-end protection. The UK will foster UK innovation in satellite communications technologies through ARTES: the European Space Agency’s Advanced Research in Telecommunications Systems programme.  "
"Earth Observation (EO) and Intelligence, Surveillance and Reconnaissance (ISR)  The ability to gather Earth observation data and electronic intelligence anywhere on the planet, for both civil and defence use.  ",The UK will develop a constellation of small ISR satellites with supporting architectures and invest in both earth observation data infrastructure and hardware development capability. The UK also intends to develop and benefit from the Copernicus Earth Observation programme under the terms of the UK-EU Trade and Co-operation Agreement.  
"Command-and-Control, and Space Capability Management  The organisational structures and process which enable us to direct our resources for activities and missions in space.  ",The UK will establish a civil/defence National Space Operations Centre. UK Space Command will be in the lead for command and control operations. National Capability management will be undertaken from a joint civil and defence perspective where appropriate.  
Space Control  The ability to ensure our space capabilities have adequate resilience to disruption from adversarial activity and operational freedom in space.  ,"The UK will ensure the right space control systems and processes are in place, as part of the Defence Space Portfolio, to give the UK supplementary abilities to protect and defend our space interests.  "
Capability  ,UK activity  
"Position, Navigation and Timing (PNT)  PNT is the ability to determine location, time, and relative direction accurately and precisely. It enables 4G and 5G communications networks, supports navigation on land, at sea, and in the air, and supports the capabilities of our armed forces.  ",Government is evaluating the case for investing in resilient PNT capabilities through a mix of innovative new terrestrial and space-based technologies.  
"Orbital Launch Capability  Spaceflight is a prerequisite to acting in space. Launch capabilities are needed to deliver satellites into Earth’s orbit, carry humans on suborbital and orbital spaceflight, conduct suborbital science and technology experiments and send payloads beyond Earth’s orbit to the Moon, Mars, and other parts of the solar system.  ","We will be the first country to launch a small satellite from Europe in 2022 from the spaceports being developed across the UK. Current proposed spaceports are located in Scotland’s Shetland Isles, Sutherland, Argyll, Prestwick, and Outer Hebrides; Snowdonia in Wales; and Cornwall in England.  "
"In Orbit Sservicing and Manufacturing  (IOSM)  Many of the UK’s key capabilities rely on satellites in orbit. New technologies will enable the UK to service and maintain our satellites to maximise resilience, effectiveness, and value for money.  ","The UK will explore advanced in-orbit debris removal servicing, refuelling and assembly technologies nationally and in partnership with others, including ESA. In time, we will be able to build and repair satellites in orbit, conduct commercial activities including producing fuel and materials in space to support robotic and crewed space activity, and conduct defence operations to protect and defend our interests in and from space.  "
"Space Domain Awareness (SDA)  The detection, identification, and tracking of objects in space and understanding the effects of space weather to ensure the UK has knowledge of what is occurring in space.  ","The UK will expand existing dual-use sensor and data networks, adding the ability to task sovereign sensors, understand space weather, and exploit space surveillance and tracking data. The civil and defence National Space Operations Centre will provide space domain awareness information to industry. The commercial integration cell will continue to provide the vital link between industry and defence in enhancing Space Domain Awareness.  "
