﻿Type of organisation  ,Upstream (U) and/or downstream  (D)  ,Number  ,Average workforce employed on space-related projects  ,Average share of technicians in the space workforce (%)  
Component/sub-system manufacturer  ,U  ,11  ,55a  ,23a  
Consultancy (upstream)  ,U  ,1  ,8  ,0  
Space prime/system integrator  ,U and D  ,2  ,1550  ,20  
Upstream manufacturer and downstream service provider  ,U and D  ,3  ,110  ,3  
Downstream service provider  ,D  ,3  ,18b  ,10b  
IT and software engineering service providers  ,D  ,3  ,150  ,2  
Satellite operators  ,- ,2  ,390  ,4  
