﻿Aim  
• Target additional funding to boost the underlying enablers of high-quality SRTI.  
Programme summary  
"• Upgrade and support new world-class national and international SRTI infrastructure assets, unleashing the full potential of the UK’s world-class Public Sector Research Establishments (PSREs), universities, institutions, national labs and research organisations across the whole of the UK.   • This would be new investment that would complement existing funding for infrastructure secured through the 2021 Spending Review (SR21), with a focus on attracting talent and supporting innovation and global collaborations.    "
Benefits  
"• Catalyse the growth of SRTI clusters across the UK, driving economic growth through innovation and supporting government’s levelling up ambitions.  "
"• Support higher education providers and research institutes with funding to maintain and upgrade their research facilities and equipment, ensuring they remain internationally competitive.   • Enhance the digital capacity of the UK research system.   • Support the financial sustainability of the research landscape.    "
