﻿Model Component  ,Potential solutions to explore  ,Identified areas for further research  
Behavioural  Capability/ accessibility Image/  reputation/ trust  Perceived importance Clear rationale Norms/  advocacy  ,Directly incentivise IDA-specific activity  Monitor metrics focused on IDA through a National IDA Survey Tackle information gaps through trusted  networks  ,The potential role of a national or shared purpose in expediting IDA  Cognitive-bias and socio-cultural barriers  
Economic  Development cost Supply chain  readiness  ,Increased public funding and support for  scale ups Tax credits for diffusion/ adoption activities (not just for R&D)  Showcase UK innovation internationally (with grant funding to participate)  ,Role of the foreign direct  investment in IDA Impact of public sector buying power  Collaborative co-investment structures  
Manufacturing  costs Distribution networks  Export potential  ,,Increased access to publicly funded/subsidised business and marketing support  
Social Desirability Awareness Diversity Equality Cultural/  social fit  ,"Set clear purpose (social value) for  challenge-led innovation Incentivise multi-sector collaboration to common problems across sectors/regions  Connect  end-users to innovators through engaging regional and local networks, third sector, community groups and crowd sourcing platforms.  Widen participation and co-design in innovation to traditionally underrepresented groups  ","The dedicated roles and leadership required for diffusion and adoption  Areas suitable for “sandbox” regulation, where benefits of innovation outweigh risks of individual failures.  "
"Technological  Effectiveness/ advantage Reliability Simplicity,  good design Compatibility Sustainability/  longevity  ",De-risk adoption by further developing and supporting common standards for interoperability and open architectures.  Evolve IP rules to recognise service as  well as product based innovation. Reduce barriers for innovators accessing independent technical expertise  ,Channels for diffusion/adoptions of tried-and-tested/COTS technologies from one sector into an adjacent sector  Subsidised investment in innovative technology to reduce cost of entry  
