﻿Innovation Diffusion  ,Proposed Metrics  ,Innovation Adoption  ,Proposed Metrics  
Behavioural: Capability/ accessibility  ,The number of people who can access the product/service and know how to use it  ,Behavioural: Risk appetite  ,The number of risks in adopting the product Willingness to adopt  
Behavioural: Image/ reputation/ trust  ,Percentage of people who think product/service is trustworthy and aligns with their values  ,Behavioural: Positive attitude/ leadership  ,"The number of individuals that influence others to adopt/not adopt the product, and the strength of their positive/negative opinions about the product/service.  "
Behavioural: Perceived importance  ,The level to which people believe the product/service is critical to meet a market need  ,Behavioural: Opportunity  ,Percentage of people for whom product/ service is available to use  
Behavioural: Clear rationale  ,Number of people who understand the innovation  ,Behavioural: Purpose/ motivation  ,Percentage of people who agree with the purpose of the innovation  
Behavioural: Norms/ advocacy  ,The depth and breadth to which people advocate for the product/service  ,Behavioural: Openness to change  ,The level of disruptiveness that the product/service has and the willingness to adopt the product anyway  
Economic: Development cost  ,Average costs of development by type of product/service  ,Economic: Profitability  ,The amount of profit generated from buying the product/service  
Economic: Supply chain readiness  ,"Supply chain readiness, response, and recovery measures  ",Economic: Business model  ,"Average rating of the presence of customer, service, technical, organisational, financial perspectives, value exchange, information exchange, and process alignment in the business model.  "
Economic: Manufacturing costs  ,"Average costs per 1,000 manufactured, by type of product/ service  Manufacturing location  ",Economic: Timely procurement  ,"Define a threshold for a good procurement time, take the average ranking of the procurement process time against the threshold and the number of errors found from the procurement process.  "
Economic: Distribution networks  ,The number of facilities used to store and transport the physical  ,Economic: Staffing costs  ,The cost of people working to ensure the  
,product/service to the  customer. The efficiency of the network captured through a survey.  ,,product/service is adopted  
Economic: Export potential  ,"Average rating of the current supply capacities, target market’s demand and market access conditions  ",Economic: Lack of competition  ,Quantitative measures to the number of alternative solutions include patent and google hype data using a set of search terms to describe the solution. Qualitative measures include desk research of alternative solutions.  
Social: Observability/ visibility  ,The number of people who have seen the product/service in use  ,Social: Desirability  ,The number and type of people that would buy/use the product/service  
Social: Good partnerships  ,"The number of organisations involved in the commercialisation of the product/service e.g., technology transfer, industry partnering  The quality of the partnership.  ",Social: Awareness  ,The number of people who are aware that the product/service exists as a percentage of the target audience  
Social: Skills availability  ,"Define a set of criteria (e.g., degree titles, certifications) and collect data on the number of people in a country with this requirement.  Qualitative survey of what people think/experience.  ",Social: Diversity  ,The demographic of the people that know about and want the product/service  
Social: Regulatory/  ,Whether the regulatory/ethical/legal  ,Social: Equality  ,The demographic of people that can buy  
legal environment  ,enablers outweigh the barriers  ,,and use the product/service  
Social: Messaging/ influence  ,The effectiveness of the branding of a product/service  ,Social: Cultural/ social fit  ,The reciprocal of the amount of cultural/ social issues there are and the extent to which they block adoption.  
Technological: Well-defined/ easy to understand  ,The usability of the product/service measured by customer survey and focus group feedback  ,Technological: Effectiveness/ advantage  ,"Define a set of KPIs, taking the average result of performance metrics (SWaP – size, weight and power if product for example), compare to existing solutions in the market.  "
Technological: Clear market need  ,Taking the average result of patent and google hype data with queries related to the product/service and market need.  ,Technological: Reliability  ,The reciprocal of the errors the product/service produces  
Technological: Customer engagement  ,The number of customers within the first year of product/service development  ,"Technological: Simplicity, good design  ",The reciprocal of the number of manoeuvres to use the product/service  
Technological: Adaptability/ scalability  ,The level to which the product/service can adapt for other uses and can scale  ,Technological: Compatibility  ,The level that the product/service fits into the current infrastructure  
Technological: Well-understood  ,The number of people who can use the product/service  ,Technological: Sustainability/ longevity  ,Average order total multiplied by the average number of purchases in a year multiplied by average retention time in years.  
