﻿"Providing new, modern population cohorts to address major knowledge gaps – embracing advances in technology and data linkage to achieve world-class longitudinal studies with richer data, more efficiently.  "
How this area can be progressed/indicative approaches  
"Population cohort for  accelerated disease detection  For academic, industry, health, public and social health users, coordinated with government health departments  ","Establishing the Accelerating Detection of Disease programme, a globally unique cohort of up to 5 million volunteers (approximately 1 million surveyed annually) with biomedical samples and analyses would allow research, development and evaluation of methods for detection of earlier disease stages and prevention/early intervention.  A broad, deeply phenotyped, frequently sampled, large population-based cohort would drive precision medicine, development of AI approaches and digital pathology.  Access to a large data set could increase the sensitivity of the detection of nascent and subtle alterations in molecular markers or morphology, helping to identify the early predictors of diseases and inform potential treatments for the 6,000–8,000 rare diseases that affect a few hundred  people worldwide.  Scoping work would inform any decision on next steps.  "
"Adolescent cohort  For academic, health, public and social health users, coordinated with government health departments and education departments  ","The transition to adulthood is a key life phase. A national-level, longitudinal cohort focused on adolescence would address a key gap in coverage in the UK’s available cohort studies. It would support fundamental medical, psychological and social research addressing key stages of personal, physiological and neurological development with major impacts for mental health, physical health, nutrition, obesity and later life choices. Scoping and piloting of potential approaches would inform any decision on next steps.  "
National platforms for  population studies  ,A national-level strategy is required to determine the most appropriate infrastructure(s) to:  
Coordinated with ESRC and government health departments  ,"Preserve and support the UK’s unique population cohort data assets, providing a dynamic interface to create standards, data curation, data linkage and interoperability across the bio/health/social space  Provide data platforms: Specialist platforms to respond to the challenge of linking and analysing the exponentially increased volume of population-scale, multimodal data, e.g. phenotypes, images, whole genome sequencing, microbiome, diet and activity, and health  outcomes data  Provide specialist, interconnected platforms to support integration, curation and linkage of broader economic, environmental and social  data and policy development  Develop digital approaches for new cohorts supporting the economic design, set-up, implementation and long-term maintenance of cohorts  "
Health Data Research  UK (HDR-UK)  Coordinated with government health departments and NHS  ,"Developing approaches for new areas of data linkage, capture and integration (environmental, lifestyle and more complex biological data) would build on the completion of the Digital Innovation Hub partnership with the NHS.  "
