﻿
Population  research resource  ,"Infrastructure to allow researchers across disciplines to access data from cohort/longitudinal studies, improving usability and discoverability and maximising value from existing investments in longitudinal studies. A major role for new infrastructure would be to track both the use and the impact of such studies.  "
New birth cohort  ,"The UK’s current longitudinal studies have a global reputation, but there is a significant and growing evidence gap stemming from the fact that the members of its youngest cohort study, who were born at the turn of the century, have now reached early adulthood. Scoping work is under way to explore the most effective way of designing the next birth cohort, as are plans for additional data collection from the Millennium Cohort Study, to focus on the transition from childhood to adulthood. This gap was highlighted by the MRC Strategic Review of Cohorts and a new study was recommended as part of the Longitudinal Studies Review. This approach would be closely aligned to the biological sciences, health and food sector aim to develop a new adolescent cohort.  "
"Developing long-term, sustainable  investment in  life course and population research  ","There are opportunities to build on decades of investment in the UK’s unique portfolio of cohorts, hosted by the Centre for Longitudinal Studies, which would provide the data required for interdisciplinary research to understand and tackle major complex challenges facing the UK economy, including:  Development and delivery of next-generation cohort design and  methodology Fostering international collaboration with a worldwide network of cohort initiatives  This would develop and use novel data collection technologies (behavioural and biomedical data) to capture data on key life transitions.  "
Understanding  intergenerational  change across cohorts  ,"A series of scoping activities are needed to understand intergenerational change across cohorts, by enhancing and utilising administrative data linkage. This was a core recommendation of the Longitudinal Studies  Review.  "
