﻿2D	  ,Two-Dimensional  ,DSTL	  ,Defence Science and Technology  
3D	  ,Three-Dimensional  ,,Laboratory  
AAAI	  ,"Authentication, Authorisation and  ",EBI	  ,European Bioinformatics Institute  
,Accounting Infrastructure  ,ELI	  ,Extreme Light Infrastructure  
AAAS  ,American Association for the Advancement of Science  ,ELIXIR	  ,European Life Science Infrastructure for Biological Information  
ADR UK	  ,Administrative Data Research UK (previously ADRP)  ,EMBL	 EMBL-EBI	  ,European Molecular Biology Laboratory European Molecular Biology Laboratory -  
ADS  ,Archaeological Data Service  ,,European Bioinformatics Institute  
Agri-EPI	  ,"Agricultural Engineering, Precision and Innovation Centre  ",EMEC	 EMPHASIS	  ,European Marine Energy Centre European Infrastructure for Multi-scale  
AHRC	  ,Arts and Humanities Research Council  ,,Plant Phenomics and Simulation  
AI	  ,Artificial Intelligence  ,EPAC	  ,Extreme Photonics Application Centre  
AIRTO	  ,"Association of Innovation, Research and Technology Organisations  ",EPSRC	  ,Engineering and Physical Sciences Research Council  
ALICE	  ,Accelerators and Lasers In Combined  Experiments  ,E-RIHS	  ,European Research Infrastructure for Heritage Science  
ALICE -  ,A Large Ion Collider Experiment  ,ESA  ,European Space Agency  
AMR  ,Advanced modular reactor  ,ESFRI	  ,European Strategy Forum on Research  
AMR	  ,Antimicrobial Resistance  ,,Infrastructures  
ARTFUL	  ,Advanced infrared/Terahertz Facilities for Users of Lasers  ,ESRC	 ESRF  ,Economic and Social Research Council European Synchrotron Radiation Facility  
ASTeC	  ,Accelerator Science and Technology Centre  ,ESS  EU	  ,European Spallation Source  European Union  
ATLAS  ,A Toroidal LHC Apparatus  ,Euro-	  ,European Research Infrastructure for  
AWE	  ,Atomic Weapons Establishment  ,Bioimaging  ,Imaging Technologies in Biological and  
BBC	  ,British Broadcasting Corporation  ,,Biomedical Sciences  
BBSRC	  ,Biotechnology and Biological Sciences Research Council  ,EuroMod	  ,Tax-benefit microsimulation model for the European Union  
BEIS  ,"Department for Business, Energy and Industrial Strategy  ",European	  XFEL	  ,European X-ray Free-Electron Laser Facility  
BSL-3	  ,Biosafety Level 3  ,FAAM	  ,Facility for Airborne Atmospheric Measurements  
CAT3	  ,Category 3  ,,
CCS  ,Carbon Capture and Storage  ,FAANG	  ,Functional Annotation of Animal Genomes  
CERN	  ,Conseil Européen pour la Recherché Nucléaire (European Organisation for Nuclear Research)  ,FAIR	  ,"Findable, Accessible, Interoperable,  Reusable  "
CHAP	  ,Crop Health and Protection  ,FEL	  ,Free Electron Laser  
CHP  ,Combined heat and power  ,FELIX	  ,Free Electron Lasers for Infrared eXperiments  
CLF  ,Central Laser Facility  ,G7	  ,"Group of Seven (Canada, France,  "
CMS	  ,Compact Muon Solenoid  ,,"Germany, Italy, Japan, the UK and the  "
CO2  ,Carbon Dioxide  ,,USA)  
Cryo-EM	  ,Cryo-Electron Microscopy  ,GDP	  ,Gross Domestic Product  
CT	  ,Computed Tomography  ,GLAM	  ,"Galleries, Libraries, Archives and  "
CUBRIC	  ,Cardiff University Brain Research Imaging Centre  ,GVA	  ,Museums Gross Value Added  
DAFNI	  ,Data and Analytics Facility for National Infrastructure  ,GW	 HDR-UK	  ,Gravitational Wave Health Data Research-UK  
DCMS	  ,"Department of Culture, Media and Sport  ",HEaTED	  ,Higher Education and Technician’s  
Defra	  ,Department for Environment Food and Rural Affairs  ,HEI	  ,Educational Development  Higher Education Institution  
Diamond	  ,Diamond Light Source  ,HE-LHC	  ,Higher-Energy Large Hadron Collider  
DiPOLE	  ,Diode Pumped Optical Laser for  Experiments  ,HiLUX	  ,Ultrafast Structure and Dynamics at RCaH  
DiRAC	  ,Distributed Research utilising Advanced Computing  ,HIV	  ,Human Immunodeficiency Virus  
HL-LHC	  ,High-Luminosity Large Hadron Collider  ,PV	  ,Photovoltaic  
HPC	  ,High-Performance Computing  ,PWR  ,Pressurised water reactor  
HTC	  ,High-Throughput Computing  ,R&D	  ,Research and Development  
IBD	  ,Inflammatory Bowel Disease  ,RACE	  ,Remote Applications in Challenging  
ICR	  ,Institute of Cancer Research  ,,Environment  
ICT	  ,Information and Communications Technology  ,RAL	  RCaH	  ,Rutherford Appleton Laboratory Research Complex at Harwell  
IIIF  ,International Image Interoperability Framework  ,RIKEN	  ,Rikagaku Kenkyūjo (Japanese Research and Development Institute)  
ILL	  ,Institute Laue-Langevin  ,RRS  ,Royal Research Ship  
Instruct-	  ,Integrated Structural Biology –  ,RUEDI  ,Relativistic Ultrafast Electron  
ERIC  ,European Research Infrastructure Consortium  ,SAMS	  ,Diffraction and Imaging Scottish Association for Marine  
InTEGReL	  ,Integrated Transport Electricity Gas Research Laboratory  ,SBUK	  ,Science  Synthetic Biology UK  
ISCF  ,Industrial Strategy Challenge Fund  ,SKA	  ,Square Kilometre Array  
ISIS  ,ISIS Neutron and Muon Source  ,SME	  ,Small and Medium sized Enterprises  
JASMIN	  ,Joint Analysis System Meeting  ,SMR  ,Small modular reactor  
,Infrastructure Needs  ,SMR	  ,Steam Methane Reforming  
JET	  ,Joint European Torus  ,SNS	  ,Spallation Neutron Source  
LEAPS	  ,League of European Accelerator-based Photon Sources  ,SRS	  ,Synchrotron Radiation Source  
LHC  ,Large Hadron Collider  ,STAR-IDAZ	  ,International Research Consortium on Animal Health  
LHCb	  ,Large Hadron Collider beauty  experiment  ,STEP	  ,Spherical Tokamak for Energy  Production  
LIDAR	  ,Light Detection and Ranging  ,STFC	  ,Science and Technology Facilities  
MAST	  ,Mega Amp Spherical Tokamak  ,,Council  
MONSooN	  ,Met Office/NERC Superco(o)mputer Nodes  ,SUPERGEN	  ,Sustainable Power Generation and  Supply initiative  
MR Linac	  ,Magnetic Resonance Linear  ,TfL	  ,Transport for London  
,Accelerator  ,TRL	  ,Technology Readiness Level  
MRC	  ,Medical Research Council  ,TROPOMI	  ,Tropospheric Monitoring Instrument  
MRI	  ,Magnetic Resonance Imaging  ,UAV	  ,Unmanned Aerial Vehicle  
MW	  ,Megawatt  ,UCL	  ,University College London  
NAMRC	  ,Nuclear Advanced Manufacturing Research Centre  ,UKCRIC	  ,UK Collaboratorium for Research on Infrastructures and Cities  
NASA	  ,National Aeronautics and Space  Administration  ,UKDS	 UKGEOS  ,UK Data Service UK Geoenergy Observatories  
NERC	 NHS  ,Natural Environment Research Council National Health Service  ,UKRI	 UK-RIHS  ,UK Research and Innovation UK Research Infrastructure for  
NiCoLA-B	  ,AstraZeneca’s drug discovery robotics platform  ,UKSA	  ,Heritage Science UK Space Agency  
NIHR	  ,National Institute for Health Research  ,UN	  ,United Nations  
NMR	  ,Nuclear Magnetic Resonance  ,UUV	  ,Unmanned Underwater Vehicle  
NNL	  ,National Nuclear Laboratory  ,V&A	  ,Victoria and Albert Museum  
NOC	  ,National Oceanography Centre  ,WHO	  ,World Health Organisation  
NPL	  ,National Physical Laboratory  ,XAFS	  ,X-ray Absorption Fine Structure  
NRF  ,National Research Facility  ,XFEL	  ,X-ray Free Electron Laser  
OECD	  ,Organisation for Economic Co- operation and Development  ,,
ORE	  ,Offshore Renewable Energy  ,,
PET	  ,Positron Emission Tomography  ,,
PRACE	  ,Partnership for Advanced Computing  in Europe  ,,
PSREs	  ,Public Sector Research Establishments  ,,
