﻿Expertise  ,Function  
Research software  engineering  ,Develop software applications for deployment.  
Research operations  engineering  ,"Build, test, configure and release/deploy services. Operational interface between the scientist/researcher and the deployed  environment.  "
Network engineering  ,Manage on-premise network infrastructure and cloud connectivity.  
Data engineering and wrangling  ,"Design, build and manage the information infrastructure. Transform and map data from one ‘raw’ format into another.  "
Data analysis and data mining  ,"Discover patterns in large data sets with the goal of discovering useful information, informing conclusions and supporting decision-making.  "
"Data curation, stewardship  and management  ",Acquisition and curation of information from one or more sources and the use of tools to curate data for different analytical tasks.  
Information security and  governance  ,"Manage information at an organisation, balancing the use and security of information. Legal compliance, operational transparency.  "
