﻿How this area can be progressed/indicative approaches  
Centre for the study of hydrogen use and safety of devices  ,"Options range from a product-testing centre that enables certification of new devices, TO more substantial activity focused on developing new devices with a role in independent certification to support UK manufacturers.  "
"A facility to develop bulk production of low-carbon, low-cost, resilient hydrogen  ","One or more low-carbon hydrogen production demonstrators, probably with electrolysis, would be needed to demonstrate that hydrogen can be produced and supplied to the commercial market at a competitive cost.  "
"A research centre into the use of hydrogen in the gas grid, as an admixture or as 100% hydrogen  ","A centre for R&D into re-purposing the current gas infrastructure (TRL 5–8), combustion (TRL 6–8), fuel cell research (TRL 6–8) and gas storage (TRL 3–6) would facilitate research to support the transition from methane to hydrogen. This could be combined with the first or fourth fuel cell and hydrogen challenge described in this table.  "
A centre to research and develop the  underground storage  of hydrogen  ,"To store large quantities of hydrogen inter-seasonally, a facility or laboratory could be commissioned to study hydrogen storage and distribution systems equipped with measurement instrumentation coupled with an array of boreholes. This could be part of a broader subsurface research capability that also looks at CCS and geothermal energy.  "
A research institute for fuel cells for the improvement of performance and reduction of cost  ,Consider options for an R&D facility to address the remaining challenges that prevent the wider uptake of fuel cells and research and develop fuel cells technology.  
A centre to facilitate the transition from  a natural gas economy to a  hydrogen economy  ,Decision-makers need a better understanding of what a hydrogen economy could look like. A new research hub would assess the various hydrogen technology options and possible pathways that could be implemented to replace natural gas with hydrogen in the UK. This could be linked to action taken under Theme 1.  
