﻿Theme 1: Supercomputing  
How this area can be progressed/indicative approaches  
Leadership-class (Tier-0) national  supercomputing  facilities  ,"The aim would be to meet the goal of the UK hosting an exascale system by 2025/26, in support of Grand Challenges which push the frontiers of science and innovation. A project is currently under way to scope the options including the potential to work with international partners.  "
Workflow-specific (Tier-1) national  supercomputing  facilities with  distinct capabilities  in support of  particular types  of modelling  or particular communities  ,"This would involve supporting Grand Challenges that require specialist hardware tailored to the scientific requirements. Examples include:  DiRAC ARCHER (ARCHER2 in procurement) The Met Office The Hartree Centre  JASMIN  UKAEA (planning under way) EMBL-EBI (phase 1 under way, planning for phase 2 in preparation)  "
National AI service  ,"A national service for machine learning applications would work across UK Research and Innovation’s remit and include hardware, software and service support. This has the potential to offer ‘machine learning as a service’.  "
Tier-2  ,Expansion of Tier-2 facilities: entry-level and exploratory platforms would allow users to carry out larger computations relatively quickly and find out whether larger/longer projects on other platforms may be practical. Investment here would also allow exploration of new computing paradigms and provide experimental test beds for both hardware and software development.  
Hosting infrastructure  ,Development of data centres and computer centres to host e-infrastructure facilities would need to be in place to avoid delays in installing and using supercomputer facilities.  
Beyond exascale –  quantum computing  ,There is an opportunity for additional research into the potential of future computational architectures that incorporate quantum computing accelerators. The current need is for additional research in the field but may lead to infrastructure investments in quantum computing within a few years.  
