﻿"Developing the UK’s biomedical and clinical research infrastructure to analyse human phenotypes with high precision and at scale, with consistent technology and data integration across sites, greater lab automation and advanced analytics and AI approaches.  "
How this area can be progressed/indicative approaches  
"Clinical phenotyping hubs (technology-led)  For academic, industry and health users, coordinated with government health departments  ","Supporting industry, academic and NHS programmes and cooperation with coordinated phenotyping hubs, including primary data-gathering at scale and utilising bespoke and unique facilities, would deliver efficient services across multiple projects and clinical areas building on £170 million of investment in clinical infrastructure made in 2015.  Hubs would provide a balance of: Standard core facilities (next-generation sequencing, proteomics and metabolomics data) on at least eight clinical research campuses to enable phenotyping at scale and to support fast recruitment to  complex studies  Specialist facilities: a broad range of leading capabilities (e.g. biomedical imaging – MRI, Positron Emission Tomography (PET), CT; multi-‘omics; wearables and home systems for 24/7 monitoring; robot sample handling and banking; physiological monitoring) which can be used in conjunction with the core facilities  Integration facilities working with data outputs from standard and specialist facilities to support data integration and mathematical modelling and linkage through consistent data systems and standards, with standard user access and agreements  "
Network of flagship centres (challenge-led)  ,"State-of-the-art technology would support research into fundamental challenge areas, e.g. disease or system-based. Provision of specialist facilities could explore areas such as:  "
Coordinated with government health departments  ,"Multimodal neuroscience and cognitive studies for medical and normal function research, e.g. for brain repair and rehabilitation, or mental health research – exploiting MRI, PET with electrophysiological data and other modalities  Development of novel technologies, e.g. high-field (11–14T) MRI to  develop advanced diagnostic imaging capabilities  "
