﻿Theme 4: Technologies to improve health and treatment  
How this area can be progressed/indicative approaches  
Healthcare technologies  innovation and evaluation centres  ,"There is an opportunity to establish shared environments that would allow academics, health professionals and other partners to work together and iterate physical sciences and engineering-driven healthcare technologies, explore integration with other innovations and prepare for wider health sector roll-out. A first step would be to explore requirements in consultation with the community and develop a strategy to realise healthcare technologies innovation and evaluation centres.  "
"Healthcare capability  to underpin delivery  of healthcare in the home, including  diagnosis and treatment  ","Access to healthcare through primary care routes are under significant pressure, partly due to an ageing population. There is an opportunity to develop technological solutions that would transfer appropriate healthcare activity away from the established primary care settings and into people’s homes. The potential areas for focus are broad-ranging, such as diagnostics, patient compliance, therapeutic manufacturing in the home and rehabilitation technologies. The specific focus of any activity that will help to deliver the maximum potential benefit on a large-scale investment is therefore currently unclear.  A first step would be to explore and identify specific infrastructure options through engagement with the community.  "
"Fully automated  assistive technology capability,  supporting complex  and changing care  needs  ","Health and care needs are requirements of every individual and are constantly changing. For an efficient health and care system, monitoring and provision cannot be limited to primary care providers alone. There is an opportunity to innovate technological solutions that provide support, assistance and care wherever and whenever required, in either the home, the workplace or environment. This has the potential to span aspects from robotic prosthetic devices to community-level sensing and monitoring for mental health distress.  A first step would be to explore and identify specific infrastructure options through engagement with the community.  "
Advanced imaging: MRI scanner with magnetic field >10T  ,"Higher magnetic field strengths provide improved spatial and temporal resolution, greater sensitivity to physiological changes and access to new contrasts, which will unlock a new era of imaging in precision medicine  allowing more complex biomedical questions to be investigated.  Investment in state-of-the-art infrastructure would support the development of the novel technologies and image processing methodologies required to enable the benefits to be realised, including cascading the developments to lower-field instruments to improve wider efficiencies.  "
