﻿
Expanding nuclear engineering  capability through a centre of excellence  ,"Explore potential for a centre of excellence in nuclear engineering. This should complement and possibly include an expansion of the Nuclear Advanced Manufacturing Research Centre (NAMRC). Such a centre would enable multidisciplinary nuclear energy engineering to support the UK new-build programme. Additionally, demonstration sites could be commissioned in conjunction with the proposed nuclear development programmes, also supported by the work of the NAMRC and Catapults. This centre could also include wider cost reduction R&D in reactor and site construction.  "
Nuclear  decommissioning  research centre  ,"Facilities for handling and analysing active materials would enable development and scale-up of newly developed techniques. This could include facilities to design and develop waste minimisation, treatment and management technologies in both active and non-active environments. This is a critical issue for the planning of new-build programmes in both SMRs and AMRs.  "
Research centre for fuel requirements for future reactors  ,"Developing dedicated facilities to research and test the fuels of future reactors, especially accident, tolerant fuels, would help maintain and grow the UK’s advanced fuel capability. This is important for both existing and future reactors, in both civil and defence applications.  "
Spherical tokamak for energy production (STEP)  ,Taking spherical tokamak studies through to the next development phase would require a large fusion demonstration reactor to develop the technology needed to generate electricity.  The first phase of the STEP programme will develop the spherical tokamak approach to produce a concept design for the production of affordable fusion energy. The first year of this work is currently under way.  
Thermal hydraulics research centre for reactors  ,"A dedicated facility for thermal hydraulics research and testing would support the design and development of new reactors. Such a facility would need to cover one or more of the following areas: pressurised water, molten salts, liquid metal and advanced gas. These are areas of interest for code validation of SMRs, AMRs and any future advanced Pressurised Water Reactors (PWRs). This facility is in the initial scoping stages.  "
Centre or research institute for  advanced reactor development  ,"New facilities that underpin design capability to support UK ambitions for new nuclear build would enable the informed assessment and development of future reactor designs, their regulation and operation.  "
