﻿Subtheme: How did the Universe begin and how is it evolving? How do stars and planetary systems develop and how do they support the existence of life?  
How this area can be progressed/indicative approaches  
Ground-based  observational astronomy  ,"UK participation in international collaborations to construct new telescopes would enhance UK astronomy capability. There are several options such as: the Simons Observatory for observations of the cosmic microwave background, to understand the conditions of the very early Universe better; the European Solar Telescope to observe and model the physical processes in the solar atmosphere, providing detailed understanding of the Sun’s activity and its impact on space and Earth; the New Robotic Telescope which could provide UK leadership in time domain and solar system physics, such as the discovery and characterisation of extrasolar planetary systems; and the Gravitational Wave Optical Transient Observer (GOTO) which could improve the ability to localise the sources of  gravitational wave events.  "
Gravitational Wave  observatories  ,"The Einstein Telescope is a proposed third-generation Gravitational Wave (GW) observatory in Europe and one of the highest-priority projects on the Astroparticle Physics European Consortium roadmap. As the second-generation of GW detectors reach their limits, the Einstein Telescope would ensure GW observing capacity for the coming decades, while at the same time increasing instrument sensitivity. This would allow us to map GW sources through the different ages of the Universe to answer questions about the nature of black holes and neutron stars. The Einstein Telescope is expected to be constructed and operated as an international organisation, with site selection estimated to take place in 2021/22 and construction to commence in 2024.  "
Next-generation particle astrophysics infrastructures  ,"Participation in one or more international particle astrophysics infrastructures would complement the UK’s existing capabilities and fill gaps in the research portfolio. Opportunities for the UK include: high-energy astrophysics with one of the next-generation of gamma-ray observatories such as the High-Altitude Water Cherenkov Observatory, the Southern Gamma-ray Survey Observatory, or the Cherenkov Telescope Array; astrophysical neutrino observatories; the Atomic Interferometric Observatory and Network to probe as-yet mostly unexplored frequency bands of the GW spectrum; and the next-generation of direct dark matter searches.  "
Lunar Orbital Platform Gateway  ,"The Lunar Orbital Platform Gateway is a collaboration between the National Aeronautics and Space Administration (NASA), the European Space Agency (ESA) and other international partners. It would provide a facility and infrastructure for learning how to live and work in deep space and a staging post for lunar activities, as well as offering a range of opportunities for science in deep space. The European contributions to this endeavour would be the provision of the service module to the Orion vehicle that would transfer the astronauts to and from the Gateway, and component parts of the Gateway structure. The first modules are expected to be flown in the mid-2020s.  "
