﻿Facility  ,"Biological sciences, health and food  ",Physical sciences and engineering  ,"Social sciences, arts and humanities  ",Environment  ,Energy  
CLF  ,Imaging biological  samples  ,Understanding astrophysical  objects and processes  ,Analysis of ancient human remains  ,Understanding cloud chemistry  ,Laser-driven fusion  
Boulby Underground Laboratory  ,Impact of low-radiation  environments on organisms  ,Dark matter experiments  ,,Geology/ geophysics  studies  ,Muon tomography for CCS applications  
Diamond/  ESRF  ,Understanding and tackling the origins of disease  and ageing  ,Accelerating the discovery of new  materials and  manufacturing  processes  ,Study and  preservation of old- master paintings  and archaeological finds  ,Studies into  the impact of  air pollution on  climate change  ,Sustainable  solutions for pollution from plastics and for car exhaust design  
European  XFEL  ,Analysing the structure of  biomolecules  ,Research into better catalysts for  industry  ,,Studying natural  photosynthesis  processes  ,Solar cell and fuel cell energy research  
ESS/ILL/ISIS  Neutron and Muon Source  ,Developing improved antiviral drugs  ,Investigating  materials and  fabrication processes for space  and aerospace applications  ,Analysis of archaeological artefacts  ,Studies into air and water pollution  ,"Materials / technologies for  energy generation  and storage (e.g. batteries, fuel cells)  "
