﻿Theme 1: Sentinels of Change  
How this area can be progressed/indicative approaches  
Robotics and autonomous  systems for the  environment  ,"Investment in autonomous and remotely piloted vehicles for air, land and ocean, miniaturised sensors for use as robot payloads or in sensor networks, and the machine learning and AI architectures to exploit fully the data generated. A key element would be to support partnerships with industry to develop multi-mode vehicles, swarm deployment and high-altitude pseudo-satellites.  "
Next-generation  global ocean observations using  transformative technologies  ,"Investment here could transform the way we see and understand our oceans, by allowing the UK to adopt and deploy a systematic, coordinated and adaptable multi-platform observing array as a key component of its national infrastructure. An internationally networked group of continuous, basin-scale platforms and sensing technologies would ensure the UK leads understanding of ocean systems and the technologies to deliver this, matching our scientific leadership with technological prowess. This would also capitalise on UK leadership in marine technology development and address major gaps in our understanding of how oceans are evolving under the pressure of human impact.  "
Next-generation  global ocean observations  platform: semi-autonomous ships  ,"Assess the potential for a fifth-generation, semi-autonomous research ship beginning with the development of autonomous vessels. With the potential for exploring large parts of the ocean, it could act as a command platform for multiple swarms of unmanned underwater vehicles (UUVs). The infrastructure could deliver globally extensive measurements, which are key to unravelling the causes of change in the oceans and attributing human-induced change relative to natural long-term variability.  "
