﻿
Evidence base  for early-years  pedagogies and skills  ,"Establishing a national centre for play, creativity and skills would provide the physical space and expertise to develop and test early-years pedagogies and build creative confidence through play and interaction – both physical and digital – with materials, objects and crafts. This could evidence and measure the value of acquiring hand-eye skills at an early age with a strong focus on transferability and ‘skilling for the future’.  "
New investment in technologically  enabled spaces to incubate new  technologies  and enable interdisciplinary  research  ,"The creation of blended study facilities embedded in heritage institutions and storage facilities would enable researchers, designers and creative practitioners to access physical collections, digitised holdings and complex, born-digital objects such as videogames and interactive digital novels. Such infrastructures could facilitate interdisciplinary scholarship, offering opportunities to develop AI and new visualisation techniques. They would also create an environment in which the creative industries, heritage sector and academia can collaborate to develop, prototype and user-test next-generation immersive products and experiences.  "
New investment in sustainable fashion technologies  ,"Study, research and analytical facilities co-located with collections and expertise would enable the development of sustainable fibres and textiles for the fashion industry and prototype their production. This would incorporate spaces for interdisciplinary and collections-led research.  "
Investment for facilities to support design and practice-based research  ,"Integrated technology facilities for innovative design and practice-based research would support the creative economy, providing access to materials, including music, visual arts and performing arts.  "
Life-size virtual  reality interactivity  ,"Establishing national capability to enable creation and exploration of digital environments would allow a different kind of virtual reality and would create the context in which new kinds of research will be conceptualised. This would enable interactive research with life-size digital environments such aquaria, wildlife locations, geological, archaeological and historical sites, museums etc.  "
