﻿Subtheme: Developing advanced technologies  
How this area can be progressed/indicative approaches  
Novel prototyping and fabrication facilities  ,"Requirements for new and advanced technologies are already emerging from the space sector and the users of large-scale national facilities such as Diamond and the ISIS Neutron and Muon Source. The development of these technologies would require dedicated new prototyping and fabrication facilities.  One such opportunity would be a facility for multilayer fabrication and characterisation. Examples of research applications include niche optical coatings, coatings for superconductors, active pumping surfaces and corrosion- and wear-resistance surfaces. Furthermore, engineered surface properties are important across a growing number of application areas (accelerators, sensor materials, quantum systems) and access to fabrication facilities will significantly increase the opportunities for  academic innovation and speed up industrial uptake.  Extending novel fabrication from 2D to 3D microstructures would also give opportunities to support next-generation target fabrication, enabling new realms of high-energy density science to be explored as well as new applications of high-average-power lasers, such as carbon ion radiotherapy and neutron analysis of buildings.  "
Development of a  novel accelerator systems test bed  ,"There is increased interest in novel particle accelerator technologies which address key scientific questions across multidisciplinary areas, from energy-frontier particle physics experiments to diagnosing and  treating tumours.  "
How this area can be progressed/indicative approaches cont.  
Development of a  novel accelerator systems test bed  cont.  ,"A new UK novel accelerator centre would build on existing UK expertise through investment in laser, plasma and dielectric particle accelerator techniques that could revolutionise the many uses of accelerators in science and technology. The centre could be either a single entity or distributed and could include free-electron laser technologies. Expert advice will be sought on future options and priorities.  "
Detector Systems  Hub  ,"In recent years, the UK’s large-scale national facilities, such as Diamond, have made substantial advances. In order to fully exploit our facilities, tomorrow’s instrumentation systems require matching development to meet the increases in accelerator brilliance and dynamic range.  A new Detector Systems Hub would provide a national focus for the development of next-generation instrumentation systems. The facility would ensure continued UK technical leadership in the discovery, development and application of novel and innovative detector and sensor technologies for applications in fundamental and applied science.  "
"Development of lab-based mid-range facilities of national importance: accelerator-driven, low-energy light  source  ","Exploiting the complementary capabilities of two light sources – Free Electron Lasers for Infrared eXperiments (FELIX) in Nijmegen and the Accelerators and Lasers In Combined Experiments (ALICE) accelerator at Daresbury – would enable creation of the Advanced infrared/Terahertz Facilities for Users of Lasers (ARTFUL). The two suites of free-electron light sources have complementary capabilities. Combining them into a single, distributed facility would create a single community and enable users to develop research programmes benefitting from access to both sources.  "
Development of lab-based mid-range facilities of national importance: ultrafast dynamic  imaging  ,"Development of a national facility centred on the unique measurement capabilities offered by Relativistic Ultrafast Electron Diffraction and Imaging (RUEDI).  RUEDI allows the evolution of structural changes in materials to be observed through time-resolved pump-probe experiments. A new facility would be unique in the UK by allowing the function of a material to be determined, rather than simply its static structure. A RUEDI facility would provide a conduit from the study of fundamental materials and biological processes to the advanced technologies associated with them.  "
Advanced imaging  ,"Development of a facility of national importance in X-ray Computed Tomography would sit at the heart of the UK’s physical sciences and engineering research and innovation infrastructure portfolio, supporting the rapid maturation of advanced materials and other fields.  "
Future capability  for mass  spectrometry  ,"Work is needed in consultation with the community to identify the specific opportunities for significant technique development and define a coherent national effort. This would enable a more coordinated programme of upgrades to national and regional facilities, better utilisation of local facilities and greater collaboration across sectors.  "
