﻿Computational and e-infrastructure theme summary  
Supercomputing  (HPC)  ,"Top supercomputing tiers, aiming towards exascale by 2025 HTC for facilities/research centres Research into emerging quantum computing capabilities  "
Research data infrastructure:  data storage and  High-Throughput Computing (HTC)  ,Data centres to deal with ever-increasing capacity requirements Middleware and application programming Interfaces to enable data  access and analysis  Computational HTC resources to analyse large data sets  
Research data infrastructure: research data  management  ,Data management and curation services and the development of metadata infrastructure to support integration and interoperability  
Cloud computing  ,"Management, coordination and oversight of cloud computing for the  research community Support for the transition of UK Research and Innovation workloads to hybrid ecosystems by developing models and technical solutions for more cost-effective use of cloud computing  "
Network and  cybersecurity  ,"Consideration of the national network (Janet), its interconnections to other national and international networks and the connection to campuses of universities and laboratories  "
"Authentication, Authorisation  and Accounting  Infrastructure (AAAI)  ",Development of access management tools to enable flexible interoperability of e-infrastructures and data resources  
Software and skills  ,"Support for software engineering, maintenance and product  development using existing mechanisms including targeted calls New software and algorithms to address emerging societal challenges, new technologies such as exascale, AI and machine learning, and the data challenges such as metadata and interoperability  Career development of research software engineers and research data professionals  "
