﻿How this area can be progressed/indicative approaches  
"Airborne  atmospheric measurements for climate, weather and hazard research  ","Investment in research aircraft (FAAM) would support requirements for measurements of atmospheric pollution, radiation, clouds, aerosols and winds at unprecedented resolutions. This would match the needs of state-of-the-art prediction systems and improve our capability for detection, quantification and attribution of air pollution.  Such infrastructure would exploit emerging technologies including remote-sensing techniques, e.g. Light Detection and Ranging (LIDAR), radar and in situ state-of-the-art sensors, to enable cutting-edge airborne atmospheric measurement and monitoring. This would underpin high-resolution weather and climate models and allow more realistic modelling.  It would also enhance the UK’s capability to respond to atmosphere-based emergencies such as volcanic ash, pollution incidents, fires and weather hazards.  "
Energy and magma test bed  ,"Creation of a first-of-a-kind magma monitoring observatory in Iceland would deliver a step-change in the ability to monitor magma, potentially unlocking a new source of geothermal heat, and boost resilience and responses to volcanic eruptions in populated areas. It could also support innovation for new drilling technologies, sensors and robotics.  "
Geoenergy observatories: geothermal and heat storage research  and demonstrator  facilities  ,"Consider options for geological test beds to support research into a range of geothermal and heat storage technologies. This could test regional viability of low-enthalpy geothermal and heat storage technology and de-risk the supply chain. Several options exist for establishing demonstrator facilities: for example, developing the existing UK Geoenergy Observatories (UKGEOS) site in Glasgow or nearby with additional boreholes, and new geothermal research field sites and hot sedimentary aquifer facilities.  "
Geoenergy observatories: CO2  storage test bed  ,"Consider options for a CO2 storage test bed site to investigate offshore geological storage of CO2 as a potential technology to support the transition to a low-carbon economy. It could help de-risk costs, ensure risks to the environment are understood and mitigated, and build confidence and capability in CO2 storage.  "
Landscape  laboratories  ,"Enhanced integrated networks of sensors could be designed to measure a range of interconnected physical, chemical and biological processes that define our environment and that we depend on for our water and food supplies and protection from natural hazards. A priority would be to create a laboratory for flood and drought resilience, which could utilise the latest technologies and innovative approaches to collect measurements at appropriate spatial and temporal scales. This would enable better understanding of flood and drought risk and hence better predictions and  increased resilience.  "
Intelligent marine  observing system  ,"Consider options for a UK coastal and shelf-sea observing network and centre of excellence, including building new state-of-the-art sensors and autonomous technology with enhanced connectivity and increased intelligence (AI). This network of next-generation marine sensors, deployed through a range of marine autonomous and platform-based observing systems, would provide real-time data generation, processing and analysis.  "
