﻿Global social  comparisons  ,"A new global social survey resource would enable access to  internationally comparable social surveys, allowing high-level comparative analysis and the sharing of data across international boundaries. The detailed composition of the infrastructure would be subject to a scoping exercise. This would move above and beyond existing surveys in the landscape by playing a role in bringing surveys together in a way in which they are comparable (harmonisation) and by being methodologically and geographically more ambitious.  "
Qualitative  longitudinal study  ,Scope the potential for ground-breaking new qualitative data collection to complement longitudinal quantitative analysis in consultation with the community. This would set new standards for how studies could be integrated and would require innovation in machine learning and image analysis. This would be applicable and add value across quantitative  longitudinal studies.  
How this area can be progressed/indicative approaches cont.  
Understanding  Society waves  thirteen to fifteen  ,"The next phase of investment (waves thirteen to fifteen) would capitalise on the most effective opportunities for innovative multi- and interdisciplinary scientific and policy-relevant research by exploiting new and emerging technologies in data collection methods and linkage. It would create unique opportunities for interdisciplinary research to improve human health by continuing to build and develop a cutting-edge resource, combining biological and social data over time.  "
Globally networked  election studies  ,Building on the benchmark British Election Study would enhance and add richness to the existing information by drawing on global election studies to understand how different societal influences and attitudes translate into behaviours at elections. This project is currently being scoped.  
Young Lives  ,"The next phase of investment in the Young Lives longitudinal programme would build on methodological learning from the original multi-country longitudinal programme and deliver the data in a number of formats, to support a range of audiences (academics, funders, data managers, research managers).  "
