﻿External Advisory Group  ,Steering Group  ,Project Group  
8SQ6SHHIR'7%('17  ,/EXLV]R1EKRE])476'  ,6IR£IZERHI0SGLX)476'   
1YWXEJE7YPI]QER(IIT1MRH  ,%RRE%RKYW7Q]XL)476'  ,"7EVE)P,ERJ]-RRSZEXI9/  "
";IRH],EPP9RMZIVWMX]SJ 7SYXLEQTXSR  ",>SI;IFWXIV-RRSZEXI9/  ,0YOI1SSH])76'   
1MOI7LSVX'7%JSV(-8  ,")H[EVH,EVGSYVX%,6'  ",&EVFEVE'EQER^M78*'  
2EXEWLE1G'EVXL]6S]EP7SGMIX]  ,4EYP2MKLXMRKEPI)76'  ,"(E[R+VIIRFIVK%,6'  "
2MGO.IRRMRKW-QTIVMEP'SPPIKI 0SRHSR  ,%PMWSR/IRRIH]78*'  ,"(ERMIPE,IRWIR&&76'  "
%HVMER7QMXL%PER8YVMRK-RWXMXYXI  ,&EVFEVE'EQER^M78*'  ,)OEXIVMRM&PEZIVM16'  
%HVMER.SLRWXSR(MKMXEP'EXETYPX  ,'PEMVI2I[PERH16'  ,7EVEL'EQTFIPP2)6'  
7LIJEP]=SKIRHVE(MXXS%- ,7MQSR+EVHRIV2)6'  ,0EYVE'EHQER)476'  
8SR]1G)RIV]0ERGEWXIV9RMZIVWMX]  ,"7XIZIR,MPP6)  ",:MGXSVME1MGS)KIE)476'  
"0YOI6IEHQER2,7  ",%QERHE'SPPMW&&76'  ,2MRE'S\)476'  
(EZMH7QMXL7GSXXMWL)RXIVTVMWI  ,4IXIV&YVPMRWSR&&76'  ,6YUEM]EL4EXIP)476'  
1SVMX^+IVWXYRK)&- ,)QMP]7[EMRI9/6-7XVEXIK] (MVIGXSVEXI   ,)PIERSV0IGL&&76'  
,"7EQ1G+VIKSV%,6'  ","(IFSVEL/VSPP%,6'  "
,".EQIW,IXLIVMRKXSR9/6-  ",7EWLE0IMKL)76'  
,*VI]E4EWGEPP3¾GIJSV%-  ,0EYVE8SXXIVHIPP)476'  
