﻿Country  ,Organisation  ,Category  
Ireland  ,"NIBRT, Dublin  ",CofI  
Singapore  ,Rolls-Royce Aerospace Crescent  ,Industry  
,"A*STAR Connexis, I Fusionopolis  ",CofI  
,ARTC Cleantech Two  ,CofI  
,"High Commission, 100 Tanglin Road  ",Other  
,"SIMTech Kinesis, 4 Fusionopolis  ",CofI  
,"PECOI Innovis, 2 Fusionopolis  ",CofI  
,"Institute of Technical Education, 2 Ang Mo Kio Drive  ",Education  
,"Singapore Polytechnic, 500 Dover Road  ",Education  
USA  ,APLU – Lift Conference  ,Education  
,Manufacturing USA  ,Gov't  
,"DMDII Manufacturing USA Institute (DOD), Chicago IL  ",CofI  
,"Harper Community College, Palatine IL  ",Education  
,"LIFT Manufacturing USA Institute (DOD), Detroit MI  ",CofI  
,"SME Prof. Society for Manufacturing Engineers, Southfield MI  ",Other  
,"Lorain County Community College, Elyria OH  ",Education  
,"America Makes Manufacturing USA Institute, Youngstown, OH  ",CofI  
,"Manufacturing USA Workforce Leads Meeting, Youngstown  ",Gov't  
,"Community College of Allegheny County, Oakdale PA  ",Education  
,"Office of Workforce Investment, Department of Labor, Washington  ",Gov't  
,"Jobs for the Future, Washington DC  ",Other  
,"Manufacturing USA Programme Leads Pentagon, Washington DC  ",Gov't  
,"Office of Management and Budget Executive Office, White House  ",Gov't  
Germany  ,"IG Metall Manufacturing Union, Berlin  ",Other  
,"BIBB Federal Government Vocational Training Department, Bonn  ",Gov't  
,"DigitalHub Local Co-operative to promote Start-ups, Bonn  ",Other  
,"Bavarian Ministry of Economy, Reg. Development & Energy, Munich  ",Gov't  
,"Fraunhofer Academy, Munich  ",CofI  
,"MittelstandsCampus, Bayern  ",Industry  
,"JOSEPHS Living Laboratory, Fraunhofer SCS and FAU Nuremberg  ",CofI  
,"Fraunhofer IPA/Produktionsakademie, Stuttgart  ",CofI  
,"Gewerbliche Schule, Göppingen  ",Education  
,"Festo Didactic, Stuttgart  ",Education  
Switzerland  ,"Swiss Smart Factory, Local innovation centre for I4.0, Bielle  ",CofI  
,"SFIVET, Swiss Federal Institute for Voc Ed and Training, Zollikofen  ",Gov't  
,"SERI, State Secretariat for Education, Research and Innovation, Bern  ",Gov't  
,"ETH, Competence Center for Materials and Processes (MaP), Zurich  ",Education  
,"Inspire AG, Joint innovation centre, ETHZ and Swissmem, Zurich  ",CofI  
