﻿Global headquarters  ,"Europe, Middle East  "
Oxford Economics Ltd  ,and Africa  
Abbey House  ,
121 St Aldates  ,Oxford  
Oxford. OXl lHB  ,London  
UK  ,Belfast  
Tel: +44 (0)1865 268900  ,Dublin  
,Frankfurt  
London  ,Paris  
4 M1llbank  ,Milan  
"London, SWlP 3JA  ",Stockholm  
UK  ,Cape Town  
Tel: +44 (0)203 910 8000  ,Dubai  
Frankfurt  
Marienstr. 15  ,Americas  
60329 Frankfurt am Main  ,
Germany  ,New York  
Tel: +49 69 96 758 658  ,Philadelphia  
,Boston  
New York  ,Chicago  
5 Hanover Square. 8th Floor  ,Los Angeles  
New York NY 10004  ,Toronto  
USA  ,Mexico City  
Tel: +1 (646) 786 1879  ,
Singapore  ,Asia Pacific  
6 Bottery Road  ,
#38-05  ,Singapore  
Singapore 049909  ,Hong Kong  
Tel: +65 6850 0110  ,Tokyo Sydney Melbourne  
