﻿Why infrastructure is important  ,What this means  ,What we’re doing  
"■ Investing in infrastructure drives long term productivity improvements, and in the short term stimulates economic activity.  ",■ A 10% increase in the public capital stock has been linked to a 1-2% increase in GDP.  ,"■ Record investment in broadband, flood defences, roads, rail and cities – as part of our capital plans worth £100 billion next year.   ■ Project Speed established to accelerate and improve delivery, delivering impacts by the end of the Parliament.   ■ £4.8 billion invested at Spending Review 2020 for infrastructure, land remediation and land assembly to unlock housing.    "
■ The private sector has a big role alongside the government in increasing investment and improving economic outcomes  ,■ Almost half of the UK’s future infrastructure pipeline is forecast to be privately financed.  ,■ A new UK Infrastructure Bank to ‘crowd-in’ investment and boost the pipeline of projects.  
■ Boosting infrastructure investment in all parts of the country will help connect people to opportunity across the UK and help areas to level up.  ,"■ People see tangible improvements in their local area, feel more pride in their communities and believe they can succeed wherever they live.  ","■ A new Levelling Up Fund, Shared Prosperity Fund, Towns Fund and High Street Fund to invest in local areas.  "
■ Infrastructure investment will be central to meeting our net zero objectives.  ,"■ Over 80% of UK emissions come from infrastructure sectors: power, heat, heavy industry and transport networks.  ",■ £12 billion of funding for projects through the Prime Minister’s Ten Point Plan for a Green Industrial Revolution.  
