﻿Why innovation is important  ,What this means  ,What we’re doing  
"■ Innovation is key to economic growth, and firms that consistently invest in R&D are more productive than those which don’t.  ","■ Innovation is key to technological change, and technological change accounted for 70% of UK productivity growth between 1960-2002.  ","■ £14.6 billion government investment in R&D in 2021-22, boosting existing and emerging R&D strengths across the UK.   ■ £800 million of funding for the Advanced Research & Invention Agency (ARIA), helping to cement the UK’s position as a global science superpower.   ■ R&D Places Strategy.   ■ R&D People & Culture Strategy.   ■ Innovation Strategy.    "
"■ A regulatory system for an innovative economy needs to accommodate new processes, products and business models, and needs to provide a supportive environment for dynamic entrepreneurial business.  ","■ Adapting our regulatory frameworks to maximise advantage of innovation, especially in sectors such as financial services, health, data, agriculture.   ■ The government’s regulatory approach should unlock cutting-edge technologies, be modern and sophisticated, ease burdens and cut red tape, and boost competition.    ",■ A new ambitious regulatory reform programme to boost growth and innovation led by the Better Regulation Committee.  
■ High-growth firms are disproportionately responsible for economic growth.  ,"■ 22% of UK growth since 2015 has come from high-growth small businesses.   ■ The UK leads Europe on early-stage business investment, but lags behind the US on a proportional basis.    ","■ The British Business Bank is delivering mentoring and funding for innovative businesses starting-up and scaling-up.   ■ Committing £375 million to introduce Future Fund: Breakthrough, a new direct co-investment product to support the scale up of the most innovative, R&D-intensive businesses.    "
"■ By embracing new technologies and practices, UK businesses can lower costs and become more internationally competitive.  ","■ By adopting common technologies, productivity can be improved by 7% to 18%, and ICT adopted with best management practice can improve productivity by 20% compared to 2% with poor practices.  ","■ A new SME management training offer, drawing on the very best from industry and our international peers.   ■ Launching later this year, Help to Grow: Digital, a new scheme to help 100,000 SMEs save time and money by adopting productivity-enhancing software, transforming the way they do business.    "
