﻿Why levelling up is important  ,What this means  ,What we’re doing  
"■ Where people live shouldn’t be a barrier to their life chances: everyone should get a fair chance to get on in life, wherever they live.  ","■ Economic, social, and cultural regeneration of struggling towns.  ","■ Investing in local priorities across the UK to increase opportunity in struggling communities, through the UK Shared Prosperity Fund, the Community Ownership Fund, the Community Renewal Fund, the Towns Fund.  "
■ We need to address regional economic disparities.  ,■ Boosting growth in our regional cities to deliver our long-term vision to have a globally competitive city in every region and nation of the UK and drive up prosperity.  ,"■ Accelerating funding to City and Growth Deals in Scotland and Wales.   ■ £4.2 billion in intra-city transport settlements from 22-23; continued Transforming Cities Fund Investment to 2022-23.   ■ Investing in housing via the National Home Building Fund and Brownfield housing funding.   ■ Delivering Freeports across the country - including in Scotland, Wales and Northern Ireland.    "
■ We need to ensure people can access opportunities.  ,■ Backing regional centres of industrial excellence.   ■ Connecting people to opportunity.    ,"■ Backing HS2, the Union Connectivity Review, and the upcoming Integrated Rail Plan for the Midlands and the North.   ■ Making the largest ever investment in motorways and A-roads worth over £27 billion.   ■ Completing the £5 billion UK Gigabit Programme and the Shared Rural Network.   ■ Establishing eight Freeports in England plus at least one in each of Scotland, Wales and Northern Ireland.    "
Why levelling up is important  ,What this means  ,What we’re doing  
■ We need to embed lasting change in outcomes across the UK.  ,■ Changing the way we deliver for places.  ,"■ Relocating 22,000 Civil Servants outside of London and the South East by 2030.   ■ New UK Infrastructure Bank.   ■ Bringing forward the    Devolution and Local Recovery White Paper.  "
