﻿Recommendation  ,Implementer  
"1. The ASDE shall deﬁne the AV ODD to be consistent with the relevant Road Rules (RR) and to cover all classes of road users including vulnerable road users that can reasonably be expected in the ODD.  The ODD deﬁnition should include all relevant features deﬁned to an appropriate level of detail. The deﬁnition should cover the parameter ranges for ﬁxed scenery elements, attributes of dynamic elements and environmental elements. It should also include all ethically salient features relating to other road users.  Further guidance will be needed from DfT to deﬁne these ethically salient features.  ","ASDE, reporting to the Authorisation authority  "
"14/10/2023, 12:14 Responsible Innovation in Self-Driving Vehicles - GOV.UK  2. The ASDE shall ensure that the deployment domain is compatible with the ODD prior to operational use of the  AV.  ",ASDE reporting to the In-use regulator  
"3. The authorisation authority, in concert with the in-use regulator, shall develop and publish guidance on RR in the context of self-driving vehicles, with input from the CAVES Road Rules Subcommittee, to inform the development of SEOCs that:  a) give complete coverage of situations that an AV could reasonably be anticipated to encounter in the ODD; b) reﬂect rules of behaviour that are ethical and broadly acceptable across different types of AV; and c) identify precedence between the rules.  ",Authorisation authority  
"4. The ASDE shall deﬁne a SEOC, including Self-Driving Constraints (SDCs) (see Annex A for more detail), for inclusion within its SCR submitted as part of authorisation, for the behaviour of the AV in its ODD, that:  a) complies with road rules (RR); b) complies with any applicable regulations for automated driving system (ADS); c) minimises occurrence of ‘at-fault’ collisions in its deﬁned  ODD;  d) mitigates risk of ‘non-fault’ collisions in its deﬁned ODD; e) manages entry to and exit from the ODD, ensuring a transition to safe control of the AV by the UiC where there is one, or a safe transition to a minimal risk condition (MRC) on exiting the deployment domain; f) does not unfairly discriminate against road users or otherwise unfairly treat vulnerable road users; g) does not require other road users to violate applicable rules or SDCs; h) deﬁnes the priority of rules and SDCs where they can conﬂict in particular circumstances; i) does not cause individuals in the vicinity of the AV unjustiﬁed concern about their safety; appropriately balances the need to make progress with the need to ensure safety.  ","ASDE, reporting to the Authorisation authority  "
