﻿Phases Trials and pre-authorisation  ,,Authorisation  ,Operator Licensing (where NUiC)  
Key assurance question  ,How do we develop the evidence that a vehicle is safe enough to drive itself?  ,Should the vehicle be permitted to drive itself?  ,"Where the vehicle needs no driver in the vehicle, is there a responsible operator behind it?  "
Policy and advice  ,"DfT (advised by CAVES) issues guidance to (prospective) ASDEs, interpreting primary legislation, UNECE regulations, and technical standards,  ","DfT and regulatory agencies (advised by CAVES)  interpret and apply legislation, regulations and DfT policy, including:  ","DfT and regulatory agencies (advised by CAVES)  interpret and apply legislation, regulations and DfT policy, including:  "
,equality and data protection/surveillance issues  ,* Road rules   * Equality impacts   * Privacy/surveillance impacts   * Human-machine interfaces for drivers (handover) and other road users (labelling)    ,* Road rules   * Equality impacts   * Privacy/surveillance impacts   * Human-machine interfaces for drivers (handover) and other road users (labelling)    
Regulator(s)  ,"Authorisation body  reviews Vehicle Safety Case Reports (VSCRs)s, audits safety management system, and relevant type approval certiﬁcates  Authorisation body and ASDE agree basis for authorisation, based on the type approval granted, agreed  VSCR, ODD  ","Authorisation body assesses suitability for self driving, including consistency with road rules, collision risks, equality impacts, privacy/data protection and driver interfaces and labelling  Authorisation body issues authorisation of AV as capable of driving itself  ","(where NUiC)  Licensing body (or delegate) tests the deployment domain, in particular the suitability of remote operation  Licensing body  issues licence to operate a NUiC service  "
ASDE  ,"(Prospective) ASDE  trials potential self-driving system with safety driver and labelling in place, in line with a Safety Management System  ASDE develops and submits Vehicle Safety Case Reports and Safety Management System for Authorisation, on the basis of the agreed ODD  ","ASDE publishes authorisation notice, and summary of authorised safety case report  ASDE shares more detailed safety information with prospective NUiC Operator(s)  ",
NUiC  ,(where NUiC)  ,(where NUiC)  ,(where NUiC)  
Operator  ,"(Prospective) NUiC Operator develops Deployment Safety Case Report on the basis of a Vehicle Safety Case Report, and Operator Safety Management System  ",NUiC Operator  submits Operational Safety Case Report and Operator Safety Management System for Licensing  ,NUiC Operator  publishes licence to operate and makes available to any passengers  
