﻿"38. Prospective ASDEs and NUiC Operators should engage with local communities, including local authorities, when an AV trial is planned in a particular area. This engagement should inform testing and/or deployment (e.g. placing conditions on times, places, public information, maximum speeds etc).  Where the vehicle is permitted to carry passengers, the service operator should consult with relevant authorities as proposed under the Law Commissions’ passenger permitting scheme.  ","ASDE, NUiC Operator, In-use regulator  "
39. Serious incidents in the operation of an AV should be publicly investigated and reported. A road collision investigation unit should have a duty to report publicly on serious incidents. Evidence gathered during the investigation should be published so that others can learn lessons.  ,Road collision investigation branch  
40. CCAV should commission public dialogue and social research to seek public views on:  a) Balancing the tensions between achieving a ‘safety-ﬁrst culture’ and ensuring sufﬁcient accountability for the consequences of AV behaviour; b) The distribution of AV risks and beneﬁts; c) Future changes to infrastructure and rules of the road and any associated costs; d) Explainability of decisions made by AVs; e) Labelling of vehicles.  ,CCAV  
"41. Where AVs are being trialled, the safety driver should not be removed unless the vehicle is authorised, and AVs should only carry passengers where the appropriate passenger licence has been issued.  CCAV should support local authorities to monitor trials in their area (e.g. to identify signiﬁcant increases in the number of vehicles involved in a trial) and to make passenger licencing decisions, for example via guidance.  ","CCAV, in-use regulator and Authorisation authority  "
"42. Where an ASDE is given a limited authorisation to trial an ADS feature, the vehicle must be re-authorised should the ASDE wish to deploy the feature in a wider context.  ",Authorisation authority and In-use regulator  
"43. AVs should be clearly labelled. Where vehicles can drive themselves or be driven conventionally at different times,  ","ASDEs, with oversight from the  "
