﻿Recommendation  ,Implementer  
"20. To minimise the risk of algorithmic bias, ASDEs’ safety cases and impact assessments should report on the ﬁt between their training data and their ODDs. Substantially altered ODDs should require new reports on training data.  ","ASDE, with oversight from the Authorisation authority  "
"21. Where training data distinguishes between categories of road users, e.g. between children and adults for reasons of safety, this should be acknowledged as part of the safety case and reported to the authorisation authority. Steps should be taken to anticipate and minimise unfair consequences resulting from data bias, including discrimination.  ","ASDE, with oversight from the Authorisation authority  "
"22. Where systems distinguish between groups while driving, justiﬁed on the grounds of safety, e.g. the identiﬁcation of children, wheelchair users or other vulnerable road users, ASDEs should have a duty to report in order to allow independent scrutiny (including, but not limited to, reporting this in the safety case).  ","ASDE, with oversight from the Authorisation authority and In-use regulator  "
23. ASDEs and NUiC Operators should facilitate independent scrutiny of emerging risks and biases (in addition to those raised by notiﬁable events) so that the distribution of risks can be assessed.  ,"ASDE, with oversight from the in-use regulator and Authorisation authority  "
"24. The in-use regulator, advised by CAVES, should collect data on fairness and safety outcomes in order to allow feedback to operators and collective learning. In the event that serious problems are identiﬁed and no other means  ",In-use regulator  
