﻿Recommendations for policymakers  ,,"Recommended requirements for Authorised Self Driving Entities (ASDEs), NUiC Operators, and trialling organisations  "
Road safety  ,"The authorisation authority, in concert with the in-use regulator, shall develop and publish guidance on Road Rules (RR) in the context of self-driving vehicles.  The authorisation authority shall deﬁne a scheme for determining what changes to AV performance are signiﬁcant enough to require  ","The Operational Design Domain (ODD) should be consistent with the relevant road rules and cover all classes of road users, including  "
"14/10/2023, 12:14  ",Responsible Innovation in Self-Driving Vehicles - GOV.UK  re-authorisation prior to ASDEs supplying updates to deployed AVs.  ,vulnerable road users that can reasonably be expected in the  ODD.  The ASDE should deﬁne a ‘Safe and Ethical Operational Concept’ (SEOC) that sets out high-level principles that will govern the design and behaviour of the  AV.  
Data privacy  ,"The AV regulator(s) should issue guidance for ASDEs and NUiC Operators clarifying how Data Protection obligations  (https://www.gov.uk/government/consultations/data-a-new-direction) apply to AVs, in consultation with the Information Commissioner’s Ofﬁce.  The Home Ofﬁce should issue guidance clarifying how the Investigatory Powers Act 2016 applies to ASDEs and NUiC Operators.  ","In line with UK GDPR, ASDEs and NUiC Operators shall ensure that ‘data protection by design and by default’ measures are incorporated throughout the AV development process, for example, by anonymising facial image data that is unavoidably captured in video of the AV’s surroundings at the point it is collected and before further processing.  "
Fairness  ,"The in-use regulator, advised by CAVES, should collect data on fairness and safety  ",ASDEs should report on the ﬁt  
,"outcomes in order to allow feedback to operators and collective learning.  The authorisation authority and licensing authority should ensure that AV services are non-discriminatory in terms of access (e.g. who can be a passenger, who can access services) as part of authorisation and licensing decisions.  ",between their training data and their ODDs to minimise risk of algorithmic bias as part of the equality impact assessment and safety case reports submitted during the authorisation process.  ASDEs should facilitate independent scrutiny of risks and biases so that distribution of risks can be assessed.  
Explainability  ,The Committee on AV Ethics and Safety (see below) should review the degree of explainability needed for regulatory oversight.  ,"The ASDE should design the AV so that it is possible to construct an explanation of key decisions made during the Dynamic Driving Task (DDT) for a bounded test scenario, and in the lead up to a notiﬁable event.  For collisions, near misses and other notiﬁable events, the ASDE should design the AV so that it is possible to construct an explanation of the key  "
,,"decisions made by the AV leading up to the event, however caused.  "
Data sharing  ,"The disclosure of safety-relevant data should be standardised across ASDEs. The in-use regulator should deﬁne a consistent format for safety-relevant data to facilitate sharing between ASDEs, the authorisation authority and a collision investigation unit.  ","In consultation with the authorisation authority, the ASDE shall publish a summary of the SEOC, which will be made publicly and freely available upon authorisation of the vehicle to drive itself.  The ASDE and NUiC Operator should communicate safety-relevant data with other organisations in the AV ecosystem when requested, including other ASDEs, the in-use regulator, the authorisation authority and the collision investigation unit, using agreed data formats, where this contributes to road safety.  "
Public trust  ,CCAV should continue to commission public dialogue and social research to seek public views on: Balancing the tensions between  ,Prospective ASDEs and NUiC Operators  
