﻿Recommendation  ,Implementer  
"7. The ASDE and NUiC Operator shall comply with instructions from the in-use regulator or authorisation authority, e.g. to limit the AV deployment domain or modify the vehicle design, to ensure continued safety of operation.[footnote 17]  ",ASDE and NUiC Operator  
8. ASDEs and NUiC Operator shall keep their SCR up to date and produce it to the authorisation authority when required to gain approval for changes to the vehicle prior to deploying the changes as part of the vehicle’s re-authorisation.  ,"ASDE and NUiC Operator, reporting to the Authorisation authority  "
"9. The ASDE and NUiC Operator shall operate a safety management system (SMS) for the AV governing how they manage safety through the AV lifecycle, and provide periodic independent SMS audit reports to the in-use regulator.  ","ASDE and NUiC Operator, with oversight from the Authorisation authority and In-use regulator  "
"10. The authorisation authority should assess SMS and safety culture within ASDEs and NUiC Operators as part of the authorisation and licensing decisions respectively, and approve deployments where they meet applicable criteria.  ",Authorisation authority  
"11. For authorisation purposes, the authorisation authority shall assess the safety of AV deployments based on:  ",Authorisation authority and In-use regulator  
