﻿36. An accessible summary of the SCR should be made public and should include clear statements of the functions and limits of an AV within an ODD.  ,"ASDEs, Authorisation authority  "
"37. The in-use regulator shall regularly publish publicly accessible reports on the achieved level of safety of AVs, which should include records of notiﬁable events and actions taken to improve safety of deployed AVs, including updates to the Road Rules. This should form part of its duty to publish evidence of AV safety, as recommended by the Law Commissions (cf. LC Rec. 19).  ",In-use regulator  
"38. Prospective ASDEs and NUiC Operators should engage with local communities, including local authorities, when an AV trial is planned in a particular area.[footnote 51] This engagement should inform testing and/or deployment (e.g. placing conditions on times, places, public information, maximum speeds etc).  Where the vehicle is permitted to carry passengers, the service operator should consult with relevant authorities as proposed under the Law Commissions’ passenger permitting scheme.  ","ASDE, NUiC Operator, In-use regulator  "
39. Serious incidents in the operation of an AV should be publicly investigated and reported. A road collision investigation unit should have a duty to report publicly on serious incidents. Evidence gathered during the investigation should be published  so that others can learn lessons.[footnote 52]  ,Road collision investigation branch  
40. CCAV should commission public dialogue and social research to seek public views on:  a) Balancing the tensions between achieving a ‘safety-ﬁrst culture’ and ensuring sufﬁcient accountability for the consequences of AV behaviour; b) The distribution of AV risks and beneﬁts;  ,CCAV  
