﻿Four cities selected for driverless car trials  ,"Collaborative consortia-led projects announced in February 2015 for four cities: Bristol, Greenwich, Milton Keynes and Coventry.  "
Regulatory review  ,Detailed review of existing regulations to enable real-world testing without need for special permits or provision of surety bond  
Code of Practice  ,Recommendations for testing driverless vehicles that maintain road safety and enable innovation  
Centre for Connected & Autonomous Vehicles  ,A joint unit between the transport and business departments to provide a single point of contact for industry and to coordinate government activity  
£100 million R&D programme  ,"In March 2015, announced funding for Intelligent Mobility projects, to be  matched by industry. Announced first round of £20 million in February 2016. Second round of £30 million announced in February 2017.  "
Consultation on advanced driver assistance programs and automated vehicle technologies  ,Solicited views on three areas around driverless cars:  • Advances in near-to-market ADAS technologies   • Developing insurance policies that cover product liability   • Modifications to the highway code    
