{"version": {"json_export": "192", "page_segmentation": "5", "schema": "1.1.0", "structure": "1.1065.0", "table_structure": "5"}, "extended_metadata": {"ID_instance": "D2 57 31 3F 6D B8 B2 11 0A 00 67 45 8B 6B C6 23 ", "ID_permanent": "38 39 20 36 38 20 32 44 20 33 46 20 36 44 20 42 38 20 42 32 20 31 31 20 30 41 20 30 30 20 36 37 20 34 35 20 38 42 20 36 42 20 43 36 20 32 33 20 ", "pdf_version": "1.6", "pdfa_compliance_level": "", "is_encrypted": false, "has_acroform": false, "is_digitally_signed": false, "pdfua_compliance_level": "", "page_count": 7, "has_embedded_files": false, "is_certified": false, "is_XFA": false, "language": "en"}, "elements": [{"Bounds": [39.0147705078125, 786.1529388427734, 66.4852294921875, 805.8915710449219], "ClipBounds": [39.19007873535156, 786.1529388427734, 66.31007385253906, 805.8915710449219], "Page": 0, "Path": "//Document/Figure", "attributes": {"BBox": [39.238399999998364, 786.1219999999739, 66.23729999999705, 805.8009999999776], "Placement": "Block"}}, {"Bounds": [39.25, 776.8474884033203, 165.57305908203125, 813.7474975585938], "ClipBounds": [39.25, 776.8474884033203, 165.57305908203125, 813.7474975585938], "Font": {"alt_family_name": "Helvetica", "embedded": true, "encoding": "Identity-H", "family_name": "Helvetica", "font_type": "CIDFontType2", "italic": false, "monospaced": false, "name": "GAAAAA+Helvetica-Bold", "subset": true, "weight": 700}, "HasClip": true, "Lang": "en", "Page": 0, "Path": "//Document/Title/Reference", "Text": "(<https://www.gov.uk/>)GOV.UK ", "TextSize": 22.5, "attributes": {"LineHeight": 27, "SpaceAfter": 18}}, {"Bounds": [39.25, 727.6884002685547, 80.07342529296875, 750.1223907470703], "ClipBounds": [39.25, 727.6884002685547, 80.07342529296875, 750.1223907470703], "Font": {"alt_family_name": "Helvetica", "embedded": true, "encoding": "Identity-H", "family_name": "Helvetica", "font_type": "CIDFontType2", "italic": false, "monospaced": false, "name": "DAAAAA+Helvetica", "subset": true, "weight": 400}, "HasClip": true, "Page": 0, "Path": "//Document/H1/StyleSpan/Reference", "Text": "Home ", "TextSize": 13.9949951171875}, {"Bounds": [39.25, 727.6884002685547, 80.07342529296875, 750.1223907470703], "ClipBounds": [39.25, 727.6884002685547, 80.07342529296875, 750.1223907470703], "Lang": "en", "Page": 0, "Path": "//Document/H1", "attributes": {"LineHeight": 16.75, "SpaceAfter": -16.75}}, {"Bounds": [99.01560974121094, 727.6884002685547, 268.99888610839844, 750.1223754882812], "ClipBounds": [99.01560974121094, 727.6884002685547, 268.99888610839844, 750.1223754882812], "Font": {"alt_family_name": "Helvetica", "embedded": true, "encoding": "Identity-H", "family_name": "Helvetica", "font_type": "CIDFontType2", "italic": false, "monospaced": false, "name": "DAAAAA+Helvetica", "subset": true, "weight": 400}, "HasClip": true, "Lang": "en", "Page": 0, "Path": "//Document/P/Reference", "Text": "(<https://www.gov.uk/environment/climate-change-adaptation>)Climate change adaptation ", "TextSize": 13.9949951171875, "attributes": {"LineHeight": 16.75}}, {"Bounds": [39.25, 669.5119934082031, 153.7840118408203, 698.3659973144531], "ClipBounds": [39.25, 669.5119934082031, 153.7840118408203, 698.3659973144531], "Font": {"alt_family_name": "Helvetica", "embedded": true, "encoding": "Identity-H", "family_name": "Helvetica", "font_type": "CIDFontType2", "italic": false, "monospaced": false, "name": "BAAAAA+Helvetica", "subset": true, "weight": 400}, "HasClip": true, "Page": 0, "Path": "//Document/H1[2]/Sub", "Text": "Press release ", "TextSize": 18.0, "attributes": {"Placement": "Block"}}, {"Bounds": [213.9700164794922, 614.8759918212891, 228.6338348388672, 654.2359924316406], "ClipBounds": [213.9700164794922, 614.8759918212891, 228.6338348388672, 654.2359924316406], "Font": {"alt_family_name": "Helvetica", "embedded": true, "encoding": "Identity-H", "family_name": "Helvetica", "font_type": "CIDFontType2", "italic": false, "monospaced": false, "name": "CAAAAA+Helvetica-Bold", "subset": true, "weight": 700}, "HasClip": true, "Page": 0, "Path": "//Document/H1[2]/Sub[2]/DirectEntrySpan", "Text": "fi", "TextSize": 24.0}, {"Bounds": [39.25, 614.8759918212891, 540.0100250244141, 679.7359924316406], "ClipBounds": [39.25, 614.8759918212891, 540.0100250244141, 679.7359924316406], "Font": {"alt_family_name": "Helvetica", "embedded": true, "encoding": "Identity-H", "family_name": "Helvetica", "font_type": "CIDFontType2", "italic": false, "monospaced": false, "name": "CAAAAA+Helvetica-Bold", "subset": true, "weight": 700}, "HasClip": true, "Page": 0, "Path": "//Document/H1[2]/Sub[2]", "Text": "Net Zero Review: UK could do more to reap economic benets of green growth ", "TextSize": 24.0, "attributes": {"Placement": "Block"}}, {"Bounds": [39.25, 554.7559967041016, 543.8620300292969, 604.6159973144531], "ClipBounds": [39.25, 554.7559967041016, 543.8620300292969, 604.6159973144531], "Font": {"alt_family_name": "Helvetica", "embedded": true, "encoding": "Identity-H", "family_name": "Helvetica", "font_type": "CIDFontType2", "italic": false, "monospaced": false, "name": "BAAAAA+Helvetica", "subset": true, "weight": 400}, "HasClip": true, "Lang": "en", "Page": 0, "Path": "//Document/H1[3]", "Text": "Former Energy Minister Chris Skidmore publishes his Net Zero Review, outlining the opportunities offered by net zero. ", "TextSize": 18.0, "attributes": {"LineHeight": 21, "SpaceAfter": 18}}, {"Bounds": [39.25, 500.4384002685547, 79.28970336914062, 522.8723754882812], "ClipBounds": [39.25, 500.4384002685547, 79.28970336914062, 522.8723754882812], "Font": {"alt_family_name": "Helvetica", "embedded": true, "encoding": "Identity-H", "family_name": "Helvetica", "font_type": "CIDFontType2", "italic": false, "monospaced": false, "name": "DAAAAA+Helvetica", "subset": true, "weight": 400}, "HasClip": true, "Lang": "en", "Page": 0, "Path": "//Document/P[2]", "Text": "From: ", "TextSize": 13.9949951171875, "attributes": {"LineHeight": 16.75}}, {"Bounds": [39.25, 442.6129913330078, 494.0407409667969, 482.7646942138672], "ClipBounds": [39.25, 442.6129913330078, 494.0407409667969, 482.7646942138672], "Font": {"alt_family_name": "Helvetica", "embedded": true, "encoding": "Identity-H", "family_name": "Helvetica", "font_type": "CIDFontType2", "italic": false, "monospaced": false, "name": "FAAAAA+Helvetica-Bold", "subset": true, "weight": 700}, "HasClip": true, "Page": 0, "Path": "//Document/P[3]/Reference/Reference/Reference/StyleSpan", "Text": "(/government/organisations/department-for-business-energy-and-industrial-strategy)", "TextSize": 12.592498779296875, "attributes": {"TextDecorationColor": [0.1098019999999984, 0.4352869999999882, 0.721572999999978], "TextDecorationThickness": 0, "TextDecorationType": "Underline"}}, {"Bounds": [39.25, 441.9383850097656, 494.0407409667969, 503.8901824951172], "ClipBounds": [39.25, 441.9383850097656, 494.0407409667969, 503.8901824951172], "Font": {"alt_family_name": "Helvetica", "embedded": true, "encoding": "Identity-H", "family_name": "Helvetica", "font_type": "CIDFontType2", "italic": false, "monospaced": false, "name": "EAAAAA+Helvetica-Bold", "subset": true, "weight": 700}, "HasClip": true, "Page": 0, "Path": "//Document/P[3]/Reference/Reference/Reference", "Text": "Department for Business, Energy & Industrial Strategy , Department for Energy Security and Net Zero ", "TextSize": 13.9949951171875}, {"Bounds": [39.25, 422.3629913330078, 494.0407409667969, 503.8901824951172], "ClipBounds": [39.25, 422.3629913330078, 494.0407409667969, 503.8901824951172], "Font": {"alt_family_name": "Helvetica", "embedded": true, "encoding": "Identity-H", "family_name": "Helvetica", "font_type": "CIDFontType2", "italic": false, "monospaced": false, "name": "FAAAAA+Helvetica-Bold", "subset": true, "weight": 700}, "HasClip": true, "Page": 0, "Path": "//Document/P[3]/Reference/Reference", "Text": "(/government/organisations/department-for-energy-security-and-net-zero)", "TextSize": 12.592498779296875}, {"Bounds": [515.0664215087891, 421.6883850097656, 543.4482727050781, 444.6401824951172], "ClipBounds": [515.0664215087891, 421.6883850097656, 543.4482727050781, 444.6401824951172], "Font": {"alt_family_name": "Helvetica", "embedded": true, "encoding": "Identity-H", "family_name": "Helvetica", "font_type": "CIDFontType2", "italic": false, "monospaced": false, "name": "EAAAAA+Helvetica-Bold", "subset": true, "weight": 700}, "HasClip": true, "Page": 0, "Path": "//Document/P[3]/Reference/StyleSpan", "Text": "The ", "TextSize": 13.9949951171875, "attributes": {"TextDecorationColor": [0.1098019999999984, 0.4352869999999882, 0.721572999999978], "TextDecorationThickness": 0, "TextDecorationType": "Underline"}}, {"Bounds": [39.25, 402.1883850097656, 543.4482727050781, 503.8901824951172], "ClipBounds": [39.25, 402.1883850097656, 543.4482727050781, 503.8901824951172], "Font": {"alt_family_name": "Helvetica", "embedded": true, "encoding": "Identity-H", "family_name": "Helvetica", "font_type": "CIDFontType2", "italic": false, "monospaced": false, "name": "FAAAAA+Helvetica-Bold", "subset": true, "weight": 700}, "HasClip": true, "Lang": "en", "Page": 0, "Path": "//Document/P[3]/Reference", "Text": "(<https://www.gov.uk/government/people/grant-shapps>), and Rt Hon Grant Shapps MP (/government/people/grant-shapps) ", "TextSize": 12.592498779296875, "attributes": {"LineHeight": 19.625, "SpaceAfter": 6.75}}, {"Bounds": [39.25, 375.9383850097656, 104.2008056640625, 398.3723602294922], "ClipBounds": [39.25, 375.9383850097656, 104.2008056640625, 398.3723602294922], "Font": {"alt_family_name": "Helvetica", "embedded": true, "encoding": "Identity-H", "family_name": "Helvetica", "font_type": "CIDFontType2", "italic": false, "monospaced": false, "name": "DAAAAA+Helvetica", "subset": true, "weight": 400}, "HasClip": true, "Page": 0, "Path": "//Document/P[4]/Sub", "Text": "Published ", "TextSize": 13.9949951171875, "attributes": {"Placement": "Block"}}, {"Bounds": [39.25, 356.4383850097656, 146.9975128173828, 378.8723602294922], "ClipBounds": [39.25, 356.4383850097656, 146.9975128173828, 378.8723602294922], "Font": {"alt_family_name": "Helvetica", "embedded": true, "encoding": "Identity-H", "family_name": "Helvetica", "font_type": "CIDFontType2", "italic": false, "monospaced": false, "name": "DAAAAA+Helvetica", "subset": true, "weight": 400}, "HasClip": true, "Page": 0, "Path": "//Document/P[4]/Sub[2]", "Text": "13 January 2023 ", "TextSize": 13.9949951171875, "attributes": {"Placement": "Block"}}, {"Bounds": [39.25, 465.1699523925781, 556.75, 801.9199523925781], "ClipBounds": [39.25, 465.1699523925781, 556.75, 801.9199523925781], "Page": 1, "Path": "//Document/Figure[2]", "attributes": {"BBox": [39.238399999998364, 465.13499999999476, 556.7769999999728, 801.9619999999995], "Placement": "Block"}}, {"Bounds": [52.5625, 422.9824676513672, 57.4375, 427.8574676513672], "ClipBounds": [52.5625, 422.9824676513672, 57.4375, 427.8574676513672], "Page": 1, "Path": "//Document/Aside/L/LI/Lbl/Figure", "attributes": {"BBox": [52.79789999999957, 423.01699999999255, 57.35769999999866, 427.69699999998556], "Placement": "Block"}}, {"Bounds": [66.23600769042969, 399.1940155029297, 504.5454406738281, 437.37237548828125], "ClipBounds": [66.23600769042969, 399.1940155029297, 504.5454406738281, 437.37237548828125], "Font": {"alt_family_name": "Helvetica", "embedded": true, "encoding": "Identity-H", "family_name": "Helvetica", "font_type": "CIDFontType2", "italic": false, "monospaced": false, "name": "DAAAAA+Helvetica", "subset": true, "weight": 400}, "HasClip": true, "Page": 1, "Path": "//Document/Aside/L/LI/LBody", "Text": "Chris Skidmore publishes his Net Zero Review, setting out the \u2018historic opportunity\u2019 offered by net zero ", "TextSize": 13.9949951171875}, {"Bounds": [52.5625, 387.7324676513672, 57.4375, 392.6074676513672], "ClipBounds": [52.5625, 387.7324676513672, 57.4375, 392.6074676513672], "Page": 1, "Path": "//Document/Aside/L/LI[2]/Lbl/Figure", "attributes": {"BBox": [52.79789999999957, 387.8579999999929, 57.35769999999866, 392.41799999999057], "Placement": "Block"}}, {"Bounds": [66.22201538085938, 347.44390869140625, 536.1881256103516, 402.12237548828125], "ClipBounds": [66.22201538085938, 347.44390869140625, 536.1881256103516, 402.12237548828125], "Font": {"alt_family_name": "Helvetica", "embedded": true, "encoding": "Identity-H", "family_name": "Helvetica", "font_type": "CIDFontType2", "italic": false, "monospaced": false, "name": "DAAAAA+Helvetica", "subset": true, "weight": 400}, "HasClip": true, "Page": 1, "Path": "//Document/Aside/L/LI[2]/LBody", "Text": "former energy minister says the UK\u2019s leadership on tackling climate change has led to changes at home and around the world \u2013 with more than 90% of the world\u2019s GDP now committed to net zero ", "TextSize": 13.9949951171875}, {"Bounds": [52.5625, 335.2324676513672, 57.4375, 340.1074676513672], "ClipBounds": [52.5625, 335.2324676513672, 57.4375, 340.1074676513672], "Page": 1, "Path": "//Document/Aside/L/LI[3]/Lbl/Figure", "attributes": {"BBox": [52.79789999999957, 335.3009999999922, 57.35769999999866, 339.9799999999959], "Placement": "Block"}}, {"Bounds": [66.23600769042969, 311.4440155029297, 541.1143646240234, 349.62237548828125], "ClipBounds": [66.23600769042969, 311.4440155029297, 541.1143646240234, 349.62237548828125], "Font": {"alt_family_name": "Helvetica", "embedded": true, "encoding": "Identity-H", "family_name": "Helvetica", "font_type": "CIDFontType2", "italic": false, "monospaced": false, "name": "DAAAAA+Helvetica", "subset": true, "weight": 400}, "HasClip": true, "Page": 1, "Path": "//Document/Aside/L/LI[3]/LBody", "Text": "review makes 129 recommendations, all to seize opportunities from creating a green economy ", "TextSize": 13.9949951171875}, {"Bounds": [39.23600769042969, 235.68838500976562, 555.9454345703125, 290.37237548828125], "ClipBounds": [39.23600769042969, 235.68838500976562, 555.9454345703125, 290.37237548828125], "Font": {"alt_family_name": "Helvetica", "embedded": true, "encoding": "Identity-H", "family_name": "Helvetica", "font_type": "CIDFontType2", "italic": false, "monospaced": false, "name": "DAAAAA+Helvetica", "subset": true, "weight": 400}, "HasClip": true, "Lang": "en", "Page": 1, "Path": "//Document/P[5]", "Text": "The UK\u2019s leadership on tackling climate change has delivered real change at home and led to a global transformation \u2013 but more should be done to reap the economic benefits that presents, Chris Skidmore says today. ", "TextSize": 13.9949951171875, "attributes": {"LineHeight": 16.125, "SpaceAfter": 10.75, "TextAlign": "Justify"}}, {"Bounds": [39.23600769042969, 127.69378662109375, 558.2825927734375, 231.1223602294922], "ClipBounds": [39.23600769042969, 127.69378662109375, 558.2825927734375, 231.1223602294922], "Font": {"alt_family_name": "Helvetica", "embedded": true, "encoding": "Identity-H", "family_name": "Helvetica", "font_type": "CIDFontType2", "italic": false, "monospaced": false, "name": "DAAAAA+Helvetica", "subset": true, "weight": 400}, "HasClip": true, "Lang": "en", "Page": 1, "Path": "//Document/P[6]", "Text": "Mission Zero, his Net Zero Review, makes 129 recommendations covering areas including the greater role that business can be supported to play, making better use of infrastructure and delivering more energy efficient homes. Every one is designed to maximise economic investment, opportunities and jobs \u2013 all while working towards achieving legally binding targets to reach net zero carbon emissions by 2050. ", "TextSize": 13.9949951171875, "attributes": {"LineHeight": 16.25, "SpaceAfter": 10.875}}, {"Bounds": [39.20802307128906, 68.44389343261719, 542.3982696533203, 123.12236022949219], "ClipBounds": [39.20802307128906, 68.44389343261719, 542.3982696533203, 123.12236022949219], "Font": {"alt_family_name": "Helvetica", "embedded": true, "encoding": "Identity-H", "family_name": "Helvetica", "font_type": "CIDFontType2", "italic": false, "monospaced": false, "name": "DAAAAA+Helvetica", "subset": true, "weight": 400}, "HasClip": true, "Lang": "en", "Page": 1, "Path": "//Document/P[7]", "Text": "He urges ministers to grasp the \u2018historic opportunity\u2019, highlighting how the government\u2019s Net Zero Strategy offers the right direction, and the right policies to do so. ", "TextSize": 13.9949951171875, "attributes": {"LineHeight": 16.125, "SpaceAfter": 10.25}}, {"Bounds": [39.25, 41.43836975097656, 406.19891357421875, 64.39016723632812], "ClipBounds": [39.25, 41.43836975097656, 406.19891357421875, 64.39016723632812], "Font": {"alt_family_name": "Helvetica", "embedded": true, "encoding": "Identity-H", "family_name": "Helvetica", "font_type": "CIDFontType2", "italic": false, "monospaced": false, "name": "EAAAAA+Helvetica-Bold", "subset": true, "weight": 700}, "HasClip": true, "Lang": "en", "Page": 1, "Path": "//Document/H2", "Text": "Chair of the Net Zero Review, Chris Skidmore MP, said: ", "TextSize": 13.9949951171875, "attributes": {"LineHeight": 16.75, "SpaceAfter": 18}}, {"Bounds": [54.25, 746.4495544433594, 559.8733978271484, 816.8723907470703], "ClipBounds": [54.25, 746.4495544433594, 559.8733978271484, 813.9799041748047], "Font": {"alt_family_name": "Helvetica", "embedded": true, "encoding": "Identity-H", "family_name": "Helvetica", "font_type": "CIDFontType2", "italic": false, "monospaced": false, "name": "DAAAAA+Helvetica", "subset": true, "weight": 400}, "HasClip": true, "Page": 2, "Path": "//Document/L/LI/LBody", "Text": "\u201c We should be proud of the lead the UK has taken in tackling climate change, having exceeded expectations so far in our race to net zero emissions by 2050. As essential as that is environmentally, it also puts us at an economic advantage globally. ", "TextSize": 13.9949951171875}, {"Bounds": [54.25, 686.4382934570312, 545.1149597167969, 741.1223907470703], "ClipBounds": [54.25, 686.4382934570312, 545.1149597167969, 741.1223907470703], "Font": {"alt_family_name": "Helvetica", "embedded": true, "encoding": "Identity-H", "family_name": "Helvetica", "font_type": "CIDFontType2", "italic": false, "monospaced": false, "name": "DAAAAA+Helvetica", "subset": true, "weight": 400}, "HasClip": true, "Page": 2, "Path": "//Document/L/LI[2]/LBody", "Text": "\u201c We lead in areas including clean technologies, science, manufacturing and green finance \u2013 areas that, if managed right, can lead to new jobs and strong economic growth. ", "TextSize": 13.9949951171875}, {"Bounds": [54.25, 627.1884002685547, 555.1570892333984, 681.8723907470703], "ClipBounds": [54.25, 627.1884002685547, 555.1570892333984, 681.8723907470703], "Font": {"alt_family_name": "Helvetica", "embedded": true, "encoding": "Identity-H", "family_name": "Helvetica", "font_type": "CIDFontType2", "italic": false, "monospaced": false, "name": "DAAAAA+Helvetica", "subset": true, "weight": 400}, "HasClip": true, "Page": 2, "Path": "//Document/L/LI[3]/LBody", "Text": "\u201c In developing this report, we have engaged with communities, economists and climate experts from across the country through more than 50 roundtables and 1800 submissions \u2013 all of which have led to the Mission Zero findings. ", "TextSize": 13.9949951171875}, {"Bounds": [54.25, 551.4440155029297, 559.0760955810547, 621.8723907470703], "ClipBounds": [54.25, 551.4440155029297, 559.0760955810547, 621.8723907470703], "Font": {"alt_family_name": "Helvetica", "embedded": true, "encoding": "Identity-H", "family_name": "Helvetica", "font_type": "CIDFontType2", "italic": false, "monospaced": false, "name": "DAAAAA+Helvetica", "subset": true, "weight": 400}, "HasClip": true, "Page": 2, "Path": "//Document/L/LI[4]/LBody", "Text": "\u201c My recommendations are designed to make the most of this historic opportunity, covering the length and breadth of our economy, so that people in every part of the country can reap the benefits of this both in their communities, and in their pockets.\u201d ", "TextSize": 13.9949951171875}, {"Bounds": [39.25, 523.6884002685547, 381.8756103515625, 546.6401977539062], "ClipBounds": [39.25, 523.6884002685547, 381.8756103515625, 546.6401977539062], "Font": {"alt_family_name": "Helvetica", "embedded": true, "encoding": "Identity-H", "family_name": "Helvetica", "font_type": "CIDFontType2", "italic": false, "monospaced": false, "name": "EAAAAA+Helvetica-Bold", "subset": true, "weight": 700}, "HasClip": true, "Lang": "en", "Page": 2, "Path": "//Document/H2[2]", "Text": "Business and Energy Secretary Grant Shapps said: ", "TextSize": 13.9949951171875, "attributes": {"LineHeight": 16.75, "SpaceAfter": 10.875}}, {"Bounds": [54.25, 464.44390869140625, 555.9687957763672, 519.1223754882812], "ClipBounds": [54.25, 464.44390869140625, 555.9687957763672, 519.1223754882812], "Font": {"alt_family_name": "Helvetica", "embedded": true, "encoding": "Identity-H", "family_name": "Helvetica", "font_type": "CIDFontType2", "italic": false, "monospaced": false, "name": "DAAAAA+Helvetica", "subset": true, "weight": 400}, "HasClip": true, "Page": 2, "Path": "//Document/L[2]/LI/LBody", "Text": "\u201c With a wealth of talent and expertise, and a track record to be proud of, the UK is well placed to ensure that tackling climate change also brings new jobs and investment for businesses and communities. ", "TextSize": 13.9949951171875}, {"Bounds": [54.25, 388.6938018798828, 551.2664794921875, 459.87237548828125], "ClipBounds": [54.25, 388.6938018798828, 551.2664794921875, 459.87237548828125], "Font": {"alt_family_name": "Helvetica", "embedded": true, "encoding": "Identity-H", "family_name": "Helvetica", "font_type": "CIDFontType2", "italic": false, "monospaced": false, "name": "DAAAAA+Helvetica", "subset": true, "weight": 400}, "HasClip": true, "Page": 2, "Path": "//Document/L[2]/LI[2]/LBody", "Text": "\u201c I am grateful to Chris Skidmore \u2013 the man who signed our climate commitments into law \u2013 for his detailed report today, which offers a range of ideas and innovations for us to consider as we work to grasp the opportunities from green growth.\u201d ", "TextSize": 13.9949951171875}, {"Bounds": [39.25, 361.6883850097656, 264.94737243652344, 384.12237548828125], "ClipBounds": [39.25, 361.6883850097656, 264.94737243652344, 384.12237548828125], "Font": {"alt_family_name": "Helvetica", "embedded": true, "encoding": "Identity-H", "family_name": "Helvetica", "font_type": "CIDFontType2", "italic": false, "monospaced": false, "name": "DAAAAA+Helvetica", "subset": true, "weight": 400}, "HasClip": true, "Lang": "en", "Page": 2, "Path": "//Document/P[8]", "Text": "Chris Skidmore\u2019s proposals include: ", "TextSize": 13.9949951171875, "attributes": {"LineHeight": 16.75, "SpaceAfter": 11.75}}, {"Bounds": [40.5625, 341.9825134277344, 45.4375, 346.8575134277344], "ClipBounds": [40.5625, 341.9825134277344, 45.4375, 346.8575134277344], "Page": 2, "Path": "//Document/L[3]/LI/Lbl/Figure", "attributes": {"BBox": [40.79829999999856, 342.0199999999895, 45.35819999999876, 346.6999999999971], "Placement": "Block"}}, {"Bounds": [54.25, 285.94952392578125, 557.7061614990234, 356.8901824951172], "ClipBounds": [54.25, 285.94952392578125, 557.7061614990234, 356.8901824951172], "Font": {"alt_family_name": "Helvetica", "embedded": true, "encoding": "Identity-H", "family_name": "Helvetica", "font_type": "CIDFontType2", "italic": false, "monospaced": false, "name": "EAAAAA+Helvetica-Bold", "subset": true, "weight": 700}, "HasClip": true, "Page": 2, "Path": "//Document/L[3]/LI/LBody", "Text": "backing business \u2013 these include reviewing incentives for investment in decarbonisation, including via the tax system, and launching a Help to Grow Green campaign offering information and advice to small businesses so they can plan ahead ", "TextSize": 13.9949951171875}, {"Bounds": [40.5625, 273.7325134277344, 45.4375, 278.6075134277344], "ClipBounds": [40.5625, 273.7325134277344, 45.4375, 278.6075134277344], "Page": 2, "Path": "//Document/L[3]/LI[2]/Lbl/Figure", "attributes": {"BBox": [40.79829999999856, 273.86299999999756, 45.35819999999876, 278.4229999999952], "Placement": "Block"}}, {"Bounds": [54.23600769042969, 217.69952392578125, 558.4199066162109, 288.6401824951172], "ClipBounds": [54.23600769042969, 217.69952392578125, 558.4199066162109, 288.6401824951172], "Font": {"alt_family_name": "Helvetica", "embedded": true, "encoding": "Identity-H", "family_name": "Helvetica", "font_type": "CIDFontType2", "italic": false, "monospaced": false, "name": "EAAAAA+Helvetica-Bold", "subset": true, "weight": 700}, "HasClip": true, "Page": 2, "Path": "//Document/L[3]/LI[2]/LBody", "Text": "backing local action \u2013 these include reforming the planning system to put net zero at its heart nationally and locally, and backing at least one Trailblazer Net Zero City, local authority and community that can work towards reaching net zero by 2030 ", "TextSize": 13.9949951171875}, {"Bounds": [40.5625, 205.48251342773438, 45.4375, 210.35751342773438], "ClipBounds": [40.5625, 205.48251342773438, 45.4375, 210.35751342773438], "Page": 2, "Path": "//Document/L[3]/LI[3]/Lbl/Figure", "attributes": {"BBox": [40.79829999999856, 205.5859999999957, 45.35819999999876, 210.14599999999336], "Placement": "Block"}}, {"Bounds": [54.20220947265625, 149.44952392578125, 553.2639312744141, 220.3901824951172], "ClipBounds": [54.20220947265625, 149.44952392578125, 553.2639312744141, 220.3901824951172], "Font": {"alt_family_name": "Helvetica", "embedded": true, "encoding": "Identity-H", "family_name": "Helvetica", "font_type": "CIDFontType2", "italic": false, "monospaced": false, "name": "EAAAAA+Helvetica-Bold", "subset": true, "weight": 700}, "HasClip": true, "Page": 2, "Path": "//Document/L[3]/LI[3]/LBody", "Text": "delivering energy efficient homes \u2013 including legislating for the Future Homes Standard so that no new homes will be built with a gas boiler from 2025, adopting a 10-year mission to make heat pumps a widespread technology in the UK ", "TextSize": 13.9949951171875}, {"Bounds": [40.5625, 137.98251342773438, 45.4375, 142.85751342773438], "ClipBounds": [40.5625, 137.98251342773438, 45.4375, 142.85751342773438], "Page": 2, "Path": "//Document/L[3]/LI[4]/Lbl/Figure", "attributes": {"BBox": [40.79829999999856, 138.028999999995, 45.35819999999876, 142.70799999999872], "Placement": "Block"}}, {"Bounds": [54.222015380859375, 97.69389343261719, 558.6018371582031, 152.8901824951172], "ClipBounds": [54.222015380859375, 97.69389343261719, 558.6018371582031, 152.8901824951172], "Font": {"alt_family_name": "Helvetica", "embedded": true, "encoding": "Identity-H", "family_name": "Helvetica", "font_type": "CIDFontType2", "italic": false, "monospaced": false, "name": "EAAAAA+Helvetica-Bold", "subset": true, "weight": 700}, "HasClip": true, "Page": 2, "Path": "//Document/L[3]/LI[4]/LBody", "Text": "using infrastructure to unlock net zero \u2013 including developing a cross-sectoral infrastructure strategy by 2025 to support the building and adaptation for new green energy sources such as hydrogen to support the green economy ", "TextSize": 13.9949951171875}, {"Bounds": [39.231292724609375, 27.1700439453125, 558.4598083496094, 92.37246704101562], "ClipBounds": [39.231292724609375, 27.1700439453125, 558.4598083496094, 92.37246704101562], "Font": {"alt_family_name": "Helvetica", "embedded": true, "encoding": "Identity-H", "family_name": "Helvetica", "font_type": "CIDFontType2", "italic": false, "monospaced": false, "name": "DAAAAA+Helvetica", "subset": true, "weight": 400}, "HasClip": true, "Lang": "en", "Page": 2, "Path": "//Document/P[9]", "Text": "Official statistics show there are already around 400,000 jobs in low carbon businesses and their supply chains across the UK, with turnover estimated at \u00a341.2 (<https://www.gov.uk/government/publications/british-energy-security-strategy>)billion in 2020. Both the British Energy Security Strategy ", "TextSize": 13.9949951171875, "attributes": {"LineHeight": 16.125, "SpaceAfter": 17.875}}, {"Bounds": [39.25, 795.1128997802734, 471.15765380859375, 815.2986755371094], "ClipBounds": [39.25, 795.1128997802734, 471.15765380859375, 813.9799041748047], "Font": {"alt_family_name": "Helvetica", "embedded": true, "encoding": "Identity-H", "family_name": "Helvetica", "font_type": "CIDFontType2", "italic": false, "monospaced": false, "name": "HAAAAA+Helvetica", "subset": true, "weight": 400}, "HasClip": true, "Page": 3, "Path": "//Document/P[10]/Reference/Reference", "Text": "(https://www.gov.uk/government/publications/british-energy-security-strategy) ", "TextSize": 12.592498779296875}, {"Bounds": [499.18751525878906, 794.4382934570312, 557.1268157958984, 816.8722839355469], "ClipBounds": [499.18751525878906, 794.4382934570312, 557.1268157958984, 813.9799041748047], "Font": {"alt_family_name": "Helvetica", "embedded": true, "encoding": "Identity-H", "family_name": "Helvetica", "font_type": "CIDFontType2", "italic": false, "monospaced": false, "name": "DAAAAA+Helvetica", "subset": true, "weight": 400}, "HasClip": true, "Page": 3, "Path": "//Document/P[10]/Reference/StyleSpan", "Text": "Net Zero ", "TextSize": 13.9949951171875, "attributes": {"TextDecorationColor": [0.1098019999999984, 0.4352869999999882, 0.721572999999978], "TextDecorationThickness": 0, "TextDecorationType": "Underline"}}, {"Bounds": [94.87359619140625, 779.3628997802734, 449.12330627441406, 799.5486755371094], "ClipBounds": [94.87359619140625, 779.3628997802734, 449.12330627441406, 799.5486755371094], "Font": {"alt_family_name": "Helvetica", "embedded": true, "encoding": "Identity-H", "family_name": "Helvetica", "font_type": "CIDFontType2", "italic": false, "monospaced": false, "name": "HAAAAA+Helvetica", "subset": true, "weight": 400}, "HasClip": true, "Page": 3, "Path": "//Document/P[10]/Reference/StyleSpan[2]", "Text": "(https://www.gov.uk/government/publications/net-zero-strategy) ", "TextSize": 12.592498779296875, "attributes": {"TextDecorationColor": [0.1098019999999984, 0.4352869999999882, 0.721572999999978], "TextDecorationThickness": 0, "TextDecorationType": "Underline"}}, {"Bounds": [39.23600769042969, 746.4439239501953, 557.1268157958984, 816.8722839355469], "ClipBounds": [39.23600769042969, 746.4439239501953, 557.1268157958984, 813.9799041748047], "Font": {"alt_family_name": "Helvetica", "embedded": true, "encoding": "Identity-H", "family_name": "Helvetica", "font_type": "CIDFontType2", "italic": false, "monospaced": false, "name": "DAAAAA+Helvetica", "subset": true, "weight": 400}, "HasClip": true, "Lang": "en", "Page": 3, "Path": "//Document/P[10]/Reference", "Text": "(<https://www.gov.uk/government/publications/net-zero-strategy>)and Strategy aim to leverage an additional and unprecedented \u00a3100 billion of private investment, while supporting an additional 480,000 British jobs by 2030. ", "TextSize": 13.9949951171875, "attributes": {"LineHeight": 16}}, {"Bounds": [39.25, 702.5118865966797, 180.76600646972656, 732.0318908691406], "ClipBounds": [39.25, 702.5118865966797, 180.76600646972656, 732.0318908691406], "Font": {"alt_family_name": "Helvetica", "embedded": true, "encoding": "Identity-H", "family_name": "Helvetica", "font_type": "CIDFontType2", "italic": false, "monospaced": false, "name": "IAAAAA+Helvetica-Bold", "subset": true, "weight": 700}, "HasClip": true, "Lang": "en", "Page": 3, "Path": "//Document/H1[4]", "Text": "Notes to editors ", "TextSize": 18.0, "attributes": {"LineHeight": 21.625, "SpaceAfter": 11.625}}, {"Bounds": [39.25, 675.9382934570312, 272.75657653808594, 698.3722839355469], "ClipBounds": [39.25, 675.9382934570312, 272.75657653808594, 698.3722839355469], "Font": {"alt_family_name": "Helvetica", "embedded": true, "encoding": "Identity-H", "family_name": "Helvetica", "font_type": "CIDFontType2", "italic": false, "monospaced": false, "name": "DAAAAA+Helvetica", "subset": true, "weight": 400}, "HasClip": true, "Lang": "en", "Page": 3, "Path": "//Document/P[11]", "Text": "Responses to today\u2019s review include: ", "TextSize": 13.9949951171875, "attributes": {"LineHeight": 16.75, "SpaceAfter": 11.625}}, {"Bounds": [39.25, 615.9438171386719, 542.776123046875, 671.1400909423828], "ClipBounds": [39.25, 615.9438171386719, 542.776123046875, 671.1400909423828], "Font": {"alt_family_name": "Helvetica", "embedded": true, "encoding": "Identity-H", "family_name": "Helvetica", "font_type": "CIDFontType2", "italic": false, "monospaced": false, "name": "EAAAAA+Helvetica-Bold", "subset": true, "weight": 700}, "HasClip": true, "Lang": "en", "Page": 3, "Path": "//Document/H2[3]", "Text": "Chair of the Grantham Research Institute on Climate Change at the London School of Economics and Political Science, Professor Lord Stern of Brentford, said: ", "TextSize": 13.9949951171875, "attributes": {"LineHeight": 16.125, "SpaceAfter": 10.875}}, {"Bounds": [54.25, 395.4438018798828, 552.8536682128906, 611.3722839355469], "ClipBounds": [54.25, 395.4438018798828, 552.8536682128906, 611.3722839355469], "Font": {"alt_family_name": "Helvetica", "embedded": true, "encoding": "Identity-H", "family_name": "Helvetica", "font_type": "CIDFontType2", "italic": false, "monospaced": false, "name": "DAAAAA+Helvetica", "subset": true, "weight": 400}, "HasClip": true, "Page": 3, "Path": "//Document/L[4]/LI/LBody", "Text": "\u201c Chris Skidmore and his team deserve great credit for carrying out a rigorous, robust, and inclusive review of the evidence on the economics of the UK\u2019s net-zero transition. In particular, the review has argued convincingly that the transition to a net-zero economy is the growth opportunity of the 21st century, and the UK is well-placed to benefit from the increasing demand for net-zero goods and services, if it makes the right public and private investments. It also correctly highlights the critical importance of government creating an environment that is conducive to this investment by providing clarity, certainty, consistency and continuity of policy. I hope the Prime Minister and his government will respond to the review with the urgency and scale required to prevent this enormous economic opportunity from slipping through our fingers. This transition, and the investment and innovation it embodies, are at the core of the UK\u2019s growth story for the coming decade.\u201d ", "TextSize": 13.9949951171875}, {"Bounds": [39.25, 368.4382781982422, 448.9536437988281, 391.39007568359375], "ClipBounds": [39.25, 368.4382781982422, 448.9536437988281, 391.39007568359375], "Font": {"alt_family_name": "Helvetica", "embedded": true, "encoding": "Identity-H", "family_name": "Helvetica", "font_type": "CIDFontType2", "italic": false, "monospaced": false, "name": "EAAAAA+Helvetica-Bold", "subset": true, "weight": 700}, "HasClip": true, "Lang": "en", "Page": 3, "Path": "//Document/H2[4]", "Text": "Executive Director of the Aldersgate Group, Nick Molho, said: ", "TextSize": 13.9949951171875, "attributes": {"LineHeight": 16.75, "SpaceAfter": 11.625}}, {"Bounds": [54.25, 211.6882781982422, 555.9835510253906, 363.1222686767578], "ClipBounds": [54.25, 211.6882781982422, 555.9835510253906, 363.1222686767578], "Font": {"alt_family_name": "Helvetica", "embedded": true, "encoding": "Identity-H", "family_name": "Helvetica", "font_type": "CIDFontType2", "italic": false, "monospaced": false, "name": "DAAAAA+Helvetica", "subset": true, "weight": 400}, "HasClip": true, "Page": 3, "Path": "//Document/L[5]/LI/LBody", "Text": "\u201c The Skidmore Review is absolutely right to emphasise that the net zero transition is a major pro-business and pro-investment opportunity. Businesses have long recognised this, a fact that is reflected in the rapidly growing number that are taking on ambitious net zero emission targets backed by clear delivery strategies. In the challenging economic and social context currently faced by the UK, a rapid shift towards net zero offers much needed investment, competitiveness and job creation opportunities for UK businesses and investors in varied sectors such as construction, energy, manufacturing, engineering, transport and finance. ", "TextSize": 13.9949951171875}, {"Bounds": [54.25, 55.68827819824219, 548.2571411132812, 207.1222686767578], "ClipBounds": [54.25, 55.68827819824219, 548.2571411132812, 207.1222686767578], "Font": {"alt_family_name": "Helvetica", "embedded": true, "encoding": "Identity-H", "family_name": "Helvetica", "font_type": "CIDFontType2", "italic": false, "monospaced": false, "name": "DAAAAA+Helvetica", "subset": true, "weight": 400}, "HasClip": true, "Page": 3, "Path": "//Document/L[5]/LI[2]/LBody/ParagraphSpan", "Text": "\u201c The findings and recommendations of the Skidmore Review are based on an impressively comprehensive engagement with businesses and civil society, which provides a direct window into what businesses, public bodies and civil society need from the UK government to deliver net zero and secure the economic opportunities associated with it. The government should use the recommendations of this review to produce an updated and strengthened Net Zero Strategy early this year. It should also crack on with some of the most pressing policy recommendations highlighted in the report, such as on grid infrastructure, full power sector decarbonisation, energy efficiency in homes, ", "TextSize": 13.9949951171875}, {"Bounds": [65.47811889648438, 778.6939392089844, 545.6074066162109, 816.8722991943359], "ClipBounds": [65.47811889648438, 778.6939392089844, 545.6074066162109, 813.9799041748047], "Font": {"alt_family_name": "Helvetica", "embedded": true, "encoding": "Identity-H", "family_name": "Helvetica", "font_type": "CIDFontType2", "italic": false, "monospaced": false, "name": "DAAAAA+Helvetica", "subset": true, "weight": 400}, "HasClip": true, "Page": 4, "Path": "//Document/L[5]/LI[2]/LBody/ParagraphSpan[2]", "Text": "resource efficiency, and business models to support the roll out of CCS, hydrogen and other low carbon solutions urgently needed by heavy industry.\u201d ", "TextSize": 13.9949951171875}, {"Bounds": [39.25, 750.9383087158203, 346.10438537597656, 773.8901062011719], "ClipBounds": [39.25, 750.9383087158203, 346.10438537597656, 773.8901062011719], "Font": {"alt_family_name": "Helvetica", "embedded": true, "encoding": "Identity-H", "family_name": "Helvetica", "font_type": "CIDFontType2", "italic": false, "monospaced": false, "name": "EAAAAA+Helvetica-Bold", "subset": true, "weight": 700}, "HasClip": true, "Lang": "en", "Page": 4, "Path": "//Document/H2[5]", "Text": "Chief Executive of Aviva, Amanda Blanc, said: ", "TextSize": 13.9949951171875, "attributes": {"LineHeight": 16.75, "SpaceAfter": 10.875}}, {"Bounds": [54.25, 610.7047576904297, 554.1354522705078, 746.3722991943359], "ClipBounds": [54.25, 610.7047576904297, 554.1354522705078, 746.3722991943359], "Font": {"alt_family_name": "Helvetica", "embedded": true, "encoding": "Identity-H", "family_name": "Helvetica", "font_type": "CIDFontType2", "italic": false, "monospaced": false, "name": "DAAAAA+Helvetica", "subset": true, "weight": 400}, "HasClip": true, "Lang": "en", "Page": 4, "Path": "//Document/P[12]", "Text": "\u201c I congratulate Chris and his team on such a comprehensive and ambitious Review. I hope both the government and opposition parties will take careful note of it and together act swiftly on its recommendations. In particular, as co-chair of the UK Transition Plan Taskforce, I strongly agree that the government should put in place its own \u2018clear, consistent and stable transition plan\u2019 setting out the detail of how the UK will meet its climate commitments. In turn, this will unlock the business actions and investment needed to make the transition a reality.\u201d ", "TextSize": 13.9949951171875, "attributes": {"LineHeight": 16.125}}, {"Bounds": [39.25, 567.1882934570312, 404.061279296875, 606.1222839355469], "ClipBounds": [39.25, 567.1882934570312, 404.061279296875, 606.1222839355469], "Font": {"alt_family_name": "Helvetica", "embedded": true, "encoding": "Identity-H", "family_name": "Helvetica", "font_type": "CIDFontType2", "italic": false, "monospaced": false, "name": "DAAAAA+Helvetica", "subset": true, "weight": 400}, "HasClip": true, "Lang": "en", "Page": 4, "Path": "//Document/P[13]/Reference", "Text": "(<https://www.gov.uk/government/publications/review-of-net-zero>)Read the full Net Zero Review report (https://www.gov.uk/government/publications/review-of-net-zero). ", "TextSize": 13.9949951171875, "attributes": {"LineHeight": 16.5, "SpaceAfter": 10.25}}, {"Bounds": [39.25, 540.1882934570312, 514.1423492431641, 562.6222686767578], "ClipBounds": [39.25, 540.1882934570312, 514.1423492431641, 562.6222686767578], "Font": {"alt_family_name": "Helvetica", "embedded": true, "encoding": "Identity-H", "family_name": "Helvetica", "font_type": "CIDFontType2", "italic": false, "monospaced": false, "name": "DAAAAA+Helvetica", "subset": true, "weight": 400}, "HasClip": true, "Lang": "en", "Page": 4, "Path": "//Document/P[14]", "Text": "The main recommendations to the government in the Review are as follows: ", "TextSize": 13.9949951171875, "attributes": {"LineHeight": 16.75, "SpaceAfter": 18}}, {"Bounds": [39.25, 497.43829345703125, 316.4629669189453, 520.3900909423828], "ClipBounds": [39.25, 497.43829345703125, 316.4629669189453, 520.3900909423828], "Font": {"alt_family_name": "Helvetica", "embedded": true, "encoding": "Identity-H", "family_name": "Helvetica", "font_type": "CIDFontType2", "italic": false, "monospaced": false, "name": "EAAAAA+Helvetica-Bold", "subset": true, "weight": 700}, "HasClip": true, "Lang": "en", "Page": 4, "Path": "//Document/H2[6]", "Text": "1) Using infrastructure to unlock net zero ", "TextSize": 13.9949951171875, "attributes": {"LineHeight": 16.75, "SpaceAfter": 10.875}}, {"Bounds": [40.5625, 478.4822540283203, 45.4375, 483.3572540283203], "ClipBounds": [40.5625, 478.4822540283203, 45.4375, 483.3572540283203], "Page": 4, "Path": "//Document/L[6]/LI/Lbl/Figure", "attributes": {"BBox": [40.79829999999856, 478.5749999999971, 45.35819999999876, 483.13499999999476], "Placement": "Block"}}, {"Bounds": [54.25, 438.1938018798828, 557.9440612792969, 492.8722686767578], "ClipBounds": [54.25, 438.1938018798828, 557.9440612792969, 492.8722686767578], "Font": {"alt_family_name": "Helvetica", "embedded": true, "encoding": "Identity-H", "family_name": "Helvetica", "font_type": "CIDFontType2", "italic": false, "monospaced": false, "name": "DAAAAA+Helvetica", "subset": true, "weight": 400}, "HasClip": true, "Page": 4, "Path": "//Document/L[6]/LI/LBody", "Text": "accelerating the implementation of the British Energy Security Strategy to update the mandate of Ofgem, creating the Future System Operator and accelerating the connection of cheaper renewables such as solar and onshore wind ", "TextSize": 13.9949951171875}, {"Bounds": [40.5625, 426.7322540283203, 45.4375, 431.6072540283203], "ClipBounds": [40.5625, 426.7322540283203, 45.4375, 431.6072540283203], "Page": 4, "Path": "//Document/L[6]/LI[2]/Lbl/Figure", "attributes": {"BBox": [40.79829999999856, 426.85699999998906, 45.35819999999876, 431.41699999998673], "Placement": "Block"}}, {"Bounds": [54.23600769042969, 386.4438018798828, 554.5992584228516, 441.1222686767578], "ClipBounds": [54.23600769042969, 386.4438018798828, 554.5992584228516, 441.1222686767578], "Font": {"alt_family_name": "Helvetica", "embedded": true, "encoding": "Identity-H", "family_name": "Helvetica", "font_type": "CIDFontType2", "italic": false, "monospaced": false, "name": "DAAAAA+Helvetica", "subset": true, "weight": 400}, "HasClip": true, "Page": 4, "Path": "//Document/L[6]/LI[2]/LBody", "Text": "developing a cross-sectoral infrastructure strategy by 2025 supporting the building and adaptation of infrastructure for electricity, hydrogen, other liquid and gaseous fuels and CO2 networks that support the green economy ", "TextSize": 13.9949951171875}, {"Bounds": [40.5625, 374.2322540283203, 45.4375, 379.1072540283203], "ClipBounds": [40.5625, 374.2322540283203, 45.4375, 379.1072540283203], "Page": 4, "Path": "//Document/L[6]/LI[3]/Lbl/Figure", "attributes": {"BBox": [40.79829999999856, 374.29899999999907, 45.35819999999876, 378.9789999999921], "Placement": "Block"}}, {"Bounds": [54.23600769042969, 333.9382781982422, 550.162841796875, 388.6222686767578], "ClipBounds": [54.23600769042969, 333.9382781982422, 550.162841796875, 388.6222686767578], "Font": {"alt_family_name": "Helvetica", "embedded": true, "encoding": "Identity-H", "family_name": "Helvetica", "font_type": "CIDFontType2", "italic": false, "monospaced": false, "name": "DAAAAA+Helvetica", "subset": true, "weight": 400}, "HasClip": true, "Page": 4, "Path": "//Document/L[6]/LI[3]/LBody", "Text": "reforming our approach to planning, so that where locally supported, more solar and onshore wind can be developed more easily, helping communities reap the benefits of cheaper low-carbon electricity ", "TextSize": 13.9949951171875}, {"Bounds": [39.25, 291.9382781982422, 431.59983825683594, 314.89007568359375], "ClipBounds": [39.25, 291.9382781982422, 431.59983825683594, 314.89007568359375], "Font": {"alt_family_name": "Helvetica", "embedded": true, "encoding": "Identity-H", "family_name": "Helvetica", "font_type": "CIDFontType2", "italic": false, "monospaced": false, "name": "EAAAAA+Helvetica-Bold", "subset": true, "weight": 700}, "HasClip": true, "Lang": "en", "Page": 4, "Path": "//Document/H2[7]", "Text": "2) Creating sustainable governance structures for net zero ", "TextSize": 13.9949951171875, "attributes": {"LineHeight": 16.75, "SpaceAfter": 10.875}}, {"Bounds": [40.5625, 272.23223876953125, 45.4375, 277.10723876953125], "ClipBounds": [40.5625, 272.23223876953125, 45.4375, 277.10723876953125], "Page": 4, "Path": "//Document/L[7]/LI/Lbl/Figure", "attributes": {"BBox": [40.79829999999856, 272.3029999999999, 45.35819999999876, 276.9829999999929]}}, {"Bounds": [54.25, 264.1882781982422, 537.7755737304688, 286.6222686767578], "ClipBounds": [54.25, 264.1882781982422, 537.7755737304688, 286.6222686767578], "Font": {"alt_family_name": "Helvetica", "embedded": true, "encoding": "Identity-H", "family_name": "Helvetica", "font_type": "CIDFontType2", "italic": false, "monospaced": false, "name": "DAAAAA+Helvetica", "subset": true, "weight": 400}, "HasClip": true, "Page": 4, "Path": "//Document/L[7]/LI/LBody", "Text": "developing an over-arching government financing strategy by the end of 2023 ", "TextSize": 13.9949951171875}, {"Bounds": [40.5625, 252.73223876953125, 45.4375, 257.60723876953125], "ClipBounds": [40.5625, 252.73223876953125, 45.4375, 257.60723876953125], "Page": 4, "Path": "//Document/L[7]/LI[2]/Lbl/Figure", "attributes": {"BBox": [40.79829999999856, 252.86399999999412, 45.35819999999876, 257.42399999999907], "Placement": "Block"}}, {"Bounds": [54.25, 228.18817138671875, 525.7817840576172, 267.1222686767578], "ClipBounds": [54.25, 228.18817138671875, 525.7817840576172, 267.1222686767578], "Font": {"alt_family_name": "Helvetica", "embedded": true, "encoding": "Identity-H", "family_name": "Helvetica", "font_type": "CIDFontType2", "italic": false, "monospaced": false, "name": "DAAAAA+Helvetica", "subset": true, "weight": 400}, "HasClip": true, "Page": 4, "Path": "//Document/L[7]/LI[2]/LBody", "Text": "establishing an Office for Net Zero Delivery, responsible for placing net zero delivery at the heart of government thinking ", "TextSize": 13.9949951171875}, {"Bounds": [39.25, 186.1882781982422, 273.7362365722656, 209.14007568359375], "ClipBounds": [39.25, 186.1882781982422, 273.7362365722656, 209.14007568359375], "Font": {"alt_family_name": "Helvetica", "embedded": true, "encoding": "Identity-H", "family_name": "Helvetica", "font_type": "CIDFontType2", "italic": false, "monospaced": false, "name": "EAAAAA+Helvetica-Bold", "subset": true, "weight": 700}, "HasClip": true, "Lang": "en", "Page": 4, "Path": "//Document/H2[8]", "Text": "3) Backing businesses to go green ", "TextSize": 13.9949951171875, "attributes": {"LineHeight": 16.75, "SpaceAfter": 11.875}}, {"Bounds": [40.5625, 166.48223876953125, 45.4375, 171.35723876953125], "ClipBounds": [40.5625, 166.48223876953125, 45.4375, 171.35723876953125], "Page": 4, "Path": "//Document/L[8]/LI/Lbl/Figure", "attributes": {"BBox": [40.79829999999856, 166.58699999999953, 45.35819999999876, 171.1469999999972], "Placement": "Block"}}, {"Bounds": [54.222015380859375, 110.44941711425781, 543.9490661621094, 180.87225341796875], "ClipBounds": [54.222015380859375, 110.44941711425781, 543.9490661621094, 180.87225341796875], "Font": {"alt_family_name": "Helvetica", "embedded": true, "encoding": "Identity-H", "family_name": "Helvetica", "font_type": "CIDFontType2", "italic": false, "monospaced": false, "name": "DAAAAA+Helvetica", "subset": true, "weight": 400}, "HasClip": true, "Page": 4, "Path": "//Document/L[8]/LI/LBody", "Text": "reviewing incentives for investment in decarbonisation, including via the tax system and capital allowances, and protecting British industries from environmental undercutting by progressing plans on carbon leakage measures and providing more detail on the UK\u2019s new Emissions Trading Scheme (ETS) ", "TextSize": 13.9949951171875}, {"Bounds": [40.5625, 98.98223876953125, 45.4375, 103.85723876953125], "ClipBounds": [40.5625, 98.98223876953125, 45.4375, 103.85723876953125], "Page": 4, "Path": "//Document/L[8]/LI[2]/Lbl/Figure", "attributes": {"BBox": [40.79829999999856, 99.03019999999742, 45.35819999999876, 103.70999999999913], "Placement": "Block"}}, {"Bounds": [54.25, 58.69378662109375, 537.9731903076172, 113.37225341796875], "ClipBounds": [54.25, 58.69378662109375, 537.9731903076172, 113.37225341796875], "Font": {"alt_family_name": "Helvetica", "embedded": true, "encoding": "Identity-H", "family_name": "Helvetica", "font_type": "CIDFontType2", "italic": false, "monospaced": false, "name": "DAAAAA+Helvetica", "subset": true, "weight": 400}, "HasClip": true, "Page": 4, "Path": "//Document/L[8]/LI[2]/LBody", "Text": "building skills needed for the transition by driving forward the Green Jobs Taskforce recommendations and launching a \u2018Help to Grow Green\u2019 campaign, offering information and support to SMEs to plan and invest in the transition ", "TextSize": 13.9949951171875}, {"Bounds": [39.25, 794.4383087158203, 210.74473571777344, 817.3901062011719], "ClipBounds": [39.25, 794.4383087158203, 210.74473571777344, 813.9799041748047], "Font": {"alt_family_name": "Helvetica", "embedded": true, "encoding": "Identity-H", "family_name": "Helvetica", "font_type": "CIDFontType2", "italic": false, "monospaced": false, "name": "EAAAAA+Helvetica-Bold", "subset": true, "weight": 700}, "HasClip": true, "Lang": "en", "Page": 5, "Path": "//Document/H2[9]", "Text": "4) Catalysing local action ", "TextSize": 13.9949951171875, "attributes": {"LineHeight": 16.75, "SpaceAfter": 10.5}}, {"Bounds": [40.5625, 775.4824066162109, 45.4375, 780.3574066162109], "ClipBounds": [40.5625, 775.4824066162109, 45.4375, 780.3574066162109], "Page": 5, "Path": "//Document/L[9]/LI/Lbl/Figure", "attributes": {"BBox": [40.79829999999856, 775.5629999999946, 45.35819999999876, 780.1219999999739], "Placement": "Block"}}, {"Bounds": [54.23600769042969, 750.9382019042969, 547.0559692382812, 789.8722991943359], "ClipBounds": [54.23600769042969, 750.9382019042969, 547.0559692382812, 789.8722991943359], "Font": {"alt_family_name": "Helvetica", "embedded": true, "encoding": "Identity-H", "family_name": "Helvetica", "font_type": "CIDFontType2", "italic": false, "monospaced": false, "name": "DAAAAA+Helvetica", "subset": true, "weight": 400}, "HasClip": true, "Page": 5, "Path": "//Document/L[9]/LI/LBody", "Text": "reforming the planning system at local and national level to place net zero at its heart ", "TextSize": 13.9949951171875}, {"Bounds": [40.5625, 739.4824066162109, 45.4375, 744.3574066162109], "ClipBounds": [40.5625, 739.4824066162109, 45.4375, 744.3574066162109], "Page": 5, "Path": "//Document/L[9]/LI[2]/Lbl/Figure", "attributes": {"BBox": [40.79829999999856, 739.5639999999839, 45.35819999999876, 744.1239999999816], "Placement": "Block"}}, {"Bounds": [54.23600769042969, 714.9382019042969, 541.8218383789062, 753.8722991943359], "ClipBounds": [54.23600769042969, 714.9382019042969, 541.8218383789062, 753.8722991943359], "Font": {"alt_family_name": "Helvetica", "embedded": true, "encoding": "Identity-H", "family_name": "Helvetica", "font_type": "CIDFontType2", "italic": false, "monospaced": false, "name": "DAAAAA+Helvetica", "subset": true, "weight": 400}, "HasClip": true, "Page": 5, "Path": "//Document/L[9]/LI[2]/LBody", "Text": "back at least one Trailblazer Net Zero City, local authority and community, with the aim for these places to reach net zero by 2030 ", "TextSize": 13.9949951171875}, {"Bounds": [39.25, 672.9383087158203, 364.7317352294922, 695.8901062011719], "ClipBounds": [39.25, 672.9383087158203, 364.7317352294922, 695.8901062011719], "Font": {"alt_family_name": "Helvetica", "embedded": true, "encoding": "Identity-H", "family_name": "Helvetica", "font_type": "CIDFontType2", "italic": false, "monospaced": false, "name": "EAAAAA+Helvetica-Bold", "subset": true, "weight": 700}, "HasClip": true, "Lang": "en", "Page": 5, "Path": "//Document/H2[10]", "Text": "5) Increasing transparency and engaging people ", "TextSize": 13.9949951171875, "attributes": {"LineHeight": 16.75, "SpaceAfter": 10.875}}, {"Bounds": [40.5625, 653.2324066162109, 45.4375, 658.1074066162109], "ClipBounds": [40.5625, 653.2324066162109, 45.4375, 658.1074066162109], "Page": 5, "Path": "//Document/L[10]/LI/Lbl/Figure", "attributes": {"BBox": [40.79829999999856, 653.2879999999714, 45.35819999999876, 657.9669999999751]}}, {"Bounds": [54.25, 645.1883087158203, 406.8260498046875, 667.6222839355469], "ClipBounds": [54.25, 645.1883087158203, 406.8260498046875, 667.6222839355469], "Font": {"alt_family_name": "Helvetica", "embedded": true, "encoding": "Identity-H", "family_name": "Helvetica", "font_type": "CIDFontType2", "italic": false, "monospaced": false, "name": "DAAAAA+Helvetica", "subset": true, "weight": 400}, "HasClip": true, "Page": 5, "Path": "//Document/L[10]/LI/LBody", "Text": "expanding the government\u2019s public reporting on net zero ", "TextSize": 13.9949951171875}, {"Bounds": [40.5625, 633.7324066162109, 45.4375, 638.6074066162109], "ClipBounds": [40.5625, 633.7324066162109, 45.4375, 638.6074066162109], "Page": 5, "Path": "//Document/L[10]/LI[2]/Lbl/Figure", "attributes": {"BBox": [40.79829999999856, 633.8479999999981, 45.35819999999876, 638.4079999999958], "Placement": "Block"}}, {"Bounds": [54.25, 593.4438171386719, 537.7632751464844, 648.1222839355469], "ClipBounds": [54.25, 593.4438171386719, 537.7632751464844, 648.1222839355469], "Font": {"alt_family_name": "Helvetica", "embedded": true, "encoding": "Identity-H", "family_name": "Helvetica", "font_type": "CIDFontType2", "italic": false, "monospaced": false, "name": "DAAAAA+Helvetica", "subset": true, "weight": 400}, "HasClip": true, "Page": 5, "Path": "//Document/L[10]/LI[2]/LBody", "Text": "ramping up public information through a new engagement plan, a new carbon calculator on the carbon cost of choices, and a standardised approach to ecolabelling on products ", "TextSize": 13.9949951171875}, {"Bounds": [40.5625, 581.2324066162109, 45.4375, 586.1074066162109], "ClipBounds": [40.5625, 581.2324066162109, 45.4375, 586.1074066162109], "Page": 5, "Path": "//Document/L[10]/LI[3]/Lbl/Figure", "attributes": {"BBox": [40.79829999999856, 581.2909999999974, 45.35819999999876, 585.9699999999721], "Placement": "Block"}}, {"Bounds": [54.25, 557.4439239501953, 548.8372497558594, 595.6222839355469], "ClipBounds": [54.25, 557.4439239501953, 548.8372497558594, 595.6222839355469], "Font": {"alt_family_name": "Helvetica", "embedded": true, "encoding": "Identity-H", "family_name": "Helvetica", "font_type": "CIDFontType2", "italic": false, "monospaced": false, "name": "DAAAAA+Helvetica", "subset": true, "weight": 400}, "HasClip": true, "Page": 5, "Path": "//Document/L[10]/LI[3]/LBody", "Text": "developing a Net Zero Charter mark, acknowledging \u2018best in class\u2019 among firms for their work in reaching net zero ", "TextSize": 13.9949951171875}, {"Bounds": [39.25, 514.6882934570312, 347.6718292236328, 537.6400909423828], "ClipBounds": [39.25, 514.6882934570312, 347.6718292236328, 537.6400909423828], "Font": {"alt_family_name": "Helvetica", "embedded": true, "encoding": "Identity-H", "family_name": "Helvetica", "font_type": "CIDFontType2", "italic": false, "monospaced": false, "name": "EAAAAA+Helvetica-Bold", "subset": true, "weight": 700}, "HasClip": true, "Lang": "en", "Page": 5, "Path": "//Document/H2[11]", "Text": "6) Delivering cleaner, cheaper, greener homes ", "TextSize": 13.9949951171875, "attributes": {"LineHeight": 16.75, "SpaceAfter": 10.5}}, {"Bounds": [40.5625, 495.73240661621094, 45.4375, 500.60740661621094], "ClipBounds": [40.5625, 495.73240661621094, 45.4375, 500.60740661621094], "Page": 5, "Path": "//Document/L[11]/LI/Lbl/Figure", "attributes": {"BBox": [40.79829999999856, 495.8539999999921, 45.35819999999876, 500.41399999998976], "Placement": "Block"}}, {"Bounds": [54.222015380859375, 471.1881866455078, 545.4745330810547, 510.1222839355469], "ClipBounds": [54.222015380859375, 471.1881866455078, 545.4745330810547, 510.1222839355469], "Font": {"alt_family_name": "Helvetica", "embedded": true, "encoding": "Identity-H", "family_name": "Helvetica", "font_type": "CIDFontType2", "italic": false, "monospaced": false, "name": "DAAAAA+Helvetica", "subset": true, "weight": 400}, "HasClip": true, "Page": 5, "Path": "//Document/L[11]/LI/LBody", "Text": "legislating for the Future Homes Standard, meaning no new homes will be built with a gas boiler from 2025, and for all homes sold to be EPC C by 2033 ", "TextSize": 13.9949951171875}, {"Bounds": [40.5625, 459.73240661621094, 45.4375, 464.60740661621094], "ClipBounds": [40.5625, 459.73240661621094, 45.4375, 464.60740661621094], "Page": 5, "Path": "//Document/L[11]/LI[2]/Lbl/Figure", "attributes": {"BBox": [40.79829999999856, 459.85599999999977, 45.35819999999876, 464.4149999999936], "Placement": "Block"}}, {"Bounds": [54.23600769042969, 419.4438171386719, 553.2977294921875, 474.1222839355469], "ClipBounds": [54.23600769042969, 419.4438171386719, 553.2977294921875, 474.1222839355469], "Font": {"alt_family_name": "Helvetica", "embedded": true, "encoding": "Identity-H", "family_name": "Helvetica", "font_type": "CIDFontType2", "italic": false, "monospaced": false, "name": "DAAAAA+Helvetica", "subset": true, "weight": 400}, "HasClip": true, "Page": 5, "Path": "//Document/L[11]/LI[2]/LBody", "Text": "adopting a 10-year mission to make heat pumps a widespread technology in the UK and legislate for the end of new and replacement gas boilers by 2033 at the latest ", "TextSize": 13.9949951171875}, {"Bounds": [40.5625, 407.98240661621094, 45.4375, 412.85740661621094], "ClipBounds": [40.5625, 407.98240661621094, 45.4375, 412.85740661621094], "Page": 5, "Path": "//Document/L[11]/LI[3]/Lbl/Figure", "attributes": {"BBox": [40.79829999999856, 408.0179999999964, 45.35819999999876, 412.69699999998556], "Placement": "Block"}}, {"Bounds": [54.25, 383.4381866455078, 478.5644226074219, 422.3722686767578], "ClipBounds": [54.25, 383.4381866455078, 478.5644226074219, 422.3722686767578], "Font": {"alt_family_name": "Helvetica", "embedded": true, "encoding": "Identity-H", "family_name": "Helvetica", "font_type": "CIDFontType2", "italic": false, "monospaced": false, "name": "DAAAAA+Helvetica", "subset": true, "weight": 400}, "HasClip": true, "Page": 5, "Path": "//Document/L[11]/LI[3]/LBody", "Text": "reforming EPC ratings to create a clearer, more accessible Net Zero Performance Certificate (NZPC) for households ", "TextSize": 13.9949951171875}, {"Bounds": [39.25, 341.43829345703125, 321.1372985839844, 364.3900909423828], "ClipBounds": [39.25, 341.43829345703125, 321.1372985839844, 364.3900909423828], "Font": {"alt_family_name": "Helvetica", "embedded": true, "encoding": "Identity-H", "family_name": "Helvetica", "font_type": "CIDFontType2", "italic": false, "monospaced": false, "name": "EAAAAA+Helvetica-Bold", "subset": true, "weight": 700}, "HasClip": true, "Lang": "en", "Page": 5, "Path": "//Document/H2[12]", "Text": "7) Capitalising on international leadership ", "TextSize": 13.9949951171875, "attributes": {"LineHeight": 16.75, "SpaceAfter": 11.625}}, {"Bounds": [40.5625, 321.73240661621094, 45.4375, 326.60740661621094], "ClipBounds": [40.5625, 321.73240661621094, 45.4375, 326.60740661621094], "Page": 5, "Path": "//Document/L[12]/LI/Lbl/Figure", "attributes": {"BBox": [40.79829999999856, 321.8609999999899, 45.35819999999876, 326.42099999998754], "Placement": "Block"}}, {"Bounds": [54.23600769042969, 281.4438018798828, 554.8231811523438, 336.1222686767578], "ClipBounds": [54.23600769042969, 281.4438018798828, 554.8231811523438, 336.1222686767578], "Font": {"alt_family_name": "Helvetica", "embedded": true, "encoding": "Identity-H", "family_name": "Helvetica", "font_type": "CIDFontType2", "italic": false, "monospaced": false, "name": "DAAAAA+Helvetica", "subset": true, "weight": 400}, "HasClip": true, "Page": 5, "Path": "//Document/L[12]/LI/LBody", "Text": "conducting a strategic review on the UK\u2019s international climate leadership and introduce environmental and climate protections in future free trade agreements, removing trade barriers to environmental goods and services ", "TextSize": 13.9949951171875}, {"Bounds": [39.25, 239.4382781982422, 336.7277374267578, 262.39007568359375], "ClipBounds": [39.25, 239.4382781982422, 336.7277374267578, 262.39007568359375], "Font": {"alt_family_name": "Helvetica", "embedded": true, "encoding": "Identity-H", "family_name": "Helvetica", "font_type": "CIDFontType2", "italic": false, "monospaced": false, "name": "EAAAAA+Helvetica-Bold", "subset": true, "weight": 700}, "HasClip": true, "Lang": "en", "Page": 5, "Path": "//Document/H2[13]", "Text": "8) Setting ourselves up for 2050 and beyond ", "TextSize": 13.9949951171875, "attributes": {"LineHeight": 16.75, "SpaceAfter": 11.625}}, {"Bounds": [40.5625, 219.73240661621094, 45.4375, 224.60740661621094], "ClipBounds": [40.5625, 219.73240661621094, 45.4375, 224.60740661621094], "Page": 5, "Path": "//Document/L[13]/LI/Lbl/Figure", "attributes": {"BBox": [40.79829999999856, 219.86499999999796, 45.35819999999876, 224.42499999999563], "Placement": "Block"}}, {"Bounds": [54.23600769042969, 179.4438018798828, 554.8091888427734, 234.1222686767578], "ClipBounds": [54.23600769042969, 179.4438018798828, 554.8091888427734, 234.1222686767578], "Font": {"alt_family_name": "Helvetica", "embedded": true, "encoding": "Identity-H", "family_name": "Helvetica", "font_type": "CIDFontType2", "italic": false, "monospaced": false, "name": "DAAAAA+Helvetica", "subset": true, "weight": 400}, "HasClip": true, "Page": 5, "Path": "//Document/L[13]/LI/LBody", "Text": "ramping up investment in research and development (R&D), with a new net zero R&D and technologies roadmap up to 2050, supporting up to 3 10-year demonstrator projects ", "TextSize": 13.9949951171875}, {"Bounds": [39.222015380859375, 87.93827819824219, 552.2367553710938, 174.8722686767578], "ClipBounds": [39.222015380859375, 87.93827819824219, 552.2367553710938, 174.8722686767578], "Font": {"alt_family_name": "Helvetica", "embedded": true, "encoding": "Identity-H", "family_name": "Helvetica", "font_type": "CIDFontType2", "italic": false, "monospaced": false, "name": "DAAAAA+Helvetica", "subset": true, "weight": 400}, "HasClip": true, "Lang": "en", "Page": 5, "Path": "//Document/P[15]", "Text": "Mr Skidmore was commissioned to lead his rapid review of the government\u2019s approach to delivering its net zero target by former Secretary of State for Business and Energy Jacob Rees-Mogg last September. It followed major changes to the economic and political landscape, with Russia\u2019s illegal invasion of Ukraine, historically high global energy prices and high inflation. ", "TextSize": 13.9949951171875, "attributes": {"LineHeight": 16.125, "SpaceAfter": 10.875}}, {"Bounds": [39.25, 28.688278198242188, 545.0518493652344, 83.37225341796875], "ClipBounds": [39.25, 28.688278198242188, 545.0518493652344, 83.37225341796875], "Font": {"alt_family_name": "Helvetica", "embedded": true, "encoding": "Identity-H", "family_name": "Helvetica", "font_type": "CIDFontType2", "italic": false, "monospaced": false, "name": "DAAAAA+Helvetica", "subset": true, "weight": 400}, "HasClip": true, "Page": 5, "Path": "//Document/P[16]/ParagraphSpan", "Text": "The Review is split into 2 parts, with the first part exploring the opportunity, and benefits to individuals and the economy, emphasising that the UK must go further and faster to realise economic benefits. The second part sets out a roadmap for ", "TextSize": 13.9949951171875}, {"Bounds": [39.23600769042969, 762.1940307617188, 531.0203247070312, 816.8724975585938], "ClipBounds": [39.23600769042969, 762.1940307617188, 531.0203247070312, 813.9801330566406], "Font": {"alt_family_name": "Helvetica", "embedded": true, "encoding": "Identity-H", "family_name": "Helvetica", "font_type": "CIDFontType2", "italic": false, "monospaced": false, "name": "DAAAAA+Helvetica", "subset": true, "weight": 400}, "HasClip": true, "Page": 6, "Path": "//Document/P[16]/ParagraphSpan[2]", "Text": "how government and industry can work to better exploit the opportunities and catalyse action in individual sectors of the economy, enhancing the role of local authorities, communities, and the individual to deliver the green transition. ", "TextSize": 13.9949951171875}, {"Bounds": [39.222015380859375, 654.1995391845703, 548.8919525146484, 757.6225891113281], "ClipBounds": [39.222015380859375, 654.1995391845703, 548.8919525146484, 757.6225891113281], "Font": {"alt_family_name": "Helvetica", "embedded": true, "encoding": "Identity-H", "family_name": "Helvetica", "font_type": "CIDFontType2", "italic": false, "monospaced": false, "name": "DAAAAA+Helvetica", "subset": true, "weight": 400}, "HasClip": true, "Lang": "en", "Page": 6, "Path": "//Document/P[17]", "Text": "The review was informed through a call for evidence and direct engagement with businesses, organisations, local government, academia and the public. The Net Zero Review travelled to all 4 nations of the UK, received over 1800 responses to the call for evidence, and heard evidence at more than 50 roundtables across the country, making it one of the largest engagement exercises on net zero delivery in the UK. ", "TextSize": 13.9949951171875, "attributes": {"LineHeight": 16.25, "SpaceAfter": 12.625}}, {"Bounds": [39.25, 631.0401916503906, 180.26560974121094, 645.4761962890625], "ClipBounds": [39.25, 631.0401916503906, 180.26560974121094, 645.4761962890625], "Font": {"alt_family_name": "", "embedded": true, "encoding": "Identity-H", "family_name": "", "font_type": "CIDFontType2", "italic": false, "monospaced": false, "name": "JAAAAA+_", "subset": true, "weight": 400}, "HasClip": true, "Lang": "en", "Page": 6, "Path": "//Document/P[18]", "Text": "Published 13 January 2023 ", "TextSize": 12.0, "attributes": {"LineHeight": 14.375, "SpaceAfter": 13.25}}, {"Bounds": [39.25, 597.1885986328125, 156.29019165039062, 620.1403961181641], "ClipBounds": [39.25, 597.1885986328125, 156.29019165039062, 620.1403961181641], "Font": {"alt_family_name": "Helvetica", "embedded": true, "encoding": "Identity-H", "family_name": "Helvetica", "font_type": "CIDFontType2", "italic": false, "monospaced": false, "name": "EAAAAA+Helvetica-Bold", "subset": true, "weight": 700}, "HasClip": true, "Lang": "en", "Page": 6, "Path": "//Document/H2[14]", "Text": "Explore the topic ", "TextSize": 13.9949951171875, "attributes": {"LineHeight": 16.75, "SpaceAfter": 14.875}}, {"Bounds": [39.25, 567.1885833740234, 474.47654724121094, 590.1403961181641], "ClipBounds": [39.25, 567.1885833740234, 474.47654724121094, 590.1403961181641], "Font": {"alt_family_name": "Helvetica", "embedded": true, "encoding": "Identity-H", "family_name": "Helvetica", "font_type": "CIDFontType2", "italic": false, "monospaced": false, "name": "FAAAAA+Helvetica-Bold", "subset": true, "weight": 700}, "HasClip": true, "Lang": "en", "Page": 6, "Path": "//Document/P[19]/Reference", "Text": "(<https://www.gov.uk/environment/climate-change-adaptation>)Climate change adaptation (/environment/climate-change-adaptation) ", "TextSize": 12.592498779296875, "attributes": {"LineHeight": 16.75, "SpaceAfter": 11.25}}, {"Bounds": [39.25, 516.1131896972656, 83.67634582519531, 536.764892578125], "ClipBounds": [39.25, 516.1131896972656, 83.67634582519531, 536.764892578125], "Font": {"alt_family_name": "Helvetica", "embedded": true, "encoding": "Identity-H", "family_name": "Helvetica", "font_type": "CIDFontType2", "italic": false, "monospaced": false, "name": "FAAAAA+Helvetica-Bold", "subset": true, "weight": 700}, "HasClip": true, "Page": 6, "Path": "//Document/P[20]/Reference/StyleSpan", "Text": "action) ", "TextSize": 12.592498779296875, "attributes": {"TextDecorationColor": [0.1098019999999984, 0.4352869999999882, 0.721572999999978], "TextDecorationThickness": 0, "TextDecorationType": "Underline"}}, {"Bounds": [39.25, 516.1131896972656, 541.75, 558.640380859375], "ClipBounds": [39.25, 516.1131896972656, 541.75, 558.640380859375], "Font": {"alt_family_name": "Helvetica", "embedded": true, "encoding": "Identity-H", "family_name": "Helvetica", "font_type": "CIDFontType2", "italic": false, "monospaced": false, "name": "FAAAAA+Helvetica-Bold", "subset": true, "weight": 700}, "HasClip": true, "Lang": "en", "Page": 6, "Path": "//Document/P[20]/Reference", "Text": "(<https://www.gov.uk/environment/climate-change-international-action>)Climate change international action (/environment/climate-change-international-", "TextSize": 12.592498779296875, "attributes": {"LineHeight": 20.25, "SpaceAfter": 18}}, {"Bounds": [39.23408508300781, 411.2939453125, 70.01589965820312, 423.7880401611328], "ClipBounds": [39.23408508300781, 411.2939453125, 70.01589965820312, 423.7880401611328], "Page": 6, "Path": "//Document/Figure[3]", "attributes": {"BBox": [39.238399999998364, 411.2579999999871, 69.9571999999971, 423.7369999999937], "Placement": "Block"}}, {"Bounds": [39.25, 363.93858337402344, 65.70054626464844, 386.37257385253906], "ClipBounds": [39.25, 363.93858337402344, 65.70054626464844, 386.37257385253906], "Font": {"alt_family_name": "Helvetica", "embedded": true, "encoding": "Identity-H", "family_name": "Helvetica", "font_type": "CIDFontType2", "italic": false, "monospaced": false, "name": "DAAAAA+Helvetica", "subset": true, "weight": 400}, "HasClip": true, "Page": 6, "Path": "//Document/P[21]/Reference/StyleSpan", "Text": "v3.0", "TextSize": 13.9949951171875, "attributes": {"TextDecorationColor": [0, 0, 0], "TextDecorationThickness": 0, "TextDecorationType": "Underline"}}, {"Bounds": [39.25, 363.93858337402344, 415.3835144042969, 402.87257385253906], "ClipBounds": [39.25, 363.93858337402344, 415.3835144042969, 402.87257385253906], "Font": {"alt_family_name": "Helvetica", "embedded": true, "encoding": "Identity-H", "family_name": "Helvetica", "font_type": "CIDFontType2", "italic": false, "monospaced": false, "name": "DAAAAA+Helvetica", "subset": true, "weight": 400}, "HasClip": true, "Lang": "en", "Page": 6, "Path": "//Document/P[21]/Reference", "Text": "(<https://www.nationalarchives.gov.uk/doc/open-government-licence/version/3/>)All content is available under the Open Government Licence , except where otherwise stated ", "TextSize": 13.9949951171875, "attributes": {"LineHeight": 16.5}}, {"Bounds": [441.2499694824219, 363.93858337402344, 560.2293701171875, 467.4201354980469], "ClipBounds": [441.2499694824219, 363.93858337402344, 560.2293701171875, 467.4201354980469], "Font": {"alt_family_name": "Helvetica", "embedded": true, "encoding": "Identity-H", "family_name": "Helvetica", "font_type": "CIDFontType2", "italic": false, "monospaced": false, "name": "DAAAAA+Helvetica", "subset": true, "weight": 400}, "HasClip": true, "Lang": "en", "Page": 6, "Path": "//Document/P[22]/Reference", "Text": "(<https://www.nationalarchives.gov.uk/information-management/re-using-public-sector-information/uk-government-licensing-framework/crown-copyright/>)\u00a9 Crown copyright ", "TextSize": 13.9949951171875, "attributes": {"LineHeight": 16.75, "SpaceAfter": 6.75}}], "pages": [{"boxes": {"CropBox": [0.0, 0.0, 594.9599609375, 841.9199829101562], "MediaBox": [0.0, 0.0, 594.9599609375, 841.9199829101562]}, "height": 841.9199829101562, "is_scanned": false, "page_number": 0, "rotation": 0, "width": 594.9599609375}, {"boxes": {"CropBox": [0.0, 0.0, 594.9599609375, 841.9199829101562], "MediaBox": [0.0, 0.0, 594.9599609375, 841.9199829101562]}, "height": 841.9199829101562, "is_scanned": false, "page_number": 1, "rotation": 0, "width": 594.9599609375}, {"boxes": {"CropBox": [0.0, 0.0, 594.9599609375, 841.9199829101562], "MediaBox": [0.0, 0.0, 594.9599609375, 841.9199829101562]}, "height": 841.9199829101562, "is_scanned": false, "page_number": 2, "rotation": 0, "width": 594.9599609375}, {"boxes": {"CropBox": [0.0, 0.0, 594.9599609375, 841.9199829101562], "MediaBox": [0.0, 0.0, 594.9599609375, 841.9199829101562]}, "height": 841.9199829101562, "is_scanned": false, "page_number": 3, "rotation": 0, "width": 594.9599609375}, {"boxes": {"CropBox": [0.0, 0.0, 594.9599609375, 841.9199829101562], "MediaBox": [0.0, 0.0, 594.9599609375, 841.9199829101562]}, "height": 841.9199829101562, "is_scanned": false, "page_number": 4, "rotation": 0, "width": 594.9599609375}, {"boxes": {"CropBox": [0.0, 0.0, 594.9599609375, 841.9199829101562], "MediaBox": [0.0, 0.0, 594.9599609375, 841.9199829101562]}, "height": 841.9199829101562, "is_scanned": false, "page_number": 5, "rotation": 0, "width": 594.9599609375}, {"boxes": {"CropBox": [0.0, 0.0, 594.9599609375, 841.9199829101562], "MediaBox": [0.0, 0.0, 594.9599609375, 841.9199829101562]}, "height": 841.9199829101562, "is_scanned": false, "page_number": 6, "rotation": 0, "width": 594.9599609375}]}