﻿,Survey  ,%  ,Total population  ,%  
"(A) - AGRICULTURE, FORESTRY AND FISHING  ",0  ,0%  ,0  ,0%  
(B) - MINING AND QUARRYING  ,0  ,0%  ,0  ,0%  
(C) - MANUFACTURING  ,6  ,22%  ,13  ,24%  
"(D) - ELECTRICITY, GAS, STEAM AND AIR CONDITIONING SUPPLY  ",0  ,0%  ,0  ,0%  
"(E) - WATER SUPPLY; SEWERAGE, WASTE MANAGEMENT AND REMEDIATION ACTIVITIES  ",0  ,0%  ,0  ,0%  
(F) - CONSTRUCTION  ,0  ,0%  ,3  ,6%  
(G) - WHOLESALE AND RETAIL TRADE; REPAIR OF MOTOR VEHICLES AND MOTORCYCLES  ,7  ,26%  ,9  ,17%  
(H) - TRANSPORTATION AND STORAGE  ,1  ,4%  ,1  ,2%  
(I) - ACCOMMODATION AND FOOD SERVICE ACTIVITIES  ,0  ,0%  ,0  ,0%  
(J) - INFORMATION AND COMMUNICATION  ,10  ,37%  ,13  ,24%  
(K) - FINANCIAL AND INSURANCE ACTIVITIES  ,0  ,0%  ,0  ,0%  
(L) - REAL ESTATE ACTIVITIES  ,0  ,0%  ,0  ,0%  
"(M) - PROFESSIONAL, SCIENTIFIC AND TECHNICAL ACTIVITIES  ",2  ,7%  ,8  ,15%  
(N) - ADMINISTRATIVE AND SUPPORT SERVICE ACTIVITIES  ,0  ,0%  ,1  ,2%  
(P) - EDUCATION  ,0  ,0%  ,0  ,0%  
(Q) - HUMAN HEALTH AND SOCIAL WORK ACTIVITIES  ,0  ,0%  ,1  ,2%  
"(R) - ARTS, ENTERTAINMENT AND RECREATION  ",0  ,0%  ,3  ,6%  
(S) - OTHER SERVICE ACTIVITIES  ,1  ,4%  ,2  ,4%  
Total number of awards  ,27  ,,54  ,
