﻿,Debt  ,Debt  ,Equity  ,Equity  ,CIOSIF  total  ,CIOSIF  total  
,Cases  ,%  ,Cases  ,%  ,Cases  ,%  
"The benefits would have happened anyway, over the same time period and at the same scale, without NPIF  ",0  ,0%  ,1  ,8%  ,1  ,5%  
"The benefits would have happened anyway, but they would have taken longer to achieve  ",3  ,38%  ,5  ,38%  ,8  ,38%  
"The benefits would have happened anyway, but on a smaller scale  ",3  ,38%  ,3  ,23%  ,6  ,29%  
None of these benefits would have happened  ,3  ,38%  ,4  ,31%  ,7  ,33%  
Don't know  ,0  ,0%  ,0  ,0%  ,0  ,0%  
Total  ,8  ,,13  ,,21  ,
