﻿,Debt  ,Debt  ,Equity  ,Equity  ,CIOSIF  Total  ,CIOSIF  Total  
,Cases  ,%  ,Cases  ,%  ,Cases  ,%  
Would have secured finance anyway – in same time and scale  ,1  ,13%  ,5  ,29%  ,6  ,24%  
Would have taken longer  ,0  ,0%  ,2  ,12%  ,2  ,8%  
Would have been less  ,0  ,0%  ,0  ,0%  ,0  ,0%  
Would have taken longer and been less  ,0  ,0%  ,2  ,12%  ,2  ,8%  
Probably would not have secured  ,3  ,38%  ,4  ,24%  ,7  ,28%  
Definitely would not have secured  ,4  ,50%  ,2  ,12%  ,6  ,24%  
Don't know  ,0  ,0%  ,2  ,12%  ,2  ,8%  
Total  ,8  ,,17  ,,25  ,
