﻿,Equity  ,Debt  ,Total  
Total jobs across survey sample  ,52  ,18  ,70  
Role of jobs created  ,
Directors and Senior Official  ,15%  ,6%  ,9  
Sales and Customer Service functions  ,29%  ,39%  ,22  
Research and Development  ,17%  ,0%  ,9  
"Production – administration and logistic functions e.g. Process, Plant and Machine Operatives/Service operatives  ",35%  ,39%  ,25  
Other  ,4%  ,17%  ,5  
Salaries of jobs created  ,
"Salaries or wages of less than £25,000 a year (before tax) – i.e. median nationally  ",23%  ,50%  ,21  
"Salaries or wages of more than £37,800 a year (before tax) – i.e. upper quartile nationally  ",33%  ,22%  ,21  
