﻿Firm name  ,Description  
Codices  ,"A technology company founded in 2018 as a spinout from Falmouth University’s Launchpad Incubator scheme. Now based in Penryn, it develops technologies that enable online broadcasters to monetise, manage and produce live interactive gameshows. It received two CIOSIF equity finance deals in 2019 and 2022, both valued at £250k. These were used to develop a new product and provide working capital for staff recruitment, training and marketing. Investments were also made in equipment to improve internal processes.  "
Bosena  ,"An independent film production company based in Penzance. It was founded in 2019 and currently has two employees. It received £40k debt finance from CIOSIF in 2021, which was used as working capital to finance costs of producing a film that was delayed due to Covid-19. It was also used for business development activities including sales and PR activities.  "
Logan Electronics  ,"A manufacturer of electronic cables and wiring assemblies for large scale manufacturing businesses. It has 25 employees and operates from Redruth serving clients across the UK. It was founded in 1988 and after an ownership change in 2017 began developing new products and services. In 2022, £250k of equity finance from CIOSIF was used to increase production capacity during a surge in demand for new services after pandemic restrictions. It also part-funded an upgrade to a larger, more efficient premises.  "
Triskel Marine  ,An analytics business that provides marine data management and processing services including delivering real-time updates on energy consumption of engines used in the marine industry. It was founded in 2003 and in 2018 underwent an MBO led by one of the founders and a partner. In 2021 it received £350k of debt finance from CIOSIF drawn down in two tranches. This was used as working capital to purchase new materials to increase supplies of its product in turn growing sales.  
Wildanet  ,"An independent broadband provider focused on providing superfast and reliable connections to rural Cornwall. It was established in 2017 and based in Liskeard. It secured two equity finance deals from CIOSIF of £750k (2019) and £600k (2020), which were used to support business growth (by financing an expansion of Wildanet’s broadband network), invest in assets and employ new staff.  "
