﻿STEP-1 What are the workforce trends and drivers and what are the Industry Challenges related to the emerging technology area? Are these clearly captured and agreed in strategies and roadmaps? Technology/ Industry Led 
STEP-2  ,What Capabilities are needed by Organisations to successfully address these challenges in the future? Using the strategies as a guide to structured discussions that define capability requirements within supply chains based on common underlying cross-sector descriptions.  ,Technology/ Industry Led 
STEP-3  ,Capability Validation & Prioritisation – Which capabilities are priority? How should the future capabilities be aligned with current and new roles? Working with employers and sector groups Capabilities are ranked and clustered.  ,Training/ Education Led 
STEP-4 ,"What Competencies does the Workforce need to enable organisational capability in the future? Using the capability requirements, ‘Expert Educators’ assisted by technologists and industry, identify future competencies at all levels of an organisation.  ",Employer Led 
STEP-5 ,Gap Analysis of Current Provision compared with future needs is used to propose action to be taken by Employers and Stakeholders. Future competency sets are evaluated against existing standards to identify changes required to meet future workforce requirements.  ,Training/ Education Led 
STEP-6 ,"Validation, Prioritisation and Promotion of recommendations for action. The final step in the process closes the loop back to industry, employers and sector groups to ensure alignment of workforce proposals with technology strategies. Feedback is also provided to Educators to inform revision and updating of qualifications and programmes of study.  ",Employers & Educators 
,Figure 5 : Foresight Process Steps  ,
