﻿Level 3  ,Coverage by Std of future set  ,Level 4  ,Coverage by Std of future set  
Engineering Technician -  ST0457  ,53%  ,AUTOMATION & CONTROLS ENGINEERING TECHNICIAN - ST0662  ,45%  
Maintenance & Operations Technician - ST0154  ,46%  ,Engineering Manufacture Technician - ST0841  ,29%  
Engineering design and draughtsperson - ST0164  ,34%  ,Data Analyst - ST0118  ,22%  
Digital Support Technician -  ST0120  ,31%  ,Process Leader - ST0695  ,16%  
Engineering Fitter - ST0432  ,26%  ,Software Developer -  ST0116  ,9%  
Metal fabricator - ST0607  ,21%  ,Cyber Intrusion Analyst -  ST0114  ,5%  
IT Solutions Technician -  ST0505  ,14%  ,,
Software Development Technician - ST0128  ,3%  ,,
