﻿Level 6  ,Coverage by Std of future set  ,Level 7  ,Coverage by Std of future set  
Control / Technical Support Engineer (Degree) -ST0023  ,31%  ,Process automation engineer - ST0407  ,45%  
Manufacturing Engineer - ST0025  ,28%  ,Post graduate engineer -  ST0456  ,38%  
Aerospace Software Engineer -ST0013  ,27%  ,Systems Engineer - ST0107  ,36%  
Aerospace Engineer -ST0010  ,22%  ,Digital Technology Solutions Specialist (Integrated Degree) - ST0482  ,34%  
Data Scientist -ST0585  ,20%  ,ARTIFICIAL INTELLIGENCE (AI) DATA SPECIALIST - ST0763  ,33%  
Digital Technology Solns Professional (Integrated Degree) -ST0119  ,13%  ,,
Cyber security technical professional (integrated degree) -ST0409  ,12%  ,,
