﻿Ref No  ,"Organisational Capability Statement - capability required by a business, department or team within a company.  ",TO  ,JE  ,SE  
1  ,Design & Implement automated material handling systems to reduce manual intervention  ,U  ,P  ,E  
2  ,Use automated material handling systems  ,P  ,P  ,U  
3  ,Maintain and update automated material handling systems  ,P  ,E  ,U  
4  ,Design and Implement rapid programming of autonomous robotics systems  ,U  ,P  ,E  
5  ,Maintain programming of autonomous robotics systems  ,U  ,E  ,E  
6  ,Use CAM tools to support digital manufacturing  ,U  ,P  ,E  
7  ,Design & Implement appropriate CAM tools to support digital manufacturing  ,U  ,P  ,E  
8  ,Design & Implement (AR/VR) assembly tools to support virtual verification and validation of production/assembly.  ,U  ,P  ,E  
9  ,Use digital (AR/VR) assembly tools for virtual verification and validation of production/assembly.  ,P  ,P  ,U  
10  ,Maintain and support digital (AR/VR) assembly tools.  ,P  ,E  ,U  
11  ,Design & Implement digital work instruction systems that integrate with wider enterprise management system.  ,U  ,E  ,E  
12  ,Use digital work instructions systems  ,P  ,E  ,U  
13  ,Maintain update/revise digitally based work instructions  ,U  ,P  ,E  
14  ,Define & Devise H&S requirements for automated processes and systems  ,U  ,P  ,E  
15  ,"Design & Implement relevant systems to simulate, monitor, control and support manufacturing & processing systems  ",U  ,P  ,E  
16  ,"Use relevant systems to simulate, monitor, control and support manufacturing & processing systems  ",P  ,E  ,U  
17  ,"Design & Implement reconfigurable, flexible & distributed manufacturing and assembly solutions.  ",U  ,P  ,E  
18  ,"Use reconfigurable, flexible & distributed manufacturing and assembly solutions.  ",P  ,E  ,U  
19  ,"Maintain reconfigurable, flexible & distributed manufacturing and assembly solutions.  ",U  ,P  ,U  
20  ,Use simulation-based process modelling tools  ,U  ,P  ,E  
21  ,Design & Implement suitable AI techniques to harvest data and automate NVA activities  ,U  ,P  ,E  
22  ,Design & Implement asset monitoring and management protocols to ensure effective utilisation  ,U  ,P  ,E  
23  ,Use asset management monitoring and management protocols to ensure effective utilisation  ,P  ,E  ,U  
24  ,Define & Devise data science and data management principles to manage information and exploit benefits from data generated.  ,U  ,P  ,E  
25  ,Design & Implement relevant data science and data management tools and techniques to support process monitoring  ,U  ,P  ,E  
26  ,Use defined data science and data management tools as part of process monitoring  ,P  ,P  ,E  
27  ,Define & Devise digital ethics for handling and use of sensitive data.  ,U  ,P  ,P  
28  ,Design & Implement clear digital leadership approaches at the appropriate levels to champion and establish digitalisation  ,U  ,P  ,E  
29  ,"Design & Implement distributed control architecture to ensure seamless machine integration, communication and control  ",U  ,P  ,E  
30  ,Use enterprise-wide data governance strategy to avoid ambiguity  ,U  ,U  ,E  
31  ,"Define & Devise enterprise management system and implementing appropriate systems and protocols such as ERP, MES and PLM  ",U  ,U  ,E  
32  ,Use enterprise strategy and risk management methodology to ensure business continuity  ,U  ,P  ,E  
33  ,Use integrated hardware and software manufacturing cells / systems  ,P  ,E  ,E  
34  ,Maintain integrated hardware and software manufacturing cells / systems  ,P  ,E  ,U  
35  ,Use IP Management strategies as a result of digitalisation  ,U  ,P  ,E  
36  ,Design & Implement Lifecycle Analysis to support more sustainable production processes  ,U  ,P  ,E  
37  ,Use Lifecycle Analysis tools to improve sustainability of production  ,U  ,P  ,E  
38  ,Design & Implement appropriate Product Lifecycle & Domain Knowledge Management approaches across design & manufacture.  ,U  ,P  ,E  
39  ,"Design & Implement security protocols at the right level for hardware, software and cyber without restricting digitalisation progress  ",U  ,U  ,E  
40  ,Use defined security protocols on hardware and software systems to maximise digitisation and maintain required cyber security.  ,U  ,P  ,P  
41  ,Design & Implement discrete event simulation and process simulation to support and guide production decision making.  ,U  ,P  ,E  
42  ,Use digital supplier capability analysis tools  ,U  ,P  ,E  
43  ,Design & Implement defined digital supplier visibility tools.  ,U  ,P  ,E  
44  ,Use digital processes and tools to ensure supply chain resilience  ,U  ,P  ,E  
45  ,Use digital tools and techniques for supply chain optimisation  ,U  ,P  ,E  
46  ,Use robust and intelligent fleet management systems  ,U  ,P  ,E  
47  ,"Use smart and automated inventory tracking, integrated with verticals within business units.  ",U  ,P  ,E  
48  ,Use sensors and protocols for material in-transit sensing  ,U  ,P  ,E  
49  ,Define & Devise the required architecture and hardware/software integration for material in-transit tracking  ,U  ,U  ,E  
50  ,Design & Implement connected equipment protocols to ensure seamless production capabilities  ,U  ,U  ,E  
51  ,Use connected equipment solutions to integrate production capabilities  ,U  ,P  ,E  
52  ,Maintain and support connected equipment systems  ,P  ,E  ,U  
53  ,Design & Implement digital metrology protocols and in process verifications to minimise physical intervention.  ,U  ,P  ,E  
54  ,Use digital metrology protocols and in process verification tools and techniques.  ,P  ,E  ,E  
55  ,Maintain digital metrology protocols and in process verifications tools/systems  ,E  ,P  ,U  
56  ,Design & Implement digital quality assurance tools and solutions  ,U  ,P  ,E  
57  ,Use digital quality assurance tools and solutions for product & Process improvement  ,P  ,E  ,U  
58  ,"Design & Implement Integrated sensors and appropriate management protocols for data, safety and reliability  ",U  ,P  ,E  
59  ,Use integrated sensors and data to undertake safety and reliability evaluations of production systems  ,P  ,E  ,U  
60  ,Design & Implement digital verification and validation methodologies for production processes  ,U  ,P  ,E  
61  ,Use digital verification and validation methodologies on production processes  ,P  ,E  ,U  
