﻿Democratise  access  ,"Allow people from across the organisation to participate in AI  implementation from the outset, and ensure everyone has the support needed to understand how the technology works. This will allow you to scale from a foundation of strength, experience and shared buy-in.  "
Let your employees know  what to expect  ,"Communicate your plans to implement AI and how you will help equip staff with the key skills they need. This will not only help employees better understand the learning opportunities available  to them, it will make them more engaged with the process.  "
Find champions through  self-selection &  empower them.  ,"The worst champions are “voluntold”, i.e. people that were told to take part, rather than proactively wanting to take part. Instead, seek people who are naturally interested and enthusiastic. Then give them all the support they need, while also allowing them to take a rest or step back, should they need to.  "
,
Develop a flexible learning and development program ,"Your employees are highly motivated to learn; giving them the freedom to choose which skills they cultivate is the best way to ensure participation in learning programs. Consider how to map flexible career development paths - and help guide employees in their selections, to ensure it works for them and for the business.  "
Assess your business ,"What does your skills mix look like in comparison to businesses at a similar stage of AI maturity, and those further ahead? Discover best practices for considering your approach to AI with Microsoft’s AI Business School, a free online masterclass designed for business leaders.  "
