﻿Outcome  ,Action Area 1  ,Action Area 2  
"Outcome 4  Across all sectors, there are more effective workforces, and fewer  local recruitment difficulties.  ","Co-produce with employers a skills and job redesign plan to tackle the challenge of replacement demand  as employees retire, including:  • Multi-agency approach to implementing the Fuller Working Lives principles   • Employers developing medium term workforce plans that include progression pathways and improve organisational resilience to changing market conditions    ","Improved understanding of job opportunities and links between employers, Jobcentre Plus and local employment support services, including:  • Provision of accessible and current Labour Market Information including sector    specific resources  • Pilot work-readiness assessment framework (for self-assessment and facilitated use) for multi-agency and employer use   • Targeted information and support that contributes to improving the inclusiveness of the labour market    "
Performance Measures  ,"• Proportion of population with no qualifications   • Employment rate gaps by locality, gender, ethnicity, disability and age    "
Contextual Measures  ,• Proportion of employers reporting hard to fill vacancies  
Outcome 5  Employers are investing  significantly more in the quality  and quantity of the skills of their workforce  ,• Enhanced management and leadership skills provision for SMEs   • Develop appropriate bespoke interventions for employers of all sizes   • Testing a business mentoring scheme to support SMEs through engagement of local business leaders    ,"Use collective commissioning  power of public bodies in the City Region to deliver social value commitments, including:  • Supporting delivery of the SfGA, establish single point of contact for employers trying to source skills provision, backed up by independent advice on the match between needs and provision   • Development of on-site, location    specific or sector specific skills  brokerage support that also enables shared solutions across businesses  • Provide flexible and adaptable    training programmes which allow employers to upskills employees in non traditional ways  • Improve provision of work experience and work placements    "
Performance Measures  ,• Number of Apprenticeships starts   • Starts on Higher/ Degree Apprenticeships    
Contextual Measures  ,• Employer investment in workforce development  
