﻿Outcome  ,Headline Evidence  
"Outcome 1  Higher percentage of our young people with good attainment in English, Maths and digital skills - and high levels of work readiness  ","Skills/qualifications gaps with England narrowed but  remain, and persistently high NEET rates  "
Outcome 2  Higher percentage of working age population employed and good quality jobs higher percentage of all jobs  ,Persistent large gaps in worklessness and economic inactivity rates versus national levels  
"Outcome 3  Across the key growth sectors, there is higher productivity and lower incidence of skills shortages  ",Existing employees left to pick up the slack when jobs  remain unfilled or work lost  
Outcome 4  Across all sectors there are more effective workforce  + fewer local recruitment difficulties  ,Employers already report unfilled vacancies due to lack of suitably qualified candidates  
Outcome 5  Employers investing much more in quality and quantity of skills of their workforce  ,Fewer than one in five firms invest in existing workforce or are willing to train up less qualified recruits  
"Essential Systems Change  Much simpler systems and more joined up support processes, driven by stable funding and characterized by clarity, inclusivity and responsiveness  ",Persistent and across the board complaints from individuals and employers trying to access complex education and skill system  
