﻿Extent of Social Partner Involvement in Education and Training Systems  
Social partners define and manage the training system  ,"Austria, Denmark, Germany, Iceland, Italy, Netherlands  "
Social partners contribute to the definition of the training system  ,"Belgium, Canada (AB), Canada (BC), Finland, France, Japan, Luxembourg, Mexico, Norway, Poland, Slovenia, Switzerland, Turkey  "
Social partners have a consulting role  ,"Canada (QC), Czech Republic, Estonia, Greece, Ireland, Israel, Latvia, Lithuania, New Zealand, Portugal, Slovak Republic, Spain, Sweden  "
Other  ,"Australia, Hungary, United Kingdom, United States  "
