﻿,,PHASE 1: 2018 SHORT-TERM  ,,,,,PHASE 2: MEDIUM-TERM  ,,,PHASE 3: LONG-TERM VISION  
,,Q1  Q2  ,Q3  ,Q4  ,Q1  ,Q2  Q3  Q4  ,2020  ,2021  ,2022  
External Environments  ,Industrial Strategy  ,"Alignment with Clean Growth Strategy  IB embedded in Clean Growth Strategy implementation plans  Alignment with Bioeconomy Strategy  IB embedded in Bioeconomy Strategy implementation plans  Identification of key UK IB stakeholder contacts (across the political landscape)  Coherent vision for UK IB communicated and understood,  Monitor and report potential implications/identify opportunities arising from wider government policy actions, e.g. Bioeconomy Sector Deal, Brexit  ",,,,,Coordination with relevant delivery partners to ensure that UK IB delivers against other national/ regional strategies  ,,Alignment after General Election  ,Consensus on a consistent long-term policy landscape that supports IBBE  
,Bioeconomy Sector  
,Wider Policy Landscape  ,,,,,, particularly across EU  
,Monitoring  ,,,,,,Continue to monitor and report potential implications/identify opportunities arising from wider government policy actions  
Funding & Access to Finance  ,Funding  ,"Revise generic research call regulations to include the strategic  Dedicated IB funding to support translation  Support for a small number of academic-industry strategic demonstration projects (£10-£50m) a specific ISCF call  Database of investors in IB arena. Build relationship with global VCs  IBLF & NIBB respond to the current BEIS Patient Capital Review  Work with IB policy makers to promote IB  Learn lessons from international Bioeconomy/IB strategies  Continuity of provision for BDC, BioPilots, NIBB  ",,,,,Development of UK Plc ‘Equity’ loans  ,,,Supportive financial environment that recognises the potential of IBBE for driving growth & innovation  
,Finance  ,,,,,,Demonstration and commercialisation of technologies arising from dedicated IB translation funding  Coordination with policymakers and funders to ensure continuity of research priorities and support through finance is maintained through implementation phase of UK exit from EU and beyond  
,Policy  
,Overcoming Barriers  ,,,,,,Foster innovation by expanding long term capital  
Infrastructure and Regional Footprint  ,Strategy  ,IBLF  Identify long term UK-wide infrastructure IB strategy  Collate and promote UK facilities  Expand IBLF to include infrastructure sub group  Dedicated pump priming/ confidence building funding  UKRI & IUK improve financial support to SMEs for accessing existing infrastructure  ,,,,,BEIS and UKRI modular manufacturing feastibility study   establishes a panel of experts in IB advanced manufacturing available to support SME use of infrastructure  ,,,IBBE is a major contributor to clean economic growth across all regions of the UK  
,Community Expansion  
,Accessibility  ,,,,,,,Establish & evalute modular manufacturing pilot in at least 2 UK regions  
"Trade, Inward Investment & Commercialisation  ",IB Sector Partnerships  ,"Promote success stories in IB sector through curated case studies to demonstrate ROI  Establish IBLF panel of IB commercialistion industry experts to advise SMEs  UKRI scopes feasibility & benefit to UK Plc of exporting UK scientific expertise - borderless value chain  UKRI, IBLF, NIBB & DIT scope international export markets, followed by trade delegations  Large companies help SME to leverage international funding  Identify & incentivise future indigenous anchor businesses to engage in government policy development  ",,,,,Promote UK as a cost-effective Innovation hub  ,,,UK is an international IBBE innovation hub 
,Global Opportunity  
,Large Companies  ,,,,,,Encourage FDI and indigenous investment in innovative science and technology  
