﻿,,PHASE 1: 2018 SHORT-TERM  ,,,,,PHASE 2: MEDIUM-TERM  ,,PHASE 3: LONG-TERM VISION  
,,Q1  Q2  ,Q3  ,Q4  ,Q1  ,Q2  Q3  Q4  ,2020  ,2021  2022  
Regulations & Standards  ,Simplification  ,"Review existing regulatory frameworks. Assess post-Brexit implications & adjust UK regulatory landscape accordingly  Simplify GMDI labelling  Establish ‘Regulation for Innovation’ working group so that regulations match advances in capability  Utilising regulation to IB advantage e.g. bio-prefered programme  UK regulatoryframeworks are recognized as robust and support risk aware innovation  BEIS & DIT promote the UK’s support for innovation  Examine where informed rish management techniques can be implemented with respect to emerging technologies  Develop strategy for legislation of new materials and safety of IB ingredients  Support businesses to navigate regulatory requirements, especially SME’s  "
,Alignment with Innovation  
,Risk Management  
,SME Support  
Skills  ,In HEIs  ,Document and evaluate current training provision and best practice  ,,,"Develop proposal for IB degree apprencticeships, via Catapults  ",,Develop comprehensive road map of routes to IB careers with case studies  ,,IBBE sectory is recognized as an attractive career option for highly skilled bioscientists and engineers  
,In Industry  ,Industry up-skilling and cross-skilling strategy  Career guidance resources  ,,,UKRI & NIBB establish a programme for seconding early career academics into industry  
,Cross-sector  ,,,,Develop industry-recognised validation scheme for IB training  
Communication  ,Government/ Policy Makers  ,"High profile endorsement by industry Champion/Influencer  Work with e.g. BIA, BBIA  Delegation to IB World Congress  IB Pitch event II IB Pitch event  ",,,,,"Develop brand and communication channels, e.g Great British Biotech Youtube channel, videos of pitches for investors, case studies  Wider  society is well informed and supportive of RRI in IBBE  "
,Investors  
,IB Community  ,Awareness of funding available  ,,IBLF fund permanent co-ordinator for IBBE  ,,One IBLF member to be sponsor for each NIBB Phase II  
,Society  ,Develop a strategy for targeting masses  ,,Celebrity IB Champion  ,,Public Advertisements  
,Resources  ,Develop simple unifed materials to promote benefits of IB  ,,New IBLF website including public outreach and media resources  
