﻿Table 5: Digital skills in non-digitally dependent job functions  Job Function Name  ,Analytics  ,CRM  ,Digital Marketing & Advertising  ,Game Development  ,General  ,Product / Project Management  ,Software / Cloud  ,UX &  Design  
Accounting ,1  ,,,,5  ,,,
Administrative  ,2  ,,1  ,,6  ,,,
Arts and Design  ,1  ,,4  ,3  ,5  ,3  ,9  ,8  
Business Development  ,1  ,3  ,2  ,,5  ,1  ,2  ,
Customer Success & Support  ,3  ,6  ,4  ,,8  ,,6  ,
Education  ,9  ,,1  ,,4  ,,1  ,
Finance  ,12  ,,,,6  ,,2  ,
Healthcare Services  ,2  ,,1  ,,5  ,,,
Human Resources  ,2  ,,6  ,,5  ,,,
Legal  ,5  ,,,,5  ,,,
Media and Communication  ,1  ,1  ,13  ,,9  ,1  ,2  ,
Operations  ,6  ,3  ,2  ,,6  ,2  ,2  ,
Program & Project Management  ,1  ,,2  ,,4  ,11  ,6  ,1  
Sales  ,4  ,3  ,10  ,,11  ,2  ,5  ,
