﻿,2019/20  ,2020/21  ,2021/22  ,2022/23  
"Agriculture, Horticulture and Animal Care  ",2.00%  ,2.00%  ,2.40%  ,2.50% 
"Arts, Media and Publishing  ",Low  ,Low  ,0.50%  ,0.50%  
"Business, Administration and Law  ",28.30%  ,29.00%  ,25.20%  ,25.20%  
"Construction, Planning and the Built Environ-ment  ",9.30%  ,9.00%  ,11.50%  ,11.40%  
Education and Training  ,2.40%  ,3.00%  ,2.90%  ,2.80%  
Engineering and Manufacturing Technologies  ,19.40%  ,13.00%  ,16.90%  ,17.60% 
"Health, Public Services and Care  ",19.60%  ,26.90%  ,23.30%  ,23.40%  
"History, Philosophy and Theology  ",no data  ,no data  ,low  ,low 
Information and Communication Technology  ,5.30%  ,6.00%  ,5.80%  ,7.20%  
"Leisure, Travel and Tourism  ",1.70%  ,1.00%  ,1.30%  ,1.20%  
Retail and Commercial Enterprise  ,11.50%  ,9.50%  ,9.90%  ,7.90%  
Science and Mathematics  ,low  ,low  ,low  ,low  
Social Sciences  ,low  ,low  ,low  ,low  
