﻿Job Function  ,"Table 3: Growth score by job function, top five  Job Name  ",Growth Score Rank (within function)  
Engineering  ,Data Scientist  ,1 
Engineering  ,Full Stack Engineer  ,2  
Engineering  ,Software Engineer  ,3  
Engineering  ,Engineering Manager  ,4  
Engineering  ,Mechanical Engineer  ,5  
IT  ,Data Analyst  ,1 
IT  ,Data Engineer  ,2  
IT  ,Information Technology Technician  ,3 
IT  ,Technical Support Technician  ,4  
IT  ,Technical Support Engineer  ,5  
Marketing  ,Brand Associate  ,1  
Marketing  ,Social Media Manager  ,2  
Marketing  ,Marketing Assistant  ,3  
Marketing  ,Social Media Coordinator  ,4  
Marketing  ,Digital Marketing Consultant  ,5  
Research  ,Laboratory Assistant  ,1  
Research  ,Ecologist  ,2  
Research  ,Business Analyst  ,3  
Research  ,Business Intelligence Analyst  ,4 
Research  ,Laboratory Scientist  ,5  
