﻿Total UK  ,0.41%  ,0.39%  ,0.21%  ,-0.07%  
Local Area  ,Research  ,Engineering  ,Marketing  ,IT 
Aberdeen And North East  ,13.29%  ,-15.25%  ,21.24%  ,1.12%  
Bournemouth And Christchurch And Poole  ,11.52%  ,8.68%  ,14.31%  ,1.59%  
Brighton and Hove And East Sussex  ,1.54%  ,5.34%  ,14.02%  ,2.78% 
Bristol  ,-0.79%  ,8.28%  ,5.58%  ,1.78%  
Buckinghamshire  ,10.93%  ,8.82%  ,-0.16%  ,-16.26%  
Cambridgeshire And Peteborough  ,1.83%  ,-3.80%  ,6.33%  ,-3.00%  
Cardiff  ,-7.16%  ,15.72%  ,8.91%  ,14.44%  
Cheshire And Warrington  ,7.34%  ,-5.69%  ,11.45%  ,-7.64%  
Cornwall With Plymouth  ,33.71%  ,15.77%  ,8.25%  ,9.48%  
Derby And Derbyshire  ,-8.76%  ,-0.52%  ,21.62%  ,0.75%  
Devon  ,21.59%  ,17.25%  ,19.12%  ,14.65%  
Durham And Tyne and Wear  ,12.05%  ,5.77%  ,3.39%  ,-6.20%  
Edinburgh And Lothians  ,5.73%  ,20.23%  ,15.11%  ,-0.14%  
Essex And Southend on Sea And Thurrock  ,1.89%  ,7.92%  ,8.98%  ,-3.57%  
Glasgow And Strathclyde  ,17.21%  ,10.22%  ,9.58%  ,1.03%  
Gloucestershire  ,-5.84%  ,7.64%  ,14.28%  ,-3.35%  
Greater Lincolnshire  ,35.75%  ,1.71%  ,3.63%  ,-1.09%  
Greater Manchester  ,15.82%  ,6.28%  ,7.98%  ,2.43%  
Hampshire  ,0.40%  ,-1.63%  ,17.11%  ,-5.65%  
Hertfordshire  ,8.76%  ,3.19%  ,8.69%  ,-5.06%  
Highland And Islands  ,13.35%  ,4.82%  ,6.34%  ,24.24%  
Hull And East Yorkshire  ,17.28%  ,6.67%  ,-7.18%  ,5.31%  
Kent And Medway  ,1.11%  ,1.16%  ,15.87%  ,-2.50%  
Lancashire And Cumbria  ,15.42%  ,-0.38%  ,17.64%  ,-3.12%  
Leicester And Leicestershire  ,13.98%  ,-2.67%  ,-1.75%  ,-0.79%  
Liverpool City Region  ,14.89%  ,-0.47%  ,6.93%  ,-2.40%  
London  ,5.04%  ,10.84%  ,5.52%  ,-1.69%  
Luton And Bedfordshire  ,31.12%  ,13.96%  ,16.28%  ,-12.75%  
Mid And North Wales  ,-9.84%  ,3.20%  ,16.62%  ,4.66%  
Milton Keynes  ,18.43%  ,9.02%  ,-3.25%  ,-11.36% 
Norfolk  ,23.44%  ,-1.67%  ,34.22%  ,-3.28%  
Northamptonshire  ,5.55%  ,2.47%  ,12.54%  ,1.48%  
Northern Ireland  ,11.61%  ,9.92%  ,-0.43%  ,10.22%  
Northumberland And Tyne And Wear  ,26.00%  ,0.99%  ,6.21%  ,-8.85%  
Nottingham And Nottinghamshire  ,6.43%  ,13.45%  ,6.45%  ,3.09%  
Oxfordshire  ,10.59%  ,4.20%  ,1.61%  ,-5.59%  
Scotland South  ,-18.18%  ,11.34%  ,-2.15%  ,-5.59%  
Solent  ,-1.46%  ,6.63%  ,2.42%  ,5.37%  
Somerset  ,8.30%  ,5.68%  ,15.25%  ,-5.68%  
South Wales  ,19.53%  ,-4.74%  ,12.45%  ,3.16%  
South Yorkshire  ,-3.76%  ,0.64%  ,15.08%  ,6.59%  
Stoke on Trent And Staffordshire  ,19.44%  ,3.77%  ,9.15%  ,-4.06%  
Suffolk  ,6.24%  ,11.145  ,7.11%  ,3.50%  
Surrey  ,16.69%  ,2.45%  ,7.77%  ,-14.42%  
Swindon And Wiltshire  ,-1.03%  ,12.24%  ,13.01%  ,-0.63%  
Tayside And Central And Fife  ,19.30%  ,-5.45%  ,29.80%  ,15.19%  
Tees Valley  ,28.26%  ,-10.20%  ,20.76%  ,4.39% 
The Marches  ,9.28%  ,-8.49%  ,8.87%  ,-9.46%  
Warwickshire  ,10.93%  ,-3.55%  ,16.23%  ,4.10%  
West Midlands  ,10.76%  ,-1.92%  ,12.17%  ,-2.29%  
West Sussex  ,2.60%  ,1.10%  ,8.65%  ,1.00%  
West Yorkshire  ,3.72%  ,4.80%  ,11.84%  ,-5.14%  
Worcestershire  ,12.80%  ,7.73%  ,10.96%  ,3.18%  
York And North Yorkshire  ,1.53%  ,-3.80%  ,17.70%  ,-0.60%  
