﻿Table 6: Digital skills in all jobs  Job Function Name  ,Rate of Jobs with Digital Skills 
Accounting  ,62% 
Administrative  ,100%  
Arts and Design  ,66%  
Business Development  ,93%  
Customer Success and Support  ,95%  
Education  ,61%  
Engineering  ,96% 
Finance  ,54%  
Healthcare Services  ,29% 
Human Resources  ,44%  
Information Technology  ,98% 
Legal  ,44%  
Marketing  ,97%  
Media and Communication  ,76%  
Operations  ,60%  
Program and Project Management  ,100% 
Research  ,92%  
Sales  ,78% 
OVERALL  ,71%  
