﻿Diversity (in the workforce)  ,"Recognising difference in employees. Acknowledging the benefits of having multiple voices in an organisation and a representative workforce (CIPD, 2021).  "
Inclusion (in the workforce)  ,"Valuing differences in employees and creating a workforce where everyone belongs without having to conform. Inclusive environments allow everyone to perform to their full potential and work together effectively (CIPD, 2021).  "
Equality  ,"Treating everyone the same. An equality emphasis often ignores historical and structural factors that benefit some social groups/ communities and harms other social groups/communities (YWCA, 2016).  "
Equity  ,"Giving everyone what they need to be successful. An equity emphasis seeks to consider structural factors that benefit some social groups/communities and harms other social groups/communities (YWCA, 2016).  "
Intersectionality  ,"Coined by Kimberlé Crenshaw (1989) to describe the complex, cumulative way in which the effects of multiple forms of discrimination (such as racism and sexism) combine, overlap, or intersect especially in the experiences of marginalised individuals or groups (Merriam-Webster, 2020).  "
LGBTQ+  ,"Lesbian, Gay, Bisexual, Transgender, Lesbian, gay, bisexual, transgender, queer (or sometimes questioning), and other sexual and gender minorities.  "
Minoritised  ,"A community of people whose access to institutional and structural power has been severely limited regardless of the size of the population. As a result, the community is constantly being disenfranchised and disempowered by the Majoritised population  (YWCA, 2016).  "
NS-SEC  ,National Statistics Socio-Economic Classification.  
Protected characteristic  ,"The Equality Act 2010 sets out nine ‘protected characteristics’ (EHRC, 2020). It is illegal to discriminate against someone on these grounds, except in the case of specific exemptions such as religious tradition.  "
SOC  ,Standard Occupational Classification.  
STEM  ,"Throughout this report this acronym is used to refer to the science, technology, engineering, maths, and health workforce.  "
STEMM  ,"Respondents to the inquiry used this acronym to refer to the science, technology, engineering, maths and medicine workforce.  "
Systemic/Structural inequality or inequity  ,"Inequality or inequity that is built into all levels of society and social structures, through the education system to the workforce.  "
Underrepresented  ,A subset of a population that holds a smaller percentage within a significant subgroup than the subset holds in the general population.  
Working culture  ,"Work culture is a collection of attitudes, beliefs and behaviours that make up the regular atmosphere in a work environment (Indeed, 2021).  "
