﻿Ambition  ,Action  
To develop affordable space for new start-ups to establish and grow their companies.  ,"By learning from best practice internationally, build a business case for a dedicated Bioeconomy Accelerator space that meets the growing need for affordable lab and office space for biotechnology start-ups supported by technical and business advice, links to investors and access to talent.  "
"To develop an integrated development route from genome assembly and strain engineering through to pilot plant scale, allowing companies to seamlessly transition between facilities.  ","To ensure delivery of the Net Zero Accelerator programme, which incorporates facilities for product development via cell engineering and bioprocess research and development through to initial scale-up, alongside business support.  "
To increase scale-up facility provision in Scotland enabling growing companies to demonstrate the viability of their processes at pilot scale.  ,"To ensure delivery of a Bioeconomy Accelerator Pilot Plant, seeded by funding secured via the Falkirk Growth Deal, to enable companies to de-risk business plans and secure the significant investment needed to get to market.  "
Support the development of biotech enabled carbon utilisation to drive net zero ambitions.  ,Ensure integration of the Bioeconomy Ac-celerator Pilot Plant with the Carbon Dioxide Utilisation Centre at the Sustainable Chemicals Campus to enable renewables-powered bio-technology-based carbon capture to manufac-ture high value products.  
