﻿Ambition  ,Action  
Increase adoption of biotechnology across Scottish industries to grow the bioeconomy and support the drive towards net zero  ,Continue funding of IBioIC as a vehicle to promote the benefits of adopting biotechnology across multiple industries.  
"Support the greening of existing and new supply chains through biotechnology, including more local and circular solutions.  ","Work with industry, government, and enterprise agencies to develop more sustainable supply chains and create a standard approach for assessing carbon impact of full value chains, driving the change to net zero.  "
Enhance the wider public understanding and acceptance of IB.  ,"Drive broader and deeper engagement with key stakeholders and public facing trusted organisations, increasing public awareness, and encouraging a positive opinion of IB technology.  "
Position companies utilising biotechnology as attractive inward investment opportunities for Scotland.  ,Work with government and enterprise agencies to develop a compelling proposition to promote Scotland as the go-to destination to incubate and grow bioeconomy businesses to scale.  
Help companies access finance to support their innovation journeys.  ,"Looking at best practice, design and deliver an accelerator programme to enable companies to secure investment.  "
