﻿Ambition  ,Action  
"Provision of up-to-date data for industry on the quantities, composition and location of usable biomass or waste appropriate for conversion to high value products via IB.  ",Refresh and enhance the Bioresource Mapping Tool regularly to capture the six key resource streams.  
Provide scale-up capabilities available to support the transition from R&D to manufacturing and de-risk larger scale investment.  ,Continue to grow IBioIC’s Scale-Up Centre capability and establish a further Bioeconomy Accelerator Pilot Plant at Grangemouth.  
"Work closely with carbon-intensive regions in Scotland to provide sustainable manufacturing solutions, contributing to net zero carbon targets.  ",Engage with relevant city growth deals and key regional initiatives such as the Grangemouth Future Industry Board to transition major petrochemical clusters and carbon-intensive industries and support proposed innovation and infrastructure projects in these clusters.  
Grow IB opportunities based on bioresource feedstocks to develop new supply chains across related sectors.  ,"Apply the bio-based manufacturing expertise developed in IB across wider sectors such as advanced therapies, pharmaceuticals, textiles and food and drink.  "
Develop an indigenous sustainable supply chain of sugar beet to form the foundations of Scotland’s future bio-based manufacturing sector.  ,"Continue to drive all stakeholders – agriculture, manufacturing, finance and government – to-wards creation of sugar beet agriculture and associated infrastructure.   "
