﻿Ambition  ,Action  
"Develop education pathways with clear progression routes and career options, supporting the creation of a diverse workforce.  ","Establish a Biotechnology Skills Advisory Board to recognise industry needs, identify gaps in skills and training, develop education pathways and promote equality, diversity and inclusion.  "
Greater engagement and education around the possibilities of biotechnology.  ,Broaden engagement with STEM activity through the expansion of the RAiSE scheme and the UK Innovation Skills Transition Centre to raise awareness of IB as a technology and career option.  
Increase uptake in skills training relative to technician roles.  ,Promote more broadly the opportunities in modern and foundation apprenticeships and HND courses to address the technician-level skills shortage.  
Support the workforce to upskill and reskill enabling transition into new green jobs.  ,Develop CPD courses to support lifelong learn-ing aligned with industry skills needs and engage with the appropriate growth and city deals.  
Support companies with skills development to enable net zero ambitions.   ,Develop a suite of tools for life cycle analy-sis that can be embedded within the industry alongside appropriate skills training and sup-port.  
