﻿Ambition  ,Action  
Clearly articulate and champion the application of IB in the decarbonisation of products and services.  ,"IBioIC to continue to be the key advocate and champion for IB in Scotland, raising its profile internationally and being the single point of contact for all stakeholders.  "
"Accelerate the adoption of IB across multiple sectors to improve their sustainability and longer-term growth, while achieving the end goal of net zero.  ",Continue to broker and fund collaborative partnerships that can deliver biotechnology solutions to meet the pre-competitive needs of industry.  
"Build mechanisms that can generate new collaborations which facilitate value chains, business growth and new market opportunities for biotechnology.   ","Create an online tool that maps IB supply chains and enables companies to identify potential suppliers and customers, optimising new supply chains.  "
"Communicate the benefits and values of IB, ensuring practitioners can clearly articulate the benefits of applying biotechnology in industry.  ","Nurture communication between sectors to enable the exchange of new ideas that help to improve business efficiency and de-risk new product development, using case studies to articulate benefits and value.  "
Create an entrepreneurial environment with the skilled talent pool needed to drive business creation and growth.  ,Secure talent for growth through continued investment in skills and training.  
Enable companies to measure and reduce emissions associated with their innovations during development.  ,"Develop expertise and tools to support compa-nies and enable them to measure, benchmark and reduce their emissions and other environ-mental impacts.  "
