﻿Ambition  ,Action  
"All IB active organisations to make net zero commitments, showing their dedication to meeting the Scottish Government’s net zero targets for 2045.  ","Engage and support IB active organisations encompassing the industry, business, public sector, research communities, and further education, to make their net zero commitments public.  "
Promote greener public procurement and drive change in supply chains.  ,"Explore international examples of successful use of policy levers to change behaviours and work with UK Government, Scottish Government and Local Authorities to consider measures to promote bio-based products.  Work collaboratively with industry to create industry standards supporting bio-based labelling.  "
Enhance the wider public understanding and acceptance of IB.  ,"Drive broader and deeper engagement with key stakeholders and public facing trusted organisations, increasing public awareness, and encouraging a positive opinion of IB technology.   "
Ensure Scotland has a positive policy environment to grow bio-based businesses and increase trade and investment for the benefit of the economy.  ,IBioIC’s new Policy Forum will work with the Scottish Bioeconomy Council to inform Scottish Government policy ensuring it is supportive of IB and provides knowledge-based decision making.  Partner with SDI to engage with the global private investor community to increase inward investment in IB projects in Scotland.  
To make life-long careers in IB more attractive.  ,Support the Scotland-wide policy for increasing green jobs as part of a just transition and sup-port the industries and economies of the future while ensuring there is appropriate skills and training policy provision.  
