﻿2019 Strategy action  ,Progress  
Opportunity Area to improve education in Fenland and East Cambridgeshire  ,In progress – received additional year of funding from DfE – want to make more progress on skills and market towns  
"Skills brokerage service and strong early engagement between businesses and providers including in careers advice with targeted support on STEM, T Levels, employer outreach, work readiness and careers pilots  ",Achieving – skills brokerage service launched in February 2021 as part of Growth Works  
"Apprenticeship Levy pooling to improve access for SMEs, and provide placements through sector academy apprenticeship hubs across the area  ","Achieving – apprenticeship Levy pooling mechanism in place, CPCA Skills, Training, Apprenticeship and Recruitment Hub in place  "
Connect local businesses in key sectors to the Digital Talent Portal for greater visibility of talent for employers and attracting young people to jobs through social media  ,Achieving – digital talent portal launched as part of Growth Works  
"Health and care sector work academy – 2,100 new learners  ",In progress – lower levels of uptake so far than expected – the project has been reprofiled with DWP to run to 2023  
"University for Peterborough that raises HE participation and aspiration, and delivers technical courses aligned to local employers’ needs and jobs of the future  ","In progress – ARU Peterborough in development and on track to open in 2022, awaiting outcomes  "
Work and Health Programme to support progression of adults into work who have become disconnected from the labour market  ,Achieving – DWP Restart contract with Reed replaced Work and Health Programme to operate over next 3 years  
Achieve a skills base that matches business needs through funding and programmes that CPCA has responsibility for – map AEB provision and improve provision through transition pilots and sector focused retraining schemes  ,"In progress – sector retraining schemes launched in 2020, AEB progressing – fewer learners in 2020 than 2019 due to Covid-19  "
Lobby Government for further devolution opportunities and to shape skills reforms to make an outcomes based and business led skills system  ,"In progress – further lobbying on further devolution and local control of funding for skills, including National Careers Service and Careers and Enterprise Company activity  "
Sector pilots and skills hubs to overcome rurality with transport links  ,In progress – Chatteris hub in development  
