﻿Group  ,Indicator  ,Pre-work learning and formal education  ,Life-wide learning and training  ,Employer access to talent  ,Support into and between work  
,Economic activity (increasing)  ,,,,
,Low or no qualifications (decreasing)  ,,,,
,In work Universal Credit (decreasing)  ,,,,
,Median wages (increasing)  ,,,,
,GVA and productivity (increasing)  ,,,,
,Skilled jobs (increasing)  ,,,,
,Participation rates (increasing)  ,,,,
,"Progression at 18 into FE, Vocational and HE (increasing)  ",,,,
,Skill levels (increasing)  ,,,,
,Employment levels (increasing)  ,,,,
,Economic inactivity (decreasing)  ,,,,
,Travel to work and learn times (improving)  ,,,,
