﻿,Pre-work and formal education  ,Employer access to talent  ,Life-wide and lifelong learning  ,Support into and between work  
,Strategic priorities  
First priorities for Peterborough:  ,"• Widening education access and participation, increasing school achievement, and progression into technical education  ","• Supporting Covid-19 recovery, growth and net zero transition by developing priority skills and responding to acute issues in priority sectors such as manufacturing and digital  ","• Providing support to upskill and reskill in response to economic restructuring (e.g. following Covid-19, Brexit, further digitisation, as net zero transition intensifies)  ","• Supporting unemployed, NEETs and young people from deprived communities into training and employment  "
,"• Increasing level 4+ qualifications through progression and access into HE locally   • Enhancing exposure to role models, work experience, and understanding of various routes into sectors and occupations   • Capital investment to improve teaching facilities and kit, particularly at FE   • Improving careers education, information, advice and guidance    ",• Higher skilled jobs creation through innovation   • Embedding modern work practices and conditions and improving job quality   • Increasing employers’ engagement and influence on education and training and connecting residents to opportunities across the area    ,"• Creating and growing more level 3 and 4 jobs across sectors   • Increasing work-based learning, particularly apprenticeships, and introducing more accessible formats (e.g. short courses/ online/blended learning)   • Ensuring inclusion in continued and community learning and support for disadvantaged people, adults with SEN, care leavers and ex-offenders   • Improving access to careers information, advice and guidance at any age    ",• Targeting support for Covid-19 recovery and transitions for displaced workers   • Providing support for disadvantaged groups to access the labour market    
,Actions  
,"• Continue establishment and development of ARU Peterborough   • Expand employers engaging with schools and colleges in T Level placements   • Continue to deliver Growth Works Talent Pledge – linking employers to schools and colleges and enterprise advisers, and providing careers advice   • Social value contracts - require businesses receiving local funding to do outreach in schools    ","• Net zero Green Skills Centre   • CRF – Start and Grow pre-start up and micro business enterprise skills support for individuals   • Energy Hub supply chain development   • Rapid response skill gap mapping for recovery/Brexit   • Continue delivery of Growth Works Skills Brokerage and Digital Talent Platform, using Growth Works as a local engagement model    ","• All Age Careers Advice – bringing together careers provision through different contracts with enhanced support   • AEB Innovation Fund - pilot new provision   • Green Jobs Action Plan and build on success of Form the Future model, supporting skills for the future    ","• CRF – Turning Point funded internships and short courses for work re-entry and digital/management   • Deliver local ESF projects up to 2023 focused on young people, NEETs, ex-offenders, and furthest from labour market, and deliver DWP support   • Add Work and Health Programme to Growth Works model   • Expand short courses through innovative course design, such as skills bootcamps    "
,Additional progress measures  
,"• Increasing progression rates post-18 into HE, FE, and apprenticeships towards national levels  ","• Increasing number of professional and technical jobs, at least at level 3  ",• Reducing numbers of workers at level 1 and 2 and increasing at level 3 and 4  ,• Falling levels of economic inactivity and UC claimants   • Reducing NEETs and unsustained destinations after school    
