﻿,Pre-work and formal education  ,Employer access to talent  ,Life-wide and lifelong learning  ,Support into and between work  
,Strategic priorities  
First priorities for South Cambridge  ,• Widening progression into HE from local schools and into FE and technical education  ,"• Supporting Covid-19 recovery, growth and net zero transition by developing priority skills and responding to acute issues  ","• Increasing work-based learning to support growing productivity, and introducing more accessible formats (e.g. short courses/ online/-blended learning)  ",• Targeting support for Covid-19 recovery and transitions for displaced workers  
,"• Capital investment to improve teaching facilities and kit, particularly at FE   •Improving careers education, information, advice and guidance    ",• Increasing employers’ engagement and influence on education and training and connecting residents to opportunities across the area  ,"• Improving access to careers information, advice and guidance at any age   • Ensuring inclusion in continued and community learning and support for disadvantaged people, adults with SEN, care leavers and ex-offenders    ",• Supporting unemployed into training and employ-ment  
,Actions  
,"• Continue delivery of Apprenticeship Levy Pooling, apprenticeship delivery through local development projects at level 3 upwards for young people   • All Age Careers Advice throughout school years   • Continue to deliver Growth Works Talent Pledge – linking employers to schools and colleges and enterprise advisers, and providing careers advice    ","• Rapid response skill gap mapping for recovery/Brexit   • Continue delivery of Growth Works Skills Brokerage and Digital Talent Platform, using Growth Works as a local engagement model    ","• All Age Careers Advice – bringing together careers provision through different contracts with enhanced support   • Direct AEB funding to priority skills needs, use AEB Innovation Fund to pilot new forms of training provision   • Green Jobs Action Plan and build on success of Form the Future model, supporting skills for the future    ","• Deliver local ESF projects up to 2023 focused on young people, NEETs, ex-offenders, and those furthest from the labour market, and deliver national Covid-19 support programmes with DWP   • Add Work and Health Programme to Growth Works model   • Expand short courses through innovative course design, such as skills bootcamps    "
,Additional progress measures  
,• Increasing progression rates post-18 into HE and FE towards national levels  ,"•I ncreasing number of professional & technical jobs, at least at level 3  ",• Increasing receipts of/participation in careers IAG for adults  ,• Reducing unsustained destinations after school  
