﻿,Pre-work and formal education  ,Employer access to talent  ,Life-wide and lifelong learning  ,Support into and between work  
,Strategic priorities  
First priorities for Huntingdonshire  ,• Widening education access and participation and increasing progression and achievement at level 4+  ,"• Supporting Covid-19 recovery, growth and net zero transition by developing priority skills and responding to acute issues  ","• Providing support to upskill and reskill in response to economic restructuring (e.g. following Covid-19, Brexit, further digitisation, as net zero transition intensifies)  ",• Targeting support for Covid-19 recovery and transitions for displaced workers  
,"• Growing numbers of apprentices delivered with local employers   • Enhancing exposure to role models, work experience, and understanding of various routes into sectors and occupations   • Capital investment to improve teaching facilities and kit   • Improving careers education, information, advice and guidance    ",• Embedding modern work practices and conditions and improving job quality   • Increasing employers’ engagement and influence on education and training and connecting residents to opportunities across the area    ,"• Increasing work-based learning, particularly apprenticeships, and introducing more accessible formats (e.g. short courses/ online/blended learning)   • Ensuring inclusion in continued and community learning and support for disadvantaged people, adults with SEN, care leavers and ex-offenders   • Improving access to careers information, advice and guidance at any age    ",• Supporting unemployed into training and employment  
,Actions  
,"• St Neots FE provision improvements   • Continue delivery of Apprenticeship Levy Pooling, apprenticeship delivery through local development projects at level 3 upwards for young people   • Expand employers engaging with schools and colleges in T Level placements   • Continue to deliver Growth Works Talent Pledge – linking employers to schools and colleges and enterprise advisers, and providing careers advice    ","• CRF – Start and Grow pre-start up and micro business enterprise skills support for individuals   • Rapid response skill gap mapping for recovery/Brexit   • Continue delivery of Growth Works Skills Broker-age and Digital Talent Platform, using Growth Works as a local engagement model    ","• All Age Careers Advice – bringing together careers provision through different contracts with enhanced support   • Direct AEB funding to priority skills needs, use AEB Innovation Fund to pilot new forms of training provision   • Green Jobs Action Plan and build on success of Form the Future model, supporting skills for the future    ","• Deliver local ESF projects up to 2023 focused on young people, NEETs, ex-offenders, and those furthest from the labour market, and deliver national Covid-19 support programmes with DWP   • Add Work and Health Programme to Growth Works model   • Expand short courses through innovative course design, such as skills bootcamps    "
,Additional progress measures  
,• Increasing progression rates post-18 into FE and apprenticeships towards national levels  ,"• Increasing number of professional and technical jobs, particularly in priority sectors  ",• Increasing receipts of/participation in careers IAG for adults  ,• Reducing unsustained destinations after school  
