﻿,Pre-work and formal education  ,Employer access to talent  ,Life-wide and lifelong learning  ,Support into and between work  
,Strategic priorities  
First priorities for Cambridge  ,"• Ensuring access to technical education, apprenticeship and training choices are availa-ble to students not following A Level and university routes  ","• Supporting Covid-19 recovery, growth and net zero transition by developing priority skills and responding to acute issues  ","• Increasing work-based learning, particularly apprenticeships and for those with lower level skills, and introducing more accessible formats   (e.g. short courses/ online/blended learning)    ",• Targeting support for Covid-19 recovery and transitions for displaced workers  
,"• Capital investment to improve teaching facilities and kit, and expanding access   • Improving careers education, information, advice and guidance, particularly for students not following A Level and university routes    ",• Increasing employers’ engagement and influence on education and training and connecting residents to opportunities across the area   • Opening up access in priority sectors to students following vocational and technical routes    ,"• Improving access to careers information, advice and guidance at any age   • Ensuring inclusion in continued and community learning and support for disadvantaged people, adults with SEN, care leavers and ex-offenders    ",• Providing support for disadvantaged people to    access the labour market  • Supporting unemployed into training and employment    
,Actions  
,"• Continue delivery of Apprenticeship Levy Pooling, apprenticeship delivery through local development projects at level 3 upwards for young people   • All Age Careers Advice throughout school years   • Continue to deliver Growth Works Talent Pledge – linking employers to schools and colleges and enterprise advisers, and providing careers advice    ","• Rapid response skill gap mapping for recovery/Brexit   • Continue delivery of Growth Works Skills Brokerage and Digital Talent Platform, using Growth Works as a local engagement model    ","• All Age Careers Advice – bringing together careers provision through different contracts with enhanced support   • Direct AEB funding to priority skills needs, use AEB Innovation Fund to pilot new forms of training provision   • Green Jobs Action Plan and build on success of Form the Future model, supporting skills for the future   • Expanding Region of Learning programme for community learning and talent development    ","• Deliver local ESF projects up to 2023 focused on young people, NEETs, ex-offenders, and those furthest from the labour market, and deliver national Covid-19 support programmes with DWP   • Add Work and Health Programme to Growth Works model   • Expand short courses through innovative course design, such as skills bootcamps    "
,Additional progress measures  
,• Increasing progression rates post-18 into FE and apprenticeships towards national levels for young people following vocational routes  ,• Reversing employment level decline  ,• Increasing rates of in-work training (provided flexibility at various levels)  ,• Reducing localised inequalities  
