﻿Term  ,Definition  
"Fibre to the Premises (FTTP), or Full Fibre  ",An access network using optical fibre network to provide the connection between the local exchange and the end users’ houses or business premises. The optical fibre may be point-to-point – a dedicated fibre connection for each home – or may use a shared infrastructure such as GPON (Gigabit passive optical network).  
Fixed Wireless Access (FWA)  ,"Internet access provided over the airwaves using cellular network technology, rather than a physical connection through traditional fibre or copper wiring.  "
GHz  ,Gigahertz – a unit of frequency of 1 billion cycles per second.  
Gigabit Broadband Voucher Scheme (GBVS)  ,"The GBVS is being delivered by the Local Full Fibre Networks programme. The scheme offers vouchers worth up to £3,000 for small businesses and £500 for residents in a group project to offset the installation cost of a gigabit-capable broadband connection.  "
Gigabit connectivity/speeds  ,"A broadband connection of at least 1 Gbps/1,000 Mbps.  "
Hybrid Fibre Coax (HFC)  ,An access network technology comparable to fibre to the cabinet (FTTC) where the connection between the exchange and the cabinet is by fibre optic cable and then the connection between the cabinet and the home was by coaxial cable amplified to maintain signal strength and quality.  
Industrial Strategy  ,The Government’s Industrial Strategy – published in November 2017 – which sets out the Government’s plan to create an economy that boosts productivity and earning power throughout the UK.  
Internet Service Providers (ISPs)  ,A retail service provider who provides access to internet services.  
Latency  ,The time it takes for data to travel to a data centre server and back.  
Local Full Fibre Networks programme (LFFN)  ,The Local Full Fibre Networks programme is a Government initiative designed to address market lag in the deployment of FTTP by stimulating commercial investment in full fibre networks across the UK.  
Long Term Evolution (LTE)  ,"Long Term Evolution is a standard for communication of high-speed data for mobile phones and data terminals. The term 4G is generally used to refer to mobile broadband services delivered using mobile technologies, including Long Term Evolution and WiMAX.  "
Macro Cell  ,"A macro cell provides wide-area radio coverage infrastructure for a mobile network. The antennas for macro cells are mounted on ground-based masts, rooftops and other existing structures.  "
MHz  ,Megahertz – a unit of frequency of 1 million cycles per second.  
