﻿Term  ,Definition  
Digital Economy Act 2017  ,"An Act of Parliament which addresses issues relating to electronic communications services, made into law in April 2017.  "
Digital Infrastructure Investment Fund (DIIF)  ,"A £400 million fund launched by HM Treasury, to be at least matched by private sector investors, designed to catalyse investment in full fibre networks.  "
Data Over Cable Service Interface Specification (DOCSIS)  ,"A technology which allows high-bandwidth data transfer to an existing cable TV (CATV) system, primarily used by Virgin Media.  "
Duct and Pole Access (DPA)  ,"Access to underground ducts and telegraph poles, used to assist in network deployment.  "
Ex Ante Regulation  ,"‘Before the event’ market intervention by a regulatory body, including measures such as pricing regulation and placing obligations on a provider or providers to offer wholesale products.  "
Ex Post Regulation  ,"‘After the event’ regulatory tools such as competition law, arbitration and penalty processes.  "
European Electronic Communications Code (EECC)  ,"The EECC is a European directive setting out current rules for telecoms. The EECC will replace the following four existing telecoms directives: Framework, Access, Authorisation and Universal Service.  "
Exchange  ,A building which houses electronic equipment that connects telephone calls. Backhaul links from a content provider are terminated here to connect access links to end users.  
Fair Bet Principle  ,"An Ofcom concept in which an investment is a ‘fair bet’ if, at the time of investment, expected return is equal to the cost of capital. This means that, in order to ensure that an investment is a fair bet, the firm should be allowed to enjoy ‘upside’ returns when demand turns out to be high (i.e. allow returns higher than the cost of capital) to balance the fact that the firm will earn returns below the cost of capital if demand turns out to be low.  "
Fibre Backhaul  ,The part of the communications network which connects a local exchange or base station to the CP’s core network.  
Fibre to the Basement (FTTB)  ,Access network using optical fibre to provide the connection between the exchange and the basement of a multi-dwelling unit. An internal cable then distributes the service to the users premises.  
Fibre to the Cabinet (FTTC)  ,"Access network consisting of optical fibre extending from the exchange to the street cabinet. The street cabinet is usually located only a few hundred metres to the subscribers’ premises. The remaining segment of the access network from the cabinet to the customer is usually by copper phone lines but could use another technology, such as wireless.  "
