﻿Term  ,Definition  
Statement of Strategic Priorities (SSP) for Ofcom  ,"As described in Clause 98 of the Digital Economy Act 2017, the SSP will set out the Government’s strategic priorities for Ofcom in telecommunications, the management of radio spectrum, and postal services. Under the legislation Ofcom must have regard to the Statement when carrying out its regulatory functions.  "
Ultrafast Broadband  ,A broadband connection that can support a download speed of 100 Mbps or greater.  
Universal Service Obligation  (USO)  ,"A legal right established by UK Government for everyone to access high speed fixed broadband (10 Mbps download, 1 Mbps upload) if they do not have it, subject to a cost threshold.  "
Wayleave  ,An agreement between a landowner and utility provider landowner allowing access to land for the installation of infrastructure or equipment.  
Wi-Fi  ,"Short-range wireless technology using any type of 802.11 standards such as 802.11b or 802.11a. These technologies allow an over-the-air connection between a wireless client and an access point, or between two wireless clients.  "
WiMax  ,A wireless data transfer technology usually longer range than Wi-Fi.  
