﻿Actions to support full fibre roll out  
Government:  
"• The £400 million Digital Infrastructure Investment Fund will unlock over £1 billion for full fibre broadband, and kick-start better broadband connections across the country.   • The £200 million Local Full Fibre Networks (LFFN) Challenge Fund is open for local bodies to bid into, to stimulate commercial investment in full fibre networks in both rural and urban locations across the UK.   • A further £67 million will fund the Gigabit Broadband Voucher Scheme for small businesses and the local communities to contribute to the cost of fibre installation.   • Funding of £35 million to deploy fibre and 5G connectivity along the Trans-Pennine Rail route.   • Five year business rates relief on full fibre investments.    "
Ofcom:  
"• Facilitating market entry by making it cheaper and easier for network competitors to reuse BT’s existing network of underground ducts and telegraph poles.   • Reform of Openreach to a legally separate entity, with a greater openness to different models of investment and risk  sharing, and stronger incentives to be responsive to all its customers, including in its consideration of technology investment choices.   • Continuing pricing flexibility for BT’s wholesale services with speeds above 40 Mbps to support incentives to invest in fibre network build.   • Maintaining access and pricing controls on Openreach copper network to protect consumers in the transition to greater network competition.    "
