﻿Term  ,Definition  
Mobile Backhaul  ,"In a mobile network, backhaul is the connection between a given mobile site (e.g. a base station) and the core network.  "
Mobile Broadband  ,"Various types of wireless, high speed internet access provided through a cellular network.  "
Mobile Network Operator  ,"A provider of wireless communications services that owns or controls all the elements necessary to provide services to an end user including radio spectrum, wireless core network infrastructure and backhaul infrastructure.  "
Mobile Virtual Network Operators (MVNOs)  ,"A mobile service provider which does not own the network infrastructure over which it provides a service, but which uses the infrastructure of a Mobile Network Operator to provide its services.  "
National Productivity Investment Fund (NPIF)  ,"A £740 million fund, announced at Autumn Statement 2016, designed to boost productivity, in areas such as transport, housing, digital communications and research and development.  "
Network Slicing  ,Network slicing is a form of virtual network architecture which allows for parts of a network – with predefined specifications and quality of service – to be available for different purposes and/or users. Network operators can thereby provide dedicated virtual networks to different customers over a common network.  
New Radio  ,5G New Radio refers to the specification of the radio transmission between mobile transmitters and receivers which will be required for 5G. This could provide increased data capacity and faster speeds by using wider spectrum bandwidths.  
Physical Infrastructure Access  (PIA)  ,Openreach’s regulated duct and pole access product.  
Premises  ,A house or building used for residential or business purposes within a postcode area.  
Small Cell  ,An overarching term for low-powered radio access nodes that help provide service to both indoor and outdoor areas.  
Spectrum  ,The descriptor of the range of electromagnetic frequencies which can be modulated to carry information.  
Superfast Broadband  ,A broadband connection that can support a download speed of 24 Mbps or greater (EU 30 Mbps).  
Supply Chain  ,Widely interpreted as being multi-tiered and being both upstream (supply) (i.e. between the organisation and the organisation’s suppliers or suppliers’ suppliers) and downstream (demand) (i.e. between the organisation and its market).  
