﻿Term  ,Definition  
3G  ,"Third generation of mobile systems. Provides high-speed data transmission and supporting multimedia applications such as full-motion video, video-conferencing and Internet access.  "
4G  ,Fourth generation mobile phone standards and technology. Provides faster mobile data speeds than the 3G standards that it succeeds.  
5G  ,The term used to describe the next generation of wireless networks beyond 4G LTE mobile networks. 5G is expected to deliver faster data rates and better user experience. Technical standards are still under development and are likely to include both an evolution of existing and new radio technologies.  
5G Testbeds and Trials programme  ,"A programme that coordinates the development of 5G services and applications through a series of trials, which contribute to the development of the 5G ecosystem across the UK.  "
Anchor Tenant  ,A situation where an operator makes a commercial agreement with a user who will guarantee a minimum amount of use on their network.  
Artificial Intelligence  ,"The simulation of human intelligence processes by machines, especially computer systems.  "
Broadband Delivery UK (BDUK)  ,A Government agency established to monitor subsidised roll out of broadband networks.  
Business Rates  ,"Business rates (or non-domestic rates) are taxes charged on the occupation of non-domestic property (for example, offices and shops) in the UK. This includes telecoms networks.  "
Communications Providers (CPs)  ,A person who provides an Electronic Communications Network or provides an Electronic Communications Service.  
Communications (Access to Infrastructure) Regulations 2016  ,Regulations to allow access to existing infrastructure on fair and reasonable terms. Implemented in domestic law via the EU Directive on measures to reduce the cost of deploying high-speed electronic communications networks. Sometimes referred to as ‘the 2016 Regulations’.  
Convergence  ,"This can refer to both network convergence – the convergence of wireless and fixed networks – and service convergence – the provision of fixed, mobile and content services from the same provider.  "
Dark Fibre  ,Optical fibre already deployed (e.g. in ducts) but not in use or ‘unlit’.  
