﻿"Survey of 160 business on AI-readiness, for CBI and IBM, May 201741  "
"“Nearly half of firms believe the current wave of Artificial Intelligence will be transformational and widespread; fundamentally transforming the industry and markets they work in. However, only a third feel their business has the skills to adopt data-driven technologies, so the UK must act quickly to bridge the knowledge gap as international competition heats up.  "
● Artificial Intelligence (AI) investment is gaining momentum with 42% of companies planning to invest over the next five years (Internet of Things – 42% / Advanced Analytics – 51%). That’s on top of the one in five companies (21%) who already invested in AI during the past 12 months  
"● The AI wave will be transformational and widespread, half (49%) of business believe it will fundamentally transform their industry/ market.  "
● Firms believe AI can lead to greater efficiency (78%) and profits (68%). Benefits to consumers (71%) are big leading theme but also collaboration (70%).  
"● Yet many businesses risk being left behind, 52% of pioneers have already invested in AI while 47% of ‘followers’ do not plan to invest in AI at all.  "
