﻿Accenture  ,Microsoft  
Airbus  ,Nvidia  
Alan Turing Institute  ,Ocado  
Amadeus Capital  ,Onfido  
ASI Data Science  ,Open Data Institute  
Atomico  ,Pfizer  
Aviva  ,Prof. Richard Susskind  
Barclays  ,PwC  
BP  ,Rolls Royce  
British Academy  ,Royal Academy of Engineering  
BUPA  ,Royal Society  
CBI  ,Sage  
City of London  ,SageSainsburys  
CognitionX  ,Shell  
DeepMind  ,Siemens  
Digital Catapult  ,Switch Concepts  
Entrepreneur First  ,TechCity UK  
EPSRC  ,techUK  
Facebook  ,UCL  
GCHQ  ,University of Cambridge  
GSK  ,University of Edinburgh  
IBM  ,University of Oxford  
Imperial College  ,University of Sheffield  
InnovateUK  ,University of Southampton  
Malvern Instruments  ,Your.MD  
McKinsey & Co.  ,
