﻿Skills progression maps  
Advanced  ,,Building commissioning professional  ,Building scientist  ,Energy Engineer  ,Senior Operations Manager  ,Chief Engineer  ,Building Performance Contractor (Commercial)  ,"Mechanical, Electrical, Plumbing  (MEP)  Contractor (with Green expertise)  ",,Building/ Home Performance Contractor  ,HVAC  Contractor with heat pump design expertise  ,Energy Efficient Program Director  
,Mechanical engineer  ,Registered Architect  ,Architectural Engineer  ,Facilities Manager  ,Energy Manager  ,,Commercial Building Code Official (with green building expertise)  ,Commercial Construction Manager (with green building expertise)  ,,Residential Building Code Official (with green building expertise)  ,,
,Lighting designer  ,Building Science Engineer  ,Heat Pump System Design Engineer  ,Building Engineer  ,,,Sustainable Construction Supervisor/  LEED AP  ,Indoor Environmental Health Specialist  ,,Multifamily Quality Control Inspector  ,,
Mid-level  ,Sustainability specialist  Junior architect  ,Building performance diagnostician Junior Engineer  ,,Building operator  ,,Building automation systems technician  ,Commercial Lighting Auditor Insulation Journey person/ Mechanic  ,Commercial Energy Auditor  Product Sales Specialist  ,Commercial Construction Foreman  ,Quality Control Inspector  ,Healthy Home Evaluator  ,Multifamily Energy Auditor Building Performance Crew Leader  
,Certified home energy Rater/ Assessor/ Home Inspector  ,Real Estate Agent (with Green building expertise)  ,Real Estate Appraiser (with Green building expertise)  ,,,,,,,Residential Energy Auditor  ,,
Entry  ,Draftsperson  ,,,Building maintenan ce technician  Building automatio n systems trainee Building maintenan ce worker  ,,,Insulation Apprentice  Energy efficiency technician (commercial)  ,Insulation/ Air sealing technician  ,,Building Performance Installer  ,Energy efficiency Technician (Residential)  ,Energy efficiency sales representativ e Energy efficiency program Assistant  
"Architecture, Engineering & Other Professional Services  Source: https://greenbuildingscareermap.org  ",,,,Building Operations/Facility Management  ,,,Commercial & Institutional Construction & Retrofitting  ,,,Residential & Multifamily Construction & Retrofitting  
