﻿Employment estimates for  ,retrofit  SAP C  (13 years)  ,scenarios in LCR  Net Zero (18 years)  ,Currently employed  
General Builders  ,"2,750  ","1,986  ","3,5721  "
Insulation specialists  ,"2,335  ","1,687  ",n/k  
Plasterers & renderers  ,"1,025  ",740  ,961  
Carpenters  ,48  ,35  ,"3,614  "
Window fitters  ,24  ,17  ,"1,400  "
Electricians  ,918  ,633  ,"4,491  "
Heating Engineers  ,273  ,197  ,"3,698  "
Renewable heat specialists  ,738  ,533  ,1403  
Retrofit co-ordinators  ,176  ,127  ,442  
Total employment  ,"8,287  ","5,955  ",-  
