﻿Offshore wind sector employment  ,by occupation  North West  ,,2026  UK  
Corporate Services  ,135  ,3%  ,"5,080  ",8%  
Development  ,77  ,2%  ,"3,092  ",5%  
HSEQ  ,195  ,4%  ,"2,035  ",3%  
Management  ,586  ,12%  ,"11,560  ",18%  
Sales / Commercial / Procurement  ,36  ,1%  ,"2,245  ",3%  
Semi Skilled Operative  ,333  ,7%  ,"15,232  ",23%  
Skilled Manual  ,"2,273  ",48%  ,"13,825  ",21%  
Technical / Professional  ,751  ,16%  ,"13,108  ",20%  
Other  ,336  ,7%  ,"1,071  ",2%  
Total  ,"4,722  ",100%  ,"66,062  ",100%  
