﻿NWNZ Decarbonisation Investment Projects  
Investment programme  ,CAPEX  (£m)  ,,Jobs secured/ created  
1 - Decarbonising the North West’s industries through Carbon Capture and Storage  ,"£8,621  ",4%  ,"1,450  ",0%  
2 - Energy Efficiency and Low  ,"£1,433  ",1%  ,"19,270  ",3%  
Carbon Heating for the Industrial and Commercial sectors  ,,,
3 - Developing the Supply Chain with Process Efficiency and Consulting  ,£60  ,0%  ,"10,000  ",1%  
4a Invest net zero Cheshire local LC Smart energy grid  ,£85  ,0%  ,"8,000  ",1%  
4 - Building integrated Smart Energy systems that retain the value locally  ,£835  ,0%  ,"78,569  ",12%  
5 - Teaching Decarbonisation Skills:  ,"£2,218  ",1%  ,"2,310  ",0%  
Clean Energy and Low Carbon Manufacturing Academies  ,,,,
6 - Decarbonising the homes of the North West  ,"£52,738  ",25%  ,"204,550  ",30%  
7 - Public Sector assets leading the way on Decarbonisation  ,"£2,284  ",1%  ,"26,119  ",4%  
8 - Effective use of process resources: Heat and Decentralised Heat Networks  ,"£7,995  ",4%  ,"53,300  ",8%  
9 - Taking heat from the ground beneath our feet  ,"£1,980  ",1%  ,"16,500  ",2%  
