﻿Investment programme  ,CAPEX  (£m)  ,,Jobs secured/ created  
10 - Community renewable energy schemes  ,£510  ,0%  ,"1,250  ",0%  
11 - Innovating with Large-scale Tidal renewables  ,"£7,000  ",3%  ,"5,000  ",1%  
12 - Securing a clean energy  ,"£70,172  ",34%  ,"64,000  ",9%  
baseload with new Nuclear Plants and SMRs  
13 - Extending the reach of Wind renewables  ,"£17,612  ",8%  ,"50,549  ",7%  
14 - Large-scale Solar PV and  ,"£3,873  ",2%  ,"7,747  ",1%  
Storage driving clean generation  ,,,,
15 - Generating Clean Hydrogen for the North West  ,"£5,000  ",2%  ,"5,177  ",1%  
15a - Hynet  ,£900  ,0%  ,"5,000  ",1%  
16 - Driving forward transport with electricity and hydrogen  ,"£10,325  ",5%  ,"82,031  ",12%  
17 - Hydrogen and alternative fuels for larger distances  ,"£9,562  ",5%  ,"21,344  ",3%  
18 - Storing and Distributing Hydrogen economically  ,"£4,724  ",2%  ,"14,724  ",2%  
Total programme  ,"£207,927  ",100%  ,"676,890  ",100%  
