﻿Role  ,Description  ,Qualifications required  ,Accreditations required  
Retrofit Advisor  ,Deliver retrofit advice to clients and householders  ,City and Guilds Energy Awareness and Advice Green Deal Advisor Level 5 Diploma in Retrofit Coordination and Risk Management  ,Coordinators must be a member of a TrustMark-approved Retrofit Coordinator Scheme  
Retrofit Assessor  ,Carry out Dwelling Assessment and supply data to Coordinator  ,Level 5 Diploma in Retrofit Coordination and Risk Management (Path A) Domestic Energy Assessor (Path B & C) Specialist Level 3 – 6 awards in traditional buildings (Path B and C where building is ‘protected’)  ,"Certified-DEA by a UKAS-accredited assessor body (e.g. Elmhurst, Stroma etc.). Members of a TrustMark-approved Scheme.  "
Retrofit Co-ordinator  ,"Person with overall responsibility for each stage of the project, sometimes also fulfilling specific project roles for which they are also qualified  ","Open College West Midlands Level 5 Diploma in Retrofit Coordination and Risk Management. Must also be able to demonstrate prior experience and competence in professional practices such as contract management, project management, customer service etc.  ",Once qualified must be a member of a TrustMark-approved Retrofit Coordinator Scheme  
Retrofit Designer  ,Person qualified to prepare a retrofit design  ,"Path A: Level 5 Diploma / MCIAT Path B: As above plus registered Architects, Construction Managers and Building Surveyors Path C: as above plus CIBSE members who also hold the Level 5 Diploma or specialist traditional building qualifications  ","Professional Membership of CIOB, CIAT, CARE, AABC, RIBA RICS or  RIAS  "
Retrofit Installer  ,Person or organisation undertaking the physical placement of an energy efficiency measure in an existing building  ,Tradesperson in: Internal or External Insulation Glazing Heating Systems and Boilers Renewable Energy Systems  ,
Retrofit Evaluator Source: The Retrofit Academy  ,Person qualified to monitor and evaluate the effectiveness of a project and provide feedback  ,Level 5 Diploma in Retrofit Coordination and Risk Management  ,Once qualified must be a member of a TrustMark-approved Retrofit Coordinator Scheme  
