﻿Combined authorities  ,Jobs requiring upskilling  ,Jobs in demand  ,Jobs not significantly affected by the transition  
Greater Manchester  ,11.0%  ,10.5%  ,78.5%  
Sheffield City Region  ,10.5%  ,10.9%  ,78.6%  
West Yorkshire  ,10.9%  ,11.2%  ,77.9%  
Liverpool City Region  ,9.9%  ,9.7%  ,80.4%  
Tees Valley  ,10.2%  ,10.3%  ,79.6%  
West Midlands  ,10.9%  ,11.0%  ,78.2%  
Cambridgeshire and Peterborough  ,10.7%  ,10.6%  ,78.7%  
West of England  ,10.4%  ,10.0%  ,79.6%  
North East  ,10.8%  ,11.6%  ,77.6%  
North of Tyne Source: PCAN Just Transition Jobs  , Tracker  9.1%  ,8.9%  ,82.0%  
