﻿,Demand to 2025/26  ,Key Skills requirements  ,Skill Levels  
Retrofit of buildings  ,"1,200 (NZNW)1 2,600 (CITB)2  ","No specification of skills Surveyors, Architects, Construction professionals and technical staff, Civil engineers, Construction trades supervisors, Building envelope specialists (cladding), Bricklayers, Civil engineering operatives, Electrical trades & installation  ","n/a Level 7+, Level 6, Level 5, Level 4, Level 3 & Level 2  "
,"6,000 - 8,300 (Parity)  ","Retrofit Co-ordinators, Renewable heat specialists, Insulation specialists, Electricians, Heating engineers, Plasterers & General building  ","Level 5, Level 4, Level 3, Level 2  "
Mersey Tidal Project  ,"2,700-4,0003  ","Professional and Technical marine, construction engineering, construction and related plus Logistics  ","Level 7+ and Level 6 but majority Level 2, 3 & 4  "
,"5,000 (NZNW)  ",No specification of skills  ,n/a  
Offshore Wind  ,600 (OWIC)  ,"A range of engineering, electrical and marine skills  ","55% at Level 3 & Level 4, 28% at Level 6, 10% Level 5  "
,"3,600 (NZNW)4  ",No specification of skills  ,n/a  
