﻿Theme  ,Strategic Outcome  ,Action  
People  ,Social Value  ,"Expand zero waste activity in the community  e.g. community fridges, water refill points and support for localised food growing.  "
,,Engage with residents and businesses to develop a programme of LCR zero waste projects.  
,,"Increase Reuse across LCR. Including an LCR reuse hub, plan for supporting community reuse and repair.  "
Planet  ,Climate & Carbon  ,Expand education and behavioural change activity.  
,,Establish an LCR Reuse Network.  
,,Establish a net zero carbon 2040 trajectory for LCR Waste.  
,Resource Efficiency  ,"Engage local authorities and developers to ensure new / retrofit buildings, homes and infrastructure are zero waste in design and construction by 2040.  "
Economy  ,Jobs  ,Invest with a focus on moving up the waste hierarchy.  
,,Develop reuse and repair skills training programme.  
,,Encourage development of remanufacturing industry in the City Region.  
,,Provide support for expanding rental/leasing services  
,,Attract investment in reuse and reprocessing technologies and increase skills and jobs in this sector.  
,Circular Economy  ,Establish business support programmes to expand circular activity in the LCR.  
,,Develop circular economy education tools for all ages.  
,,Undertake a Liverpool City Region City Scan.  
,,"Create LCR circular economy clusters to share best practice, improve resource efficiency and business competitiveness.  "
,,"Develop LCR as a low carbon, circular region which delivers green jobs and thriving businesses.  "
