﻿,Tidal low  ,Tidal high  
"Senior, executive, and business process managers  ",40  ,60  ,1.5%  
Construction project managers  ,80  ,120  ,3.0%  
Other construction process managers  ,10  ,15  ,0.4%  
"Non-construction professional, technical, IT, and other office-based staff  ",110  ,165  ,4.2%  
Construction trades supervisors  ,10  ,15  ,0.4%  
Wood trades and interior fit-out  ,480  ,720  ,18.1%  
Bricklayers  ,40  ,60  ,1.5%  
Building envelope specialists  ,40  ,60  ,1.5%  
Painters and decorators  ,60  ,90  ,2.3%  
Plasterers  ,20  ,30  ,0.8%  
Roofers  ,20  ,30  ,0.8%  
Floorers  ,20  ,30  ,0.8%  
Glaziers  ,20  ,30  ,0.8%  
Specialist building operatives nec  ,730  ,1095  ,27.5%  
Scaffolders  ,20  ,30  ,0.8%  
Plant operatives  ,310  ,465  ,11.7%  
Plant mechanics/ fitters  ,10  ,15  ,0.4%  
Steel erectors/ structural fabrication  ,10  ,15  ,0.4%  
Labourers nec  ,220  ,330  ,8.3%  
Electrical trades and installation  ,70  ,105  ,2.6%  
Plumbing and HVAC Trades  ,70  ,105  ,2.6%  
Logistics  ,120  ,180  ,4.5%  
Civil engineering operatives nec  ,20  ,30  ,0.8%  
Non-Construction Operatives Civil engineers  ,30  ,45  ,1.1%  
Other construction professionals and technical staff  ,60  ,90  ,2.3%  
Architects  ,10  ,15  ,0.4%  
Surveyors  ,20  ,30  ,0.8%  
Total  ,2650  ,3975  ,100.0%  
