﻿MNO  ,Net zero ambitions  
EE (as part of the BT Group)  ,"Net zero target for operational emissions by end of March 2031, and end to end emissions (operations, supply chain and customer emissions) by end of March 2041.  "
O2 (as part of Virgin Media O2)  ,"Net zero target for operational emissions by 2025, and their operations, products and supply chain by 2040.  In December 2022, VMO2 became the first UK telecoms provider to be recognised by the Carbon Trust for its action toward achieving net zero carbon across its business - one of only three businesses in the UK to receive the Advancing tier of the certification.  "
Three UK (as part of the CK Hutchison Group)  ,In process of setting a net zero target  
Vodafone UK (as part of Vodafone Group)  ,"Net zero target for Vodafone UK’s operational emissions by 2027, with Vodafone Group committed to achieving net zero emissions across its full value chain by 2040.  "
