{"version": {"json_export": "192", "page_segmentation": "5", "schema": "1.1.0", "structure": "1.1065.0", "table_structure": "5"}, "extended_metadata": {"ID_instance": "77 B0 54 3F 6D B8 B2 11 0A 00 67 45 8B 6B C6 23 ", "ID_permanent": "35 39 20 32 33 20 35 32 20 33 46 20 36 44 20 42 38 20 42 32 20 31 31 20 30 41 20 30 30 20 36 37 20 34 35 20 38 42 20 36 42 20 43 36 20 32 33 20 ", "pdf_version": "1.6", "pdfa_compliance_level": "", "is_encrypted": false, "has_acroform": false, "is_digitally_signed": false, "pdfua_compliance_level": "", "page_count": 3, "has_embedded_files": false, "is_certified": false, "is_XFA": false, "language": "en"}, "elements": [{"Bounds": [43.875, 799.594970703125, 52.125, 804.0449676513672], "ClipBounds": [43.875, 799.594970703125, 52.125, 804.0449676513672], "Page": 0, "Path": "//Document/Sect/Reference/Figure", "attributes": {"BBox": [44.03819999999905, 799.5619999999763, 52.07789999999841, 803.8819999999832], "Placement": "Block", "SpaceAfter": 18}}, {"Bounds": [36.0, 714.3575897216797, 509.2464141845703, 758.9207916259766], "ClipBounds": [36.0, 714.3575897216797, 509.2464141845703, 758.9207916259766], "Font": {"alt_family_name": "IBM Plex Sans", "embedded": true, "encoding": "Identity-H", "family_name": "IBM Plex Sans", "font_type": "CIDFontType2", "italic": false, "monospaced": false, "name": "BAAAAA+IBMPlexSans-Light", "subset": true, "weight": 300}, "HasClip": true, "Lang": "en", "Page": 0, "Path": "//Document/Sect/P", "Text": "IBM Study: Skills Shortage Stalls UK\u2019s AI Adoption as Europe Accelerates ", "TextSize": 17.600006103515625, "attributes": {"SpaceAfter": 8.5}}, {"Bounds": [36.0, 696.4679870605469, 41.08799743652344, 707.3719940185547], "ClipBounds": [36.0, 696.4679870605469, 41.08799743652344, 707.3719940185547], "Font": {"alt_family_name": "IBM Plex Sans", "embedded": true, "encoding": "Identity-H", "family_name": "IBM Plex Sans", "font_type": "CIDFontType2", "italic": true, "monospaced": false, "name": "CAAAAA+IBMPlexSans-Italic", "subset": true, "weight": 400}, "HasClip": true, "Page": 0, "Path": "//Document/Sect/L/LI/Lbl", "Text": "\u2022 ", "TextSize": 8.0}, {"Bounds": [36.0, 684.9719848632812, 553.6000213623047, 707.3719940185547], "ClipBounds": [36.0, 684.9719848632812, 553.6000213623047, 707.3719940185547], "Font": {"alt_family_name": "IBM Plex Sans", "embedded": true, "encoding": "Identity-H", "family_name": "IBM Plex Sans", "font_type": "CIDFontType2", "italic": true, "monospaced": false, "name": "CAAAAA+IBMPlexSans-Italic", "subset": true, "weight": 400}, "HasClip": true, "Page": 0, "Path": "//Document/Sect/L/LI/LBody", "Text": "33% of UK companies surveyed have accelerated their use of AI in the past two years compared with the European average of 49%, citing a skills shortage as the top barrier ", "TextSize": 8.0}, {"Bounds": [36.0, 663.9679870605469, 41.08799743652344, 674.8719940185547], "ClipBounds": [36.0, 663.9679870605469, 41.08799743652344, 674.8719940185547], "Font": {"alt_family_name": "IBM Plex Sans", "embedded": true, "encoding": "Identity-H", "family_name": "IBM Plex Sans", "font_type": "CIDFontType2", "italic": true, "monospaced": false, "name": "CAAAAA+IBMPlexSans-Italic", "subset": true, "weight": 400}, "HasClip": true, "Page": 0, "Path": "//Document/Sect/L/LI[2]/Lbl", "Text": "\u2022 ", "TextSize": 8.0}, {"Bounds": [40.97599792480469, 663.9679870605469, 361.4960174560547, 674.8719940185547], "ClipBounds": [40.97599792480469, 663.9679870605469, 361.4960174560547, 674.8719940185547], "Font": {"alt_family_name": "IBM Plex Sans", "embedded": true, "encoding": "Identity-H", "family_name": "IBM Plex Sans", "font_type": "CIDFontType2", "italic": true, "monospaced": false, "name": "CAAAAA+IBMPlexSans-Italic", "subset": true, "weight": 400}, "HasClip": true, "Page": 0, "Path": "//Document/Sect/L/LI[2]/LBody", "Text": "58% of UK businesses are already using AI to help achieve their ESG goals or plan to do so ", "TextSize": 8.0}, {"Bounds": [36.0, 642.4679870605469, 41.08799743652344, 653.3719940185547], "ClipBounds": [36.0, 642.4679870605469, 41.08799743652344, 653.3719940185547], "Font": {"alt_family_name": "IBM Plex Sans", "embedded": true, "encoding": "Identity-H", "family_name": "IBM Plex Sans", "font_type": "CIDFontType2", "italic": true, "monospaced": false, "name": "CAAAAA+IBMPlexSans-Italic", "subset": true, "weight": 400}, "HasClip": true, "Page": 0, "Path": "//Document/Sect/L/LI[3]/Lbl", "Text": "\u2022 ", "TextSize": 8.0}, {"Bounds": [36.0, 631.4679870605469, 522.0560150146484, 653.3719940185547], "ClipBounds": [36.0, 631.4679870605469, 522.0560150146484, 653.3719940185547], "Font": {"alt_family_name": "IBM Plex Sans", "embedded": true, "encoding": "Identity-H", "family_name": "IBM Plex Sans", "font_type": "CIDFontType2", "italic": true, "monospaced": false, "name": "CAAAAA+IBMPlexSans-Italic", "subset": true, "weight": 400}, "HasClip": true, "Page": 0, "Path": "//Document/Sect/L/LI[3]/LBody", "Text": "71% of UK businesses say being able to explain how AI makes decisions is important, but most have not taken steps to ensure their AI is trustworthy or responsible ", "TextSize": 8.0}, {"Bounds": [36.0, 609.4679870605469, 87.47200012207031, 620.3719787597656], "ClipBounds": [36.0, 609.4679870605469, 87.47200012207031, 620.3719787597656], "Font": {"alt_family_name": "IBM Plex Sans", "embedded": true, "encoding": "Identity-H", "family_name": "IBM Plex Sans", "font_type": "CIDFontType2", "italic": false, "monospaced": false, "name": "DAAAAA+IBMPlexSans", "subset": true, "weight": 400}, "HasClip": true, "Lang": "en", "Page": 0, "Path": "//Document/Sect/P[2]", "Text": "May 18, 2022 ", "TextSize": 8.0, "attributes": {"LineHeight": 9.625, "SpaceAfter": 18}}, {"Bounds": [48.1015625, 571.9199829101562, 133.99998474121094, 586.9199829101562], "ClipBounds": [48.1015625, 571.9199829101562, 133.99998474121094, 586.9199829101562], "Page": 0, "Path": "//Document/Sect/Reference[2]/Figure", "attributes": {"BBox": [48.237999999999374, 574.2109999999811, 131.27499999999418, 584.5299999999988], "Placement": "Block", "SpaceAfter": 9.875}}, {"Bounds": [118.99998474121094, 571.9199829101562, 133.99998474121094, 586.9199829101562], "ClipBounds": [118.99998474121094, 571.9199829101562, 133.99998474121094, 586.9199829101562], "Font": {"alt_family_name": "Font Awesome 5 Pro", "embedded": true, "encoding": "Identity-H", "family_name": "Font Awesome 5 Pro", "font_type": "CIDFontType2", "italic": false, "monospaced": false, "name": "EAAAAA+FontAwesome5Pro-Solid", "subset": true, "weight": 400}, "HasClip": true, "Page": 0, "Path": "//Document/Sect/Reference[2]/Figure/Reference", "Text": "\uf09e ", "TextSize": 10.0}, {"Bounds": [48.1015625, 571.9199829101562, 133.99998474121094, 586.9199829101562], "ClipBounds": [48.1015625, 571.9199829101562, 133.99998474121094, 586.9199829101562], "Font": {"alt_family_name": "Font Awesome 5 Pro", "embedded": true, "encoding": "Identity-H", "family_name": "Font Awesome 5 Pro", "font_type": "CIDFontType2", "italic": false, "monospaced": false, "name": "EAAAAA+FontAwesome5Pro-Solid", "subset": true, "weight": 400}, "HasClip": true, "Page": 0, "Path": "//Document/Sect/Reference[2]/Figure", "Text": "\uf02f\uf0e0", "TextSize": 10.0, "attributes": {"BBox": [48.237999999999374, 574.2109999999811, 131.27499999999418, 584.5299999999988], "Placement": "Block", "SpaceAfter": 9.875}}, {"Bounds": [88.99998474121094, 554.4199829101562, 103.99998474121094, 569.4200439453125], "ClipBounds": [88.99998474121094, 554.4199829101562, 103.99998474121094, 569.4200439453125], "Page": 0, "Path": "//Document/Sect/Figure", "attributes": {"BBox": [92.75619999999981, 557.4119999999821, 100.19599999999991, 564.3709999999846], "Placement": "Block"}}, {"Bounds": [88.99998474121094, 554.4199829101562, 103.99998474121094, 569.4200439453125], "ClipBounds": [88.99998474121094, 554.4199829101562, 103.99998474121094, 569.4200439453125], "Font": {"alt_family_name": "Font Awesome 5 Pro", "embedded": true, "encoding": "Identity-H", "family_name": "Font Awesome 5 Pro", "font_type": "CIDFontType2", "italic": false, "monospaced": false, "name": "EAAAAA+FontAwesome5Pro-Solid", "subset": true, "weight": 400}, "HasClip": true, "Page": 0, "Path": "//Document/Sect/Figure/Reference", "Text": "\uf1c1 ", "TextSize": 10.0}, {"Bounds": [36.0, 482.96788024902344, 557.7154235839844, 534.6887512207031], "ClipBounds": [36.0, 482.96788024902344, 557.7154235839844, 534.6887512207031], "Font": {"alt_family_name": "IBM Plex Sans", "embedded": true, "encoding": "Identity-H", "family_name": "IBM Plex Sans", "font_type": "CIDFontType2", "italic": false, "monospaced": false, "name": "DAAAAA+IBMPlexSans", "subset": true, "weight": 400}, "HasClip": true, "Lang": "en", "Page": 0, "Path": "//Document/Sect/P[3]", "Text": "London, 18th May 2022 \u2013 A global study from IBM (NYSE: IBM) has revealed UK businesses are not progressing their use of artificial intelligence (AI) at the same pace as other major European nations. Around a third of UK respondents said their company had accelerated their rollout of AI in the past two years, compared with a European average of 49%. More than a third (36%) of UK companies surveyed had also stalled their AI investment in that period, versus 27% across Europe. ", "TextSize": 8.0, "attributes": {"SpaceAfter": 7.5}}, {"Bounds": [36.0, 449.4679718017578, 554.1840209960938, 473.3719787597656], "ClipBounds": [36.0, 449.4679718017578, 554.1840209960938, 473.3719787597656], "Font": {"alt_family_name": "IBM Plex Sans", "embedded": true, "encoding": "Identity-H", "family_name": "IBM Plex Sans", "font_type": "CIDFontType2", "italic": false, "monospaced": false, "name": "DAAAAA+IBMPlexSans", "subset": true, "weight": 400}, "HasClip": true, "Lang": "en", "Page": 0, "Path": "//Document/Sect/P[4]", "Text": "The data revealed that Italian and Spanish businesses are leaping ahead of their neighbours in leveraging AI, with 57% and 56% respectively saying they have increased their use of AI in the past two years. Other European economies surveyed include France (49%) and Germany (46%). ", "TextSize": 8.0, "attributes": {"SpaceAfter": 7.5}}, {"Bounds": [36.0, 402.9679718017578, 559.7520141601562, 439.8719787597656], "ClipBounds": [36.0, 402.9679718017578, 559.7520141601562, 439.8719787597656], "Font": {"alt_family_name": "IBM Plex Sans", "embedded": true, "encoding": "Identity-H", "family_name": "IBM Plex Sans", "font_type": "CIDFontType2", "italic": false, "monospaced": false, "name": "DAAAAA+IBMPlexSans", "subset": true, "weight": 400}, "HasClip": true, "Lang": "en", "Page": 0, "Path": "//Document/Sect/P[5]", "Text": "The findings from the IBM Global AI Adoption Index, conducted by Morning Consult in April 2022, reveal that a shortage of skills is the top barrier to UK businesses leveraging AI. The skills gap was cited by 38% of UK respondents as the key inhibitor to AI adoption, compared with 28% across Europe and only 24% in France. ", "TextSize": 8.0, "attributes": {"SpaceAfter": 7.375}}, {"Bounds": [36.0, 369.4679718017578, 541.1556243896484, 393.3719787597656], "ClipBounds": [36.0, 369.4679718017578, 541.1556243896484, 393.3719787597656], "Font": {"alt_family_name": "IBM Plex Sans", "embedded": true, "encoding": "Identity-H", "family_name": "IBM Plex Sans", "font_type": "CIDFontType2", "italic": false, "monospaced": false, "name": "DAAAAA+IBMPlexSans", "subset": true, "weight": 400}, "HasClip": true, "Lang": "en", "Page": 0, "Path": "//Document/Sect/P[6]", "Text": "A different (<https://uk.newsroom.ibm.com/2022-04-25-Europes-Tech-Sector-Significantly-Disadvantaged-by-an-AI-Skills-Shortage-Reveals-New-IBM-Research>)IBM study conducted earlier this year revealed the most sought-after, but hard to find, AI skills for UK employers include problem-solving, software engineering and knowledge of programming languages. ", "TextSize": 8.0, "attributes": {"SpaceAfter": 7.5}}, {"Bounds": [35.99980163574219, 322.9679718017578, 557.6878204345703, 359.8719787597656], "ClipBounds": [35.99980163574219, 322.9679718017578, 557.6878204345703, 359.8719787597656], "Font": {"alt_family_name": "IBM Plex Sans", "embedded": true, "encoding": "Identity-H", "family_name": "IBM Plex Sans", "font_type": "CIDFontType2", "italic": false, "monospaced": false, "name": "DAAAAA+IBMPlexSans", "subset": true, "weight": 400}, "HasClip": true, "Lang": "en", "Page": 0, "Path": "//Document/Sect/P[7]", "Text": "However, data from the AI Adoption Index suggests a significant proportion of UK companies are planning to use AI applications to address the shortage of labour and skills. Just over 40% plan to use AI to retrain their workforce \u2013 the second highest priority for AI investment after research & development \u2013 while 59% plan to use AI automation tools to reduce manual or repetitive tasks. ", "TextSize": 8.0, "attributes": {"SpaceAfter": 7.5}}, {"Bounds": [36.0, 276.4679718017578, 549.0080108642578, 313.3719787597656], "ClipBounds": [36.0, 276.4679718017578, 549.0080108642578, 313.3719787597656], "Font": {"alt_family_name": "IBM Plex Sans", "embedded": true, "encoding": "Identity-H", "family_name": "IBM Plex Sans", "font_type": "CIDFontType2", "italic": false, "monospaced": false, "name": "DAAAAA+IBMPlexSans", "subset": true, "weight": 400}, "HasClip": true, "Lang": "en", "Page": 0, "Path": "//Document/Sect/P[8]", "Text": "The findings also indicate the UK could be catching up with its neighbours as businesses emerge from the pandemic. The UK narrowly had the highest proportion of companies that were exploring using AI (47%). A majority (85%) of UK respondents also said their companies either have some kind of AI strategy or are developing one \u2013 only slightly behind the Europe average of 89%. ", "TextSize": 8.0, "attributes": {"SpaceAfter": 7.5}}, {"Bounds": [36.0, 229.91998291015625, 556.8800201416016, 266.8719787597656], "ClipBounds": [36.0, 229.91998291015625, 556.8800201416016, 266.8719787597656], "Font": {"alt_family_name": "IBM Plex Sans", "embedded": true, "encoding": "Identity-H", "family_name": "IBM Plex Sans", "font_type": "CIDFontType2", "italic": false, "monospaced": false, "name": "DAAAAA+IBMPlexSans", "subset": true, "weight": 400}, "HasClip": true, "Lang": "en", "Page": 0, "Path": "//Document/Sect/P[9]", "Text": "The findings come as the UK government pursues its National AI Strategy, launched in September 2021, which aims to nurture the country\u2019s AI ecosystem and transition to an AI-enabled economy. The UK is ranked third globally for private investment into AI companies and home to a third of Europe\u2019s total AI businesses.(<applewebdata://4A6CF071-E9B8-46B0-9E86-3E4748F3541F#_ftn1>)[1] ", "TextSize": 8.0, "attributes": {"SpaceAfter": 7.5}}, {"Bounds": [36.0, 183.4679718017578, 551.1760101318359, 220.5479736328125], "ClipBounds": [36.0, 183.4679718017578, 551.1760101318359, 220.5479736328125], "Font": {"alt_family_name": "IBM Plex Sans", "embedded": true, "encoding": "Identity-H", "family_name": "IBM Plex Sans", "font_type": "CIDFontType2", "italic": false, "monospaced": false, "name": "FAAAAA+IBMPlexSans-SmBld", "subset": true, "weight": 400}, "HasClip": true, "Lang": "en", "Page": 0, "Path": "//Document/Sect/P[10]", "Text": "Commenting on the data, Ebru Binboga, Director of Data, AI & Automation, IBM UK & Ireland said: \u201cNearly three-quarters of UK businesses surveyed in the IBM Global AI Adoption Index said they are either exploring the use of AI or are actively deploying it in their operations. There is clear recognition of the value AI can bring to organisations as they look to address a range of priorities and unlock growth. ", "TextSize": 8.0, "attributes": {"SpaceAfter": 7.5}}, {"Bounds": [36.0, 136.9679718017578, 547.5440216064453, 173.87196350097656], "ClipBounds": [36.0, 136.9679718017578, 547.5440216064453, 173.87196350097656], "Font": {"alt_family_name": "IBM Plex Sans", "embedded": true, "encoding": "Identity-H", "family_name": "IBM Plex Sans", "font_type": "CIDFontType2", "italic": false, "monospaced": false, "name": "DAAAAA+IBMPlexSans", "subset": true, "weight": 400}, "HasClip": true, "Lang": "en", "Page": 0, "Path": "//Document/Sect/P[11]", "Text": "\u201cThe findings reveal that companies in the UK, and around the world, are investing in AI capabilities to help them overcome challenges such as skills and labour shortages and accelerate innovation. We\u2019re also seeing a large proportion of UK businesses looking to AI to help them meet ambitious sustainability targets, highlighting the important role AI is playing both for organisations and society at large.\u201d ", "TextSize": 8.0, "attributes": {"SpaceAfter": 10.875}}, {"Bounds": [36.0, 116.29196166992188, 193.16790771484375, 127.5479736328125], "ClipBounds": [36.0, 116.29196166992188, 193.16790771484375, 127.5479736328125], "Font": {"alt_family_name": "IBM Plex Sans", "embedded": true, "encoding": "Identity-H", "family_name": "IBM Plex Sans", "font_type": "CIDFontType2", "italic": false, "monospaced": false, "name": "FAAAAA+IBMPlexSans-SmBld", "subset": true, "weight": 400}, "HasClip": true, "Lang": "en", "Page": 0, "Path": "//Document/Sect/P[12]", "Text": "Other key findings from the study include: ", "TextSize": 8.0, "attributes": {"LineHeight": 9.625, "SpaceAfter": 10.875}}, {"Bounds": [36.0, 95.79196166992188, 182.36801147460938, 107.0479736328125], "ClipBounds": [36.0, 95.79196166992188, 182.36801147460938, 107.0479736328125], "Font": {"alt_family_name": "IBM Plex Sans", "embedded": true, "encoding": "Identity-H", "family_name": "IBM Plex Sans", "font_type": "CIDFontType2", "italic": false, "monospaced": false, "name": "FAAAAA+IBMPlexSans-SmBld", "subset": true, "weight": 400}, "HasClip": true, "Lang": "en", "Page": 0, "Path": "//Document/Sect/P[13]", "Text": "Addressing sustainability goals with AI ", "TextSize": 8.0, "attributes": {"LineHeight": 9.625, "SpaceAfter": 15.375}}, {"Bounds": [44.875, 70.29493713378906, 47.625, 73.04493713378906], "ClipBounds": [44.875, 70.29493713378906, 47.625, 73.04493713378906], "Page": 0, "Path": "//Document/Sect/L[2]/LI/Lbl/Figure", "attributes": {"BBox": [44.9982, 70.35139999999956, 47.6380999999983, 72.99129999999786], "Placement": "Block"}}, {"Bounds": [53.5, 54.46797180175781, 534.02001953125, 78.37196350097656], "ClipBounds": [53.5, 54.46797180175781, 534.02001953125, 78.37196350097656], "Font": {"alt_family_name": "IBM Plex Sans", "embedded": true, "encoding": "Identity-H", "family_name": "IBM Plex Sans", "font_type": "CIDFontType2", "italic": false, "monospaced": false, "name": "DAAAAA+IBMPlexSans", "subset": true, "weight": 400}, "HasClip": true, "Page": 0, "Path": "//Document/Sect/L[2]/LI/LBody", "Text": "58% of UK companies surveyed are either executing (31%) or planning to apply AI (27%) to help meet their environmental, social and governance (ESG) goals. ", "TextSize": 8.0}, {"Bounds": [36.0, 744.2919921875, 161.60800170898438, 755.5479888916016], "ClipBounds": [36.0, 744.2919921875, 161.60800170898438, 755.5479888916016], "Font": {"alt_family_name": "IBM Plex Sans", "embedded": true, "encoding": "Identity-H", "family_name": "IBM Plex Sans", "font_type": "CIDFontType2", "italic": false, "monospaced": false, "name": "FAAAAA+IBMPlexSans-SmBld", "subset": true, "weight": 400}, "HasClip": true, "Lang": "en", "Page": 1, "Path": "//Document/Sect[2]/H1", "Text": "The importance of trustworthy AI ", "TextSize": 8.0, "attributes": {"LineHeight": 9.625, "SpaceAfter": 18}}, {"Bounds": [44.875, 718.7949523925781, 47.625, 721.5449523925781], "ClipBounds": [44.875, 718.7949523925781, 47.625, 721.5449523925781], "Page": 1, "Path": "//Document/Sect[2]/L/LI/Lbl/Figure", "attributes": {"BBox": [44.9982, 718.804999999993, 47.6380999999983, 721.4449999999779]}}, {"Bounds": [53.5, 715.9679870605469, 507.38002014160156, 726.8719940185547], "ClipBounds": [53.5, 715.9679870605469, 507.38002014160156, 726.8719940185547], "Font": {"alt_family_name": "IBM Plex Sans", "embedded": true, "encoding": "Identity-H", "family_name": "IBM Plex Sans", "font_type": "CIDFontType2", "italic": false, "monospaced": false, "name": "DAAAAA+IBMPlexSans", "subset": true, "weight": 400}, "HasClip": true, "Page": 1, "Path": "//Document/Sect[2]/L/LI/LBody", "Text": "71% of UK companies surveyed said that being able to explain how their AI arrived at decisions is important for their business. ", "TextSize": 8.0}, {"Bounds": [44.875, 702.2949523925781, 47.625, 705.0449523925781], "ClipBounds": [44.875, 702.2949523925781, 47.625, 705.0449523925781], "Page": 1, "Path": "//Document/Sect[2]/L/LI[2]/Lbl/Figure", "attributes": {"BBox": [44.9982, 702.36599999998, 47.6380999999983, 704.8859999999986], "Placement": "Block"}}, {"Bounds": [53.5, 686.4679870605469, 536.6600189208984, 710.3719940185547], "ClipBounds": [53.5, 686.4679870605469, 536.6600189208984, 710.3719940185547], "Font": {"alt_family_name": "IBM Plex Sans", "embedded": true, "encoding": "Identity-H", "family_name": "IBM Plex Sans", "font_type": "CIDFontType2", "italic": false, "monospaced": false, "name": "DAAAAA+IBMPlexSans", "subset": true, "weight": 400}, "HasClip": true, "Page": 1, "Path": "//Document/Sect[2]/L/LI[2]/LBody", "Text": "82% of UK respondents believe consumers are more likely to choose the services of a company that offers transparency and an ethical framework for how its data and AI models are built, managed and used. ", "TextSize": 8.0}, {"Bounds": [44.875, 672.7949523925781, 47.625, 675.5449523925781], "ClipBounds": [44.875, 672.7949523925781, 47.625, 675.5449523925781], "Page": 1, "Path": "//Document/Sect[2]/L/LI[3]/Lbl/Figure", "attributes": {"BBox": [44.9982, 672.8469999999797, 47.6380999999983, 675.4869999999937], "Placement": "Block"}}, {"Bounds": [53.499908447265625, 656.9679870605469, 559.6279144287109, 680.8719940185547], "ClipBounds": [53.499908447265625, 656.9679870605469, 559.6279144287109, 680.8719940185547], "Font": {"alt_family_name": "IBM Plex Sans", "embedded": true, "encoding": "Identity-H", "family_name": "IBM Plex Sans", "font_type": "CIDFontType2", "italic": false, "monospaced": false, "name": "DAAAAA+IBMPlexSans", "subset": true, "weight": 400}, "HasClip": true, "Page": 1, "Path": "//Document/Sect[2]/L/LI[3]/LBody", "Text": "However, the findings suggest a majority of UK businesses have not taken key steps to ensure their AI is trustworthy and responsible, such as reducing bias (71%), tracking performance variations/model drift (72%), and making sure they can explain AI-powered decisions (64%). ", "TextSize": 8.0}, {"Bounds": [36.0, 611.7919921875, 132.60000610351562, 623.0479888916016], "ClipBounds": [36.0, 611.7919921875, 132.60000610351562, 623.0479888916016], "Font": {"alt_family_name": "IBM Plex Sans", "embedded": true, "encoding": "Identity-H", "family_name": "IBM Plex Sans", "font_type": "CIDFontType2", "italic": false, "monospaced": false, "name": "FAAAAA+IBMPlexSans-SmBld", "subset": true, "weight": 400}, "HasClip": true, "Lang": "en", "Page": 1, "Path": "//Document/Sect[3]/H1", "Text": "Supporting the workforce ", "TextSize": 8.0, "attributes": {"LineHeight": 9.625, "SpaceAfter": 15.375}}, {"Bounds": [44.875, 586.2949523925781, 47.625, 589.0449523925781], "ClipBounds": [44.875, 586.2949523925781, 47.625, 589.0449523925781], "Page": 1, "Path": "//Document/Sect[3]/L/LI/Lbl/Figure", "attributes": {"BBox": [44.9982, 586.3299999999872, 47.6380999999983, 588.9699999999721], "Placement": "Block"}}, {"Bounds": [53.5, 570.4679870605469, 537.7320251464844, 594.3719787597656], "ClipBounds": [53.5, 570.4679870605469, 537.7320251464844, 594.3719787597656], "Font": {"alt_family_name": "IBM Plex Sans", "embedded": true, "encoding": "Identity-H", "family_name": "IBM Plex Sans", "font_type": "CIDFontType2", "italic": false, "monospaced": false, "name": "DAAAAA+IBMPlexSans", "subset": true, "weight": 400}, "HasClip": true, "Page": 1, "Path": "//Document/Sect[3]/L/LI/LBody", "Text": "UK companies say AI is helping them address labour and skills shortages by automating repetitive and manual tasks (59%), supporting learning and training (45%), and improving recruitment and HR processes (42%). ", "TextSize": 8.0}, {"Bounds": [36.0, 525.2919769287109, 155.82400512695312, 536.5479888916016], "ClipBounds": [36.0, 525.2919769287109, 155.82400512695312, 536.5479888916016], "Font": {"alt_family_name": "IBM Plex Sans", "embedded": true, "encoding": "Identity-H", "family_name": "IBM Plex Sans", "font_type": "CIDFontType2", "italic": false, "monospaced": false, "name": "FAAAAA+IBMPlexSans-SmBld", "subset": true, "weight": 400}, "HasClip": true, "Lang": "en", "Page": 1, "Path": "//Document/Sect[4]/H1", "Text": "Top use cases for AI in business ", "TextSize": 8.0, "attributes": {"LineHeight": 9.625, "SpaceAfter": 15.375}}, {"Bounds": [44.875, 499.7949523925781, 47.625, 502.5449523925781], "ClipBounds": [44.875, 499.7949523925781, 47.625, 502.5449523925781], "Page": 1, "Path": "//Document/Sect[4]/L/LI/Lbl/Figure", "attributes": {"BBox": [44.9982, 499.8139999999985, 47.6380999999983, 502.4539999999979], "Placement": "Block"}}, {"Bounds": [53.5, 483.9679870605469, 532.1560211181641, 507.8719787597656], "ClipBounds": [53.5, 483.9679870605469, 532.1560211181641, 507.8719787597656], "Font": {"alt_family_name": "IBM Plex Sans", "embedded": true, "encoding": "Identity-H", "family_name": "IBM Plex Sans", "font_type": "CIDFontType2", "italic": false, "monospaced": false, "name": "DAAAAA+IBMPlexSans", "subset": true, "weight": 400}, "HasClip": true, "Page": 1, "Path": "//Document/Sect[4]/L/LI/LBody", "Text": "UK businesses are using AI for a wide range of purposes. The most cited in the study include business analytics or intelligence (29%); automation of key IT processes (25%) or business processes (24%); supporting marketing & sales (23%); and fraud detection (22%). ", "TextSize": 8.0}, {"Bounds": [444.9374694824219, 461.35748291015625, 451.5624694824219, 467.98248291015625], "ClipBounds": [444.9374694824219, 461.35748291015625, 451.5624694824219, 467.98248291015625], "Page": 1, "Path": "//Document/Sect[4]/P/Figure", "attributes": {"BBox": [444.94199999999546, 461.29499999999825, 451.54199999998673, 467.8949999999895]}}, {"Bounds": [36.0, 459.419921875, 456.0978088378906, 470.3719787597656], "ClipBounds": [36.0, 459.419921875, 456.0978088378906, 470.3719787597656], "Font": {"alt_family_name": "IBM Plex Sans", "embedded": true, "encoding": "Identity-H", "family_name": "IBM Plex Sans", "font_type": "CIDFontType2", "italic": false, "monospaced": false, "name": "DAAAAA+IBMPlexSans", "subset": true, "weight": 400}, "HasClip": true, "Lang": "en", "Page": 1, "Path": "//Document/Sect[4]/P", "Text": "For the full findings of the IBM Global AI Adoption Index 2022, visit (<https://www.ibm.com/watson/resources/ai-adoption>)www.ibm.com/watson/resources/ai-adoption . ", "TextSize": 8.0, "attributes": {"LineHeight": 9.625, "SpaceAfter": 18}}, {"Bounds": [36.0, 418.29197692871094, 84.00799560546875, 429.5479736328125], "ClipBounds": [36.0, 418.29197692871094, 84.00799560546875, 429.5479736328125], "Font": {"alt_family_name": "IBM Plex Sans", "embedded": true, "encoding": "Identity-H", "family_name": "IBM Plex Sans", "font_type": "CIDFontType2", "italic": false, "monospaced": false, "name": "FAAAAA+IBMPlexSans-SmBld", "subset": true, "weight": 400}, "HasClip": true, "Lang": "en", "Page": 1, "Path": "//Document/Sect[5]/H1", "Text": "IBM Contact ", "TextSize": 8.0, "attributes": {"LineHeight": 9.625, "SpaceAfter": 3.5}}, {"Bounds": [36.0, 405.4679718017578, 95.56800842285156, 416.3719787597656], "ClipBounds": [36.0, 405.4679718017578, 95.56800842285156, 416.3719787597656], "Font": {"alt_family_name": "IBM Plex Sans", "embedded": true, "encoding": "Identity-H", "family_name": "IBM Plex Sans", "font_type": "CIDFontType2", "italic": false, "monospaced": false, "name": "DAAAAA+IBMPlexSans", "subset": true, "weight": 400}, "HasClip": true, "Lang": "en", "Page": 1, "Path": "//Document/Sect[5]/P", "Text": "Gregor Hastings ", "TextSize": 8.0, "attributes": {"LineHeight": 9.625, "SpaceAfter": 3.375}}, {"Bounds": [36.0, 392.4679718017578, 118.85600280761719, 403.3719787597656], "ClipBounds": [36.0, 392.4679718017578, 118.85600280761719, 403.3719787597656], "Font": {"alt_family_name": "IBM Plex Sans", "embedded": true, "encoding": "Identity-H", "family_name": "IBM Plex Sans", "font_type": "CIDFontType2", "italic": false, "monospaced": false, "name": "DAAAAA+IBMPlexSans", "subset": true, "weight": 400}, "HasClip": true, "Lang": "en", "Page": 1, "Path": "//Document/Sect[5]/P[2]", "Text": "UKI External Relations ", "TextSize": 8.0, "attributes": {"LineHeight": 9.625, "SpaceAfter": 3.375}}, {"Bounds": [36.0, 379.4679718017578, 134.6800079345703, 390.3719787597656], "ClipBounds": [36.0, 379.4679718017578, 134.6800079345703, 390.3719787597656], "Font": {"alt_family_name": "IBM Plex Sans", "embedded": true, "encoding": "Identity-H", "family_name": "IBM Plex Sans", "font_type": "CIDFontType2", "italic": false, "monospaced": false, "name": "DAAAAA+IBMPlexSans", "subset": true, "weight": 400}, "HasClip": true, "Lang": "en", "Page": 1, "Path": "//Document/Sect[5]/P[3]", "Text": "Gregor.Hastings@IBM.com ", "TextSize": 8.0, "attributes": {"LineHeight": 9.625, "SpaceAfter": 18}}, {"Bounds": [287.57810974121094, 338.4679718017578, 309.9141082763672, 349.3719787597656], "ClipBounds": [287.57810974121094, 338.4679718017578, 309.9141082763672, 349.3719787597656], "Font": {"alt_family_name": "IBM Plex Sans", "embedded": true, "encoding": "Identity-H", "family_name": "IBM Plex Sans", "font_type": "CIDFontType2", "italic": false, "monospaced": false, "name": "DAAAAA+IBMPlexSans", "subset": true, "weight": 400}, "HasClip": true, "Lang": "en", "Page": 1, "Path": "//Document/Sect[6]/H1", "Text": "ENDS ", "TextSize": 8.0, "attributes": {"LineHeight": 9.625, "TextAlign": "Center"}}, {"Bounds": [36.0, 297.29197692871094, 113.36799621582031, 329.0479736328125], "ClipBounds": [36.0, 297.29197692871094, 113.36799621582031, 329.0479736328125], "Font": {"alt_family_name": "IBM Plex Sans", "embedded": true, "encoding": "Identity-H", "family_name": "IBM Plex Sans", "font_type": "CIDFontType2", "italic": false, "monospaced": false, "name": "FAAAAA+IBMPlexSans-SmBld", "subset": true, "weight": 400}, "HasClip": true, "Lang": "en", "Page": 1, "Path": "//Document/Sect[6]/Sect/H2", "Text": "Notes to Editors Survey Methodology ", "TextSize": 8.0, "attributes": {"SpaceAfter": 7.5}}, {"Bounds": [36.0, 263.9679718017578, 556.4720153808594, 287.8719787597656], "ClipBounds": [36.0, 263.9679718017578, 556.4720153808594, 287.8719787597656], "Font": {"alt_family_name": "IBM Plex Sans", "embedded": true, "encoding": "Identity-H", "family_name": "IBM Plex Sans", "font_type": "CIDFontType2", "italic": false, "monospaced": false, "name": "DAAAAA+IBMPlexSans", "subset": true, "weight": 400}, "HasClip": true, "Lang": "en", "Page": 1, "Path": "//Document/Sect[6]/Sect/P", "Text": "The polling was conducted online through Morning Consult\u2019s proprietary network of online providers in April 2022. All respondents were required to have significant insight or input into their firm\u2019s IT decision-making. ", "TextSize": 8.0, "attributes": {"SpaceAfter": 10.875}}, {"Bounds": [36.0, 243.29197692871094, 291.29600524902344, 254.5479736328125], "ClipBounds": [36.0, 243.29197692871094, 291.29600524902344, 254.5479736328125], "Font": {"alt_family_name": "IBM Plex Sans", "embedded": true, "encoding": "Identity-H", "family_name": "IBM Plex Sans", "font_type": "CIDFontType2", "italic": false, "monospaced": false, "name": "FAAAAA+IBMPlexSans-SmBld", "subset": true, "weight": 400}, "HasClip": true, "Lang": "en", "Page": 1, "Path": "//Document/Sect[6]/Sect[2]/H2", "Text": "REPRESENTATIVE SAMPLE OF 7,502 BUSINESS DECISION-MAKERS ", "TextSize": 8.0, "attributes": {"LineHeight": 9.625, "SpaceAfter": 15.375}}, {"Bounds": [44.875, 217.7948760986328, 47.625, 220.5448760986328], "ClipBounds": [44.875, 217.7948760986328, 47.625, 220.5448760986328], "Page": 1, "Path": "//Document/Sect[6]/Sect[2]/L/LI/Lbl/Figure", "attributes": {"BBox": [44.9982, 217.8249999999971, 47.6380999999983, 220.4649999999965], "Placement": "Block"}}, {"Bounds": [53.5, 201.9679718017578, 372.3400115966797, 225.87197875976562], "ClipBounds": [53.5, 201.9679718017578, 372.3400115966797, 225.87197875976562], "Font": {"alt_family_name": "IBM Plex Sans", "embedded": true, "encoding": "Identity-H", "family_name": "IBM Plex Sans", "font_type": "CIDFontType2", "italic": false, "monospaced": false, "name": "DAAAAA+IBMPlexSans", "subset": true, "weight": 400}, "HasClip": true, "Page": 1, "Path": "//Document/Sect[6]/Sect[2]/L/LI/LBody", "Text": "500 in each country (United States, China, India, UAE, South Korea, Australia, Singapore, Canada, UK, Italy, Spain, France, Germany) ", "TextSize": 8.0}, {"Bounds": [44.875, 188.2948760986328, 47.625, 191.0448760986328], "ClipBounds": [44.875, 188.2948760986328, 47.625, 191.0448760986328], "Page": 1, "Path": "//Document/Sect[6]/Sect[2]/L/LI[2]/Lbl/Figure", "attributes": {"BBox": [44.9982, 188.30699999999342, 47.6380999999983, 190.94599999999627]}}, {"Bounds": [53.5, 185.4679718017578, 313.2840118408203, 196.37197875976562], "ClipBounds": [53.5, 185.4679718017578, 313.2840118408203, 196.37197875976562], "Font": {"alt_family_name": "IBM Plex Sans", "embedded": true, "encoding": "Identity-H", "family_name": "IBM Plex Sans", "font_type": "CIDFontType2", "italic": false, "monospaced": false, "name": "DAAAAA+IBMPlexSans", "subset": true, "weight": 400}, "HasClip": true, "Page": 1, "Path": "//Document/Sect[6]/Sect[2]/L/LI[2]/LBody", "Text": "1000 in Latin America ((Brazil, Mexico, Colombia, Argentina, Chile, Peru) ", "TextSize": 8.0}, {"Bounds": [44.875, 171.7948760986328, 47.625, 174.5448760986328], "ClipBounds": [44.875, 171.7948760986328, 47.625, 174.5448760986328], "Page": 1, "Path": "//Document/Sect[6]/Sect[2]/L/LI[3]/Lbl/Figure", "attributes": {"BBox": [44.9982, 171.86699999999837, 47.6380999999983, 174.5069999999978]}}, {"Bounds": [53.5, 168.9679718017578, 309.47601318359375, 179.87196350097656], "ClipBounds": [53.5, 168.9679718017578, 309.47601318359375, 179.87196350097656], "Font": {"alt_family_name": "IBM Plex Sans", "embedded": true, "encoding": "Identity-H", "family_name": "IBM Plex Sans", "font_type": "CIDFontType2", "italic": false, "monospaced": false, "name": "DAAAAA+IBMPlexSans", "subset": true, "weight": 400}, "HasClip": true, "Page": 1, "Path": "//Document/Sect[6]/Sect[2]/L/LI[3]/LBody", "Text": "Conducted online through MC\u2019s proprietary network of online providers ", "TextSize": 8.0}, {"Bounds": [36.0, 123.79196166992188, 288.67201232910156, 135.0479736328125], "ClipBounds": [36.0, 123.79196166992188, 288.67201232910156, 135.0479736328125], "Font": {"alt_family_name": "IBM Plex Sans", "embedded": true, "encoding": "Identity-H", "family_name": "IBM Plex Sans", "font_type": "CIDFontType2", "italic": false, "monospaced": false, "name": "FAAAAA+IBMPlexSans-SmBld", "subset": true, "weight": 400}, "HasClip": true, "Lang": "en", "Page": 1, "Path": "//Document/Sect[6]/Sect[3]/H2", "Text": "RESPONDENTS REPRESENTED A MIX OF SMALL AND LARGE FIRMS ", "TextSize": 8.0, "attributes": {"LineHeight": 9.625, "SpaceAfter": 18}}, {"Bounds": [44.875, 98.29487609863281, 47.625, 101.04487609863281], "ClipBounds": [44.875, 98.29487609863281, 47.625, 101.04487609863281], "Page": 1, "Path": "//Document/Sect[6]/Sect[3]/L/LI/Lbl/Figure", "attributes": {"BBox": [44.9982, 98.3101999999999, 47.6380999999983, 100.94999999999709]}}, {"Bounds": [53.5, 95.46797180175781, 309.5799102783203, 106.37196350097656], "ClipBounds": [53.5, 95.46797180175781, 309.5799102783203, 106.37196350097656], "Font": {"alt_family_name": "IBM Plex Sans", "embedded": true, "encoding": "Identity-H", "family_name": "IBM Plex Sans", "font_type": "CIDFontType2", "italic": false, "monospaced": false, "name": "DAAAAA+IBMPlexSans", "subset": true, "weight": 400}, "HasClip": true, "Page": 1, "Path": "//Document/Sect[6]/Sect[3]/L/LI/LBody", "Text": "32% of respondents came from firms with more than 1,000 employees ", "TextSize": 8.0}, {"Bounds": [44.875, 81.79486083984375, 47.625, 84.54486083984375], "ClipBounds": [44.875, 81.79486083984375, 47.625, 84.54486083984375], "Page": 1, "Path": "//Document/Sect[6]/Sect[3]/L/LI[2]/Lbl/Figure", "attributes": {"BBox": [44.9982, 81.87089999999807, 47.6380999999983, 84.51079999999638]}}, {"Bounds": [53.5, 78.96797180175781, 335.6759033203125, 89.87196350097656], "ClipBounds": [53.5, 78.96797180175781, 335.6759033203125, 89.87196350097656], "Font": {"alt_family_name": "IBM Plex Sans", "embedded": true, "encoding": "Identity-H", "family_name": "IBM Plex Sans", "font_type": "CIDFontType2", "italic": false, "monospaced": false, "name": "DAAAAA+IBMPlexSans", "subset": true, "weight": 400}, "HasClip": true, "Page": 1, "Path": "//Document/Sect[6]/Sect[3]/L/LI[2]/LBody", "Text": "27% of respondents came from firms with between 251 and 1,000 employees ", "TextSize": 8.0}, {"Bounds": [44.875, 65.29486083984375, 47.625, 68.04486083984375], "ClipBounds": [44.875, 65.29486083984375, 47.625, 68.04486083984375], "Page": 1, "Path": "//Document/Sect[6]/Sect[3]/L/LI[3]/Lbl/Figure", "attributes": {"BBox": [44.9982, 65.31159999999727, 47.6380999999983, 67.95149999999921]}}, {"Bounds": [53.5, 62.46797180175781, 220.77191162109375, 73.37196350097656], "ClipBounds": [53.5, 62.46797180175781, 220.77191162109375, 73.37196350097656], "Font": {"alt_family_name": "IBM Plex Sans", "embedded": true, "encoding": "Identity-H", "family_name": "IBM Plex Sans", "font_type": "CIDFontType2", "italic": false, "monospaced": false, "name": "DAAAAA+IBMPlexSans", "subset": true, "weight": 400}, "HasClip": true, "Page": 1, "Path": "//Document/Sect[6]/Sect[3]/L/LI[3]/LBody", "Text": "20% came from firms with 51-250 employees ", "TextSize": 8.0}, {"Bounds": [44.875, 48.79486083984375, 47.625, 51.54486083984375], "ClipBounds": [44.875, 48.79486083984375, 47.625, 51.54486083984375], "Page": 1, "Path": "//Document/Sect[6]/Sect[3]/L/LI[4]/Lbl/Figure", "attributes": {"BBox": [44.9982, 48.872299999999086, 47.6380999999983, 51.51209999999992]}}, {"Bounds": [53.5, 45.96797180175781, 267.0360107421875, 56.87196350097656], "ClipBounds": [53.5, 45.96797180175781, 267.0360107421875, 56.87196350097656], "Font": {"alt_family_name": "IBM Plex Sans", "embedded": true, "encoding": "Identity-H", "family_name": "IBM Plex Sans", "font_type": "CIDFontType2", "italic": false, "monospaced": false, "name": "DAAAAA+IBMPlexSans", "subset": true, "weight": 400}, "HasClip": true, "Page": 1, "Path": "//Document/Sect[6]/Sect[3]/L/LI[4]/LBody", "Text": "21% came from smaller businesses (50 employees or less) ", "TextSize": 8.0}, {"Bounds": [36.0, 757.2920837402344, 234.00001525878906, 768.548095703125], "ClipBounds": [36.0, 757.2920837402344, 234.00001525878906, 768.548095703125], "Font": {"alt_family_name": "IBM Plex Sans", "embedded": true, "encoding": "Identity-H", "family_name": "IBM Plex Sans", "font_type": "CIDFontType2", "italic": false, "monospaced": false, "name": "FAAAAA+IBMPlexSans-SmBld", "subset": true, "weight": 400}, "HasClip": true, "Lang": "en", "Page": 2, "Path": "//Document/Sect[6]/Sect[4]/H2", "Text": "RESPONDENTS REPRESENTED A MIX OF SENIORITY ", "TextSize": 8.0, "attributes": {"LineHeight": 9.625, "SpaceAfter": 18}}, {"Bounds": [44.875, 731.7950897216797, 47.625, 734.5450897216797], "ClipBounds": [44.875, 731.7950897216797, 47.625, 734.5450897216797], "Page": 2, "Path": "//Document/Sect[6]/Sect[4]/L/LI/Lbl/Figure", "attributes": {"BBox": [44.9982, 731.7639999999956, 47.6380999999983, 734.4039999999804]}}, {"Bounds": [53.5, 728.9680938720703, 352.7640075683594, 739.8720855712891], "ClipBounds": [53.5, 728.9680938720703, 352.7640075683594, 739.8720855712891], "Font": {"alt_family_name": "IBM Plex Sans", "embedded": true, "encoding": "Identity-H", "family_name": "IBM Plex Sans", "font_type": "CIDFontType2", "italic": false, "monospaced": false, "name": "DAAAAA+IBMPlexSans", "subset": true, "weight": 400}, "HasClip": true, "Page": 2, "Path": "//Document/Sect[6]/Sect[4]/L/LI/LBody", "Text": "One-quarter of the sample was at a VP level or above (including C-suite executives) ", "TextSize": 8.0}, {"Bounds": [44.875, 715.2950897216797, 47.625, 718.0450897216797], "ClipBounds": [44.875, 715.2950897216797, 47.625, 718.0450897216797], "Page": 2, "Path": "//Document/Sect[6]/Sect[4]/L/LI[2]/Lbl/Figure", "attributes": {"BBox": [44.9982, 715.3249999999825, 47.6380999999983, 717.9649999999965], "Placement": "Block"}}, {"Bounds": [53.49969482421875, 699.4680938720703, 543.5477142333984, 723.3720855712891], "ClipBounds": [53.49969482421875, 699.4680938720703, 543.5477142333984, 723.3720855712891], "Font": {"alt_family_name": "IBM Plex Sans", "embedded": true, "encoding": "Identity-H", "family_name": "IBM Plex Sans", "font_type": "CIDFontType2", "italic": false, "monospaced": false, "name": "DAAAAA+IBMPlexSans", "subset": true, "weight": 400}, "HasClip": true, "Page": 2, "Path": "//Document/Sect[6]/Sect[4]/L/LI[2]/LBody", "Text": "The remainder represented a mix of directors and senior manager-level employees with close knowledge or authority in their firm\u2019s IT/AI practices ", "TextSize": 8.0}, {"Bounds": [208.375, 661.2950897216797, 209.125, 662.0450897216797], "ClipBounds": [208.375, 661.2950897216797, 209.125, 662.0450897216797], "Page": 2, "Path": "//Document/Sect[6]/Sect[4]/Figure", "attributes": {"BBox": [208.43199999999342, 661.3269999999902, 209.15099999999802, 661.926999999996], "Placement": "Block"}}, {"Bounds": [406.43748474121094, 647.8576354980469, 413.06248474121094, 654.4826354980469], "ClipBounds": [406.43748474121094, 647.8576354980469, 413.06248474121094, 654.4826354980469], "Page": 2, "Path": "//Document/Sect[6]/Sect[4]/P/Reference[2]/Figure", "attributes": {"BBox": [406.4229999999952, 647.7679999999818, 413.1429999999964, 654.487999999983]}}, {"Bounds": [36.0, 645.920166015625, 413.49993896484375, 656.8720855712891], "ClipBounds": [36.0, 645.920166015625, 413.49993896484375, 656.8720855712891], "Font": {"alt_family_name": "IBM Plex Sans", "embedded": true, "encoding": "Identity-H", "family_name": "IBM Plex Sans", "font_type": "CIDFontType2", "italic": false, "monospaced": false, "name": "DAAAAA+IBMPlexSans", "subset": true, "weight": 400}, "HasClip": true, "Lang": "en", "Page": 2, "Path": "//Document/Sect[6]/Sect[4]/P/Reference", "Text": "(<applewebdata://4A6CF071-E9B8-46B0-9E86-3E4748F3541F#_ftnref1>)[1] (<https://www.gov.uk/government/news/new-ten-year-plan-to-make-britain-a-global-ai-superpower>)https://www.gov.uk/government/news/new-ten-year-plan-to-make-britain-a-global-ai-superpower ", "TextSize": 8.0, "attributes": {"LineHeight": 9.625, "SpaceAfter": 18}}, {"Bounds": [44.0, 609.4201049804688, 112.57600402832031, 620.8720855712891], "ClipBounds": [44.0, 609.4201049804688, 112.57600402832031, 620.8720855712891], "Font": {"alt_family_name": "IBM Plex Sans", "embedded": true, "encoding": "Identity-H", "family_name": "IBM Plex Sans", "font_type": "CIDFontType2", "italic": false, "monospaced": false, "name": "DAAAAA+IBMPlexSans", "subset": true, "weight": 400}, "HasClip": true, "Lang": "en", "Page": 2, "Path": "//Document/Sect[6]/Sect[4]/P[2]/Reference", "Text": "(<https://uk.newsroom.ibm.com/subscribe>)Subscribe to email ", "TextSize": 8.0, "attributes": {"LineHeight": 9.625, "SpaceAfter": 17.125}}, {"Bounds": [36.0, 581.5260772705078, 118.0260009765625, 594.1890869140625], "ClipBounds": [36.0, 581.5260772705078, 118.0260009765625, 594.1890869140625], "Font": {"alt_family_name": "IBM Plex Sans", "embedded": true, "encoding": "Identity-H", "family_name": "IBM Plex Sans", "font_type": "CIDFontType2", "italic": false, "monospaced": false, "name": "FAAAAA+IBMPlexSans-SmBld", "subset": true, "weight": 400}, "HasClip": true, "Lang": "en", "Page": 2, "Path": "//Document/Sect[6]/Sect[4]/Sect/H3", "Text": "Release Categories ", "TextSize": 9.0, "attributes": {"SpaceAfter": 8.375}}, {"Bounds": [36.0, 563.920166015625, 127.99998474121094, 574.8720855712891], "ClipBounds": [36.0, 563.920166015625, 127.99998474121094, 574.8720855712891], "Font": {"alt_family_name": "IBM Plex Sans", "embedded": true, "encoding": "Identity-H", "family_name": "IBM Plex Sans", "font_type": "CIDFontType2", "italic": false, "monospaced": false, "name": "DAAAAA+IBMPlexSans", "subset": true, "weight": 400}, "HasClip": true, "Lang": "en", "Page": 2, "Path": "//Document/Sect[6]/Sect[4]/Sect/P/Reference", "Text": "(<https://uk.newsroom.ibm.com/announcements?category=775>)AI (<https://uk.newsroom.ibm.com/announcements?category=777>)Good Tech ", "TextSize": 8.0, "attributes": {"LineHeight": 9.625, "SpaceAfter": 12.25}}, {"Bounds": [36.0, 540.5260772705078, 89.5050048828125, 553.1890869140625], "ClipBounds": [36.0, 540.5260772705078, 89.5050048828125, 553.1890869140625], "Font": {"alt_family_name": "IBM Plex Sans", "embedded": true, "encoding": "Identity-H", "family_name": "IBM Plex Sans", "font_type": "CIDFontType2", "italic": false, "monospaced": false, "name": "FAAAAA+IBMPlexSans-SmBld", "subset": true, "weight": 400}, "HasClip": true, "Lang": "en", "Page": 2, "Path": "//Document/Sect[6]/Sect[4]/Sect[2]/H3", "Text": "Latest News ", "TextSize": 9.0, "attributes": {"SpaceAfter": 15.875}}, {"Bounds": [36.0, 515.4680786132812, 86.4320068359375, 526.3720855712891], "ClipBounds": [36.0, 515.4680786132812, 86.4320068359375, 526.3720855712891], "Font": {"alt_family_name": "IBM Plex Sans", "embedded": true, "encoding": "Identity-H", "family_name": "IBM Plex Sans", "font_type": "CIDFontType2", "italic": false, "monospaced": false, "name": "DAAAAA+IBMPlexSans", "subset": true, "weight": 400}, "HasClip": true, "Lang": "en", "Page": 2, "Path": "//Document/Sect[6]/Sect[4]/Sect[2]/P", "Text": "Sep 20, 2023 ", "TextSize": 8.0, "attributes": {"LineHeight": 9.625, "SpaceAfter": 5}}, {"Bounds": [471.6669158935547, 500.3664855957031, 477.65724182128906, 513.8736877441406], "ClipBounds": [471.6669158935547, 500.3664855957031, 477.65724182128906, 513.8736877441406], "Font": {"alt_family_name": "IBM Plex Sans", "embedded": true, "encoding": "Identity-H", "family_name": "IBM Plex Sans", "font_type": "CIDFontType2", "italic": false, "monospaced": false, "name": "FAAAAA+IBMPlexSans-SmBld", "subset": true, "weight": 400}, "HasClip": true, "Page": 2, "Path": "//Document/Sect[6]/Sect[4]/Sect[2]/P[2]/Reference/DirectEntrySpan", "Text": "fi", "TextSize": 9.600006103515625}, {"Bounds": [35.99969482421875, 490.86248779296875, 510.0093231201172, 513.8736877441406], "ClipBounds": [35.99969482421875, 490.86248779296875, 510.0093231201172, 513.8736877441406], "Font": {"alt_family_name": "IBM Plex Sans", "embedded": true, "encoding": "Identity-H", "family_name": "IBM Plex Sans", "font_type": "CIDFontType2", "italic": false, "monospaced": false, "name": "FAAAAA+IBMPlexSans-SmBld", "subset": true, "weight": 400}, "HasClip": true, "Lang": "en", "Page": 2, "Path": "//Document/Sect[6]/Sect[4]/Sect[2]/P[2]/Reference", "Text": "(<https://uk.newsroom.ibm.com/2023-09-20-IBM-Brings-New-Capabilities-to-its-Sustainability-Software-to-Help-Organisations-Accurately-and-Efficiently-Operationalise-Scope-3-Greenhouse-Gas-Emissions-Insights>)IBM Brings New Capabilities to its Sustainability Software to Help Organisations Accurately and Efciently Operationalise Scope 3 Greenhouse Gas Emissions Insights ", "TextSize": 9.600006103515625, "attributes": {"LineHeight": 9.5, "SpaceAfter": 18}}, {"Bounds": [36.0, 459.46807861328125, 86.4320068359375, 470.37208557128906], "ClipBounds": [36.0, 459.46807861328125, 86.4320068359375, 470.37208557128906], "Font": {"alt_family_name": "IBM Plex Sans", "embedded": true, "encoding": "Identity-H", "family_name": "IBM Plex Sans", "font_type": "CIDFontType2", "italic": false, "monospaced": false, "name": "DAAAAA+IBMPlexSans", "subset": true, "weight": 400}, "HasClip": true, "Lang": "en", "Page": 2, "Path": "//Document/Sect[6]/Sect[4]/Sect[2]/P[3]", "Text": "Sep 13, 2023 ", "TextSize": 8.0, "attributes": {"LineHeight": 9.625, "SpaceAfter": 3}}, {"Bounds": [36.0, 444.3664855957031, 382.85760498046875, 457.87367248535156], "ClipBounds": [36.0, 444.3664855957031, 382.85760498046875, 457.87367248535156], "Font": {"alt_family_name": "IBM Plex Sans", "embedded": true, "encoding": "Identity-H", "family_name": "IBM Plex Sans", "font_type": "CIDFontType2", "italic": false, "monospaced": false, "name": "FAAAAA+IBMPlexSans-SmBld", "subset": true, "weight": 400}, "HasClip": true, "Lang": "en", "Page": 2, "Path": "//Document/Sect[6]/Sect[4]/Sect[2]/P[4]/Reference", "Text": "(<https://uk.newsroom.ibm.com/2023-09-15-IBM-Announced-as-Sponsor-of-2023-U-N-Climate-Change-Conference-COP28>)IBM Announced as Sponsor of 2023 U.N. Climate Change Conference (COP28) ", "TextSize": 9.600006103515625, "attributes": {"SpaceAfter": 18}}, {"Bounds": [36.0, 412.46807861328125, 86.64801025390625, 423.37208557128906], "ClipBounds": [36.0, 412.46807861328125, 86.64801025390625, 423.37208557128906], "Font": {"alt_family_name": "IBM Plex Sans", "embedded": true, "encoding": "Identity-H", "family_name": "IBM Plex Sans", "font_type": "CIDFontType2", "italic": false, "monospaced": false, "name": "DAAAAA+IBMPlexSans", "subset": true, "weight": 400}, "HasClip": true, "Lang": "en", "Page": 2, "Path": "//Document/Sect[6]/Sect[4]/Sect[2]/P[5]", "Text": "Aug 17, 2023 ", "TextSize": 8.0, "attributes": {"LineHeight": 9.625, "SpaceAfter": 3}}, {"Bounds": [36.0, 397.36647033691406, 484.8000183105469, 410.87367248535156], "ClipBounds": [36.0, 397.36647033691406, 484.8000183105469, 410.87367248535156], "Font": {"alt_family_name": "IBM Plex Sans", "embedded": true, "encoding": "Identity-H", "family_name": "IBM Plex Sans", "font_type": "CIDFontType2", "italic": false, "monospaced": false, "name": "FAAAAA+IBMPlexSans-SmBld", "subset": true, "weight": 400}, "HasClip": true, "Lang": "en", "Page": 2, "Path": "//Document/Sect[6]/Sect[4]/Sect[2]/P[6]/Reference", "Text": "(<https://uk.newsroom.ibm.com/2023-08-18-IBM-Consulting-Collaborates-with-Microsoft-to-Help-Companies-Accelerate-Adoption-of-Generative-AI>)IBM Consulting Collaborates with Microsoft to Help Companies Accelerate Adoption of Generative AI ", "TextSize": 9.600006103515625, "attributes": {"SpaceAfter": 18}}, {"Bounds": [44.0, 344.9200744628906, 112.57600402832031, 356.3720703125], "ClipBounds": [44.0, 344.9200744628906, 112.57600402832031, 356.3720703125], "Font": {"alt_family_name": "IBM Plex Sans", "embedded": true, "encoding": "Identity-H", "family_name": "IBM Plex Sans", "font_type": "CIDFontType2", "italic": false, "monospaced": false, "name": "DAAAAA+IBMPlexSans", "subset": true, "weight": 400}, "HasClip": true, "Lang": "en", "Page": 2, "Path": "//Document/Sect[6]/Sect[4]/Sect[2]/P[7]/Reference", "Text": "(<https://uk.newsroom.ibm.com/subscribe>)Subscribe to email ", "TextSize": 8.0, "attributes": {"LineHeight": 9.625, "SpaceAfter": 15.125}}, {"Bounds": [36.0, 319.0260772705078, 111.43800354003906, 331.68907165527344], "ClipBounds": [36.0, 319.0260772705078, 111.43800354003906, 331.68907165527344], "Font": {"alt_family_name": "IBM Plex Sans", "embedded": true, "encoding": "Identity-H", "family_name": "IBM Plex Sans", "font_type": "CIDFontType2", "italic": false, "monospaced": false, "name": "FAAAAA+IBMPlexSans-SmBld", "subset": true, "weight": 400}, "HasClip": true, "Lang": "en", "Page": 2, "Path": "//Document/Sect[6]/Sect[4]/Sect[3]/H3", "Text": "Additional Assets ", "TextSize": 9.0, "attributes": {"SpaceAfter": 18}}], "pages": [{"boxes": {"CropBox": [0.0, 0.0, 594.9599609375, 841.9199829101562], "MediaBox": [0.0, 0.0, 594.9599609375, 841.9199829101562]}, "height": 841.9199829101562, "is_scanned": false, "page_number": 0, "rotation": 0, "width": 594.9599609375}, {"boxes": {"CropBox": [0.0, 0.0, 594.9599609375, 841.9199829101562], "MediaBox": [0.0, 0.0, 594.9599609375, 841.9199829101562]}, "height": 841.9199829101562, "is_scanned": false, "page_number": 1, "rotation": 0, "width": 594.9599609375}, {"boxes": {"CropBox": [0.0, 0.0, 594.9599609375, 841.9199829101562], "MediaBox": [0.0, 0.0, 594.9599609375, 841.9199829101562]}, "height": 841.9199829101562, "is_scanned": false, "page_number": 2, "rotation": 0, "width": 594.9599609375}]}